filename,asset_id,title,artist,museum,asset_path,thumbnail_url,dominant_hex,dom_r,dom_g,dom_b,aspect_ratio,color_label,color_hex,color_r,color_g,color_b,color_value
HAElPPnYYlxEWA.jpg,HAElPPnYYlxEWA,Marxism Will Give Health to the Ill,Unknown,Museo Frida Kahlo,/asset/marxism-will-give-health-to-the-ill/HAElPPnYYlxEWA,https://lh3.googleusercontent.com/ci/AL18g_RrY2kssjovWjX3rwMfQn_LH5iFO7wsbKk9znN9VacuNAnmCXV3mB-tIUUigobynH6O4BmsprM=w128-h128-c,#e0ceb8,224,206,184,0.7927293,ORANGE,#FF9800,255,152,0,8
tAE_NMbUBjvoeA.jpg,tAE_NMbUBjvoeA,Helen of Troy,Evelyn De Morgan,De Morgan Collection,/asset/helen-of-troy-evelyn-de-morgan/tAE_NMbUBjvoeA,https://lh3.googleusercontent.com/ci/AL18g_RXzX6EiBYUBMCYTjnyNUNuuF0ouvCEaQ-6e8CnDQ5_lurGNrjIbgvzI0Mmf1qpL3v5oVQPFgU=w128-h128-c,#e0ceb8,224,206,184,0.48795968,ORANGE,#FF9800,255,152,0,8
VwGUHkHwLWn_dQ.jpg,VwGUHkHwLWn_dQ,Self-portrait with Monkey,Frida Kahlo,Museo Robert Brady,/asset/self-portrait-with-monkey-frida-kahlo/VwGUHkHwLWn_dQ,https://lh3.googleusercontent.com/ci/AL18g_RHKnp91dGeqnNfmT1kNBv268wi9QNixsQylADHtPN3BUOiqDvPNQ8_b7bwwBGEge5rgb57XA=w128-h128-c,#e0cab8,224,202,184,0.7200165,ORANGE,#FF9800,255,152,0,8
tAEXA7J3KuzQvQ.jpg,tAEXA7J3KuzQvQ,Brahmacharis,Amrita Sher-Gil,National Gallery of Modern Art,/asset/brahmacharis-amrita-sher-gil/tAEXA7J3KuzQvQ,https://lh3.googleusercontent.com/ci/AL18g_Q2avn67MSNgMno7x9pweSeSig3DAiOI7w7x1dxx4RpP-m2Jt5-Mmk1xs51pkXownPI_7lMbg=w128-h128-c,#e0cab8,224,202,184,1.703178,ORANGE,#FF9800,255,152,0,8
wwG2VQKUpTg_ig.jpg,wwG2VQKUpTg_ig,I Saw the Figure 5 in Gold,Charles Demuth,The Metropolitan Museum of Art,/asset/i-saw-the-figure-5-in-gold-charles-demuth/wwG2VQKUpTg_ig,https://lh3.googleusercontent.com/ci/AL18g_TBsMXAp0P_QvYXpkVhPvCCkT6RqA7g_xyvbB7yGHdehKJ0BlxJmWTMHXANHsHRYMC0PoNanA=w128-h128-c,#e0ceb8,224,206,184,0.82431483,ORANGE,#FF9800,255,152,0,8
RwEa4pd_7CZhnA.jpg,RwEa4pd_7CZhnA,Woman in front of Setting Sun,Caspar David Friedrich,Museum Folkwang,/asset/woman-in-front-of-setting-sun-caspar-david-friedrich/RwEa4pd_7CZhnA,https://lh3.googleusercontent.com/ci/AL18g_RfuUD_GGVEI6S9CmKeCVslDidSUcz5Jsf37cQR2X4MlsjJQG_B0FO3_BSdA62fc2m4OdaQHg=w128-h128-c,#e0c8b8,224,200,184,1.3868,ORANGE,#FF9800,255,152,0,8
5AE_9EuzQThEIA.jpg,5AE_9EuzQThEIA,Cymon and Iphigenia,Lord Frederic Leighton,Art Gallery of New South Wales,/asset/cymon-and-iphigenia-lord-frederic-leighton/5AE_9EuzQThEIA,https://lh3.googleusercontent.com/ci/AL18g_ScXFWP6NCpEedHVgeSl65BvkxmyFWF7vz4OwUT2us2H3FQQTY-9SZDKOhAAJC6YAnEJu7IvxQ=w128-h128-c,#e0c8b8,224,200,184,2.0242915,ORANGE,#FF9800,255,152,0,8
SgE6ovZy0s63wg.jpg,SgE6ovZy0s63wg,Ida Rubenstein,Unknown,The State Russian Museum,/asset/ida-rubenstein/SgE6ovZy0s63wg,https://lh3.googleusercontent.com/ci/AL18g_ThF6yupwZMR2E1WxWLUIyu12a2Ifg3ijfK4GUhPwRc9RdrmvKp0gEgCKg-6fx2jijw05ZGIzE=w128-h128-c,#e0d0b8,224,208,184,1.6212646,ORANGE,#FF9800,255,152,0,8
5QHNn00OTA2mXw.jpg,5QHNn00OTA2mXw,Dancers at the Barre,Hilaire-Germain-Edgar Degas,The Phillips Collection,/asset/dancers-at-the-barre-hilaire-germain-edgar-degas/5QHNn00OTA2mXw,https://lh3.googleusercontent.com/ci/AL18g_QoP5D6DQ7sXxmjYiUG4nCCuc79R0iPAYulohDDHXBtSK4PQXkYbR16pEoEWuARz_SZC3I2nQ=w128-h128-c,#e0cbb8,224,203,184,0.7550589,ORANGE,#FF9800,255,152,0,8
rAFDdZMZO122Hg.jpg,rAFDdZMZO122Hg,Street in Ávila [Ávila Landscape],Unknown,Museo Nacional de Arte,/asset/street-in-Ávila-Ávila-landscape/rAFDdZMZO122Hg,https://lh3.googleusercontent.com/ci/AL18g_ShArSx7YWKyCluyRZkOAP8TjL-Fqqkc9YsckJmjgyHor1CQkgNZeLxGAWvQQJwzIL-4iI80gA=w128-h128-c,#e0d0b8,224,208,184,1.096278,ORANGE,#FF9800,255,152,0,8
2QEStjY33nkbfQ.jpg,2QEStjY33nkbfQ,Weeping Coconuts (Cocos gimientes),Frida Kahlo,Los Angeles County Museum of Art,/asset/weeping-coconuts-cocos-gimientes-frida-kahlo/2QEStjY33nkbfQ,https://lh3.googleusercontent.com/ci/AL18g_TA7bsBtvFF277TJzbw48_QKlRqkPLoHqYUdr7E8NsrUkPaLyo3wJTS2UQKLzN9zz-0piCtPg=w128-h128-c,#e0ceb8,224,206,184,1.2838137,ORANGE,#FF9800,255,152,0,8
KgHdj5f98vdwmA.jpg,KgHdj5f98vdwmA,Self-Portrait,Paul Gauguin,"National Gallery of Art, Washington DC",/asset/self-portrait-paul-gauguin/KgHdj5f98vdwmA,https://lh3.googleusercontent.com/ci/AL18g_SrD89d904MLv4wodA7cFU_xfuyIkWuog-YwDkZipv11wleB9JIXtM2SbhziRPOJjGmJex7JA=w128-h128-c,#e0d2b8,224,210,184,0.6425959,ORANGE,#FF9800,255,152,0,8
6QHr6HJ5fx8xmA.jpg,6QHr6HJ5fx8xmA,Draupadi at the Court of Virat,Raja Ravi Varma,The Ganesh Shivaswamy Foundation,/asset/draupadi-at-the-court-of-virat-raja-ravi-varma/6QHr6HJ5fx8xmA,https://lh3.googleusercontent.com/ci/AL18g_QUqz6Bhq2eO-hcx1cj9JzTk0jAnyP-ibsqaFLw4RJCu0G82QJvzZlAkVmgEW23IrNh6zRFuA=w128-h128-c,#e0d0b8,224,208,184,1.5728012,ORANGE,#FF9800,255,152,0,8
ZgGHzgID8lTUVw.jpg,ZgGHzgID8lTUVw,Blessed Be the Host of the King of Heaven…,Unknown,The State Tretyakov Gallery,/asset/blessed-be-the-host-of-the-king-of-heaven…-unknown/ZgGHzgID8lTUVw,https://lh3.googleusercontent.com/ci/AL18g_Tl75WJrOjMnntUchLBaU1Sddb7_CzmGvvsHGEdA_FzqWrVCw-MbcHdCTrdF1H5EfbeHzJoMqk=w128-h128-c,#e0ceb8,224,206,184,2.8268552,ORANGE,#FF9800,255,152,0,8
0AE7MUjJdef9lQ.jpg,0AE7MUjJdef9lQ,Rajasthan II,Unknown,Peabody Essex Museum,/asset/rajasthan-ii/0AE7MUjJdef9lQ,https://lh3.googleusercontent.com/ci/AL18g_Sg9iOHNFnsmrDymNYBGIt5NymbKx6pEN3OHHRlWhN1F3YBCLdwT-aSc_carZ3tKu4gypMQ-CQ=w128-h128-c,#e0ccb8,224,204,184,1,ORANGE,#FF9800,255,152,0,8
UAEfV-4qLo6o7w.jpg,UAEfV-4qLo6o7w,Faithful Unto Death,Edward John Poynter,"Walker Art Gallery, Liverpool",/asset/faithful-unto-death-edward-john-poynter/UAEfV-4qLo6o7w,https://lh3.googleusercontent.com/ci/AL18g_QkaHQbuFrwUIphj8JGLQ0LTXPBh1vC2aFhl2G4-0jQ-D-7x1zciENRqlr3YeBF3TykYpG_bLfz=w128-h128-c,#e0c8b8,224,200,184,0.64922816,ORANGE,#FF9800,255,152,0,8
UgHjEEGuDrOibA.jpg,UgHjEEGuDrOibA,Boy with Sheep,Unknown,Projeto Portinari,/asset/boy-with-sheep/UgHjEEGuDrOibA,https://lh3.googleusercontent.com/ci/AL18g_RRadRdhGBU0EVEwZwy4b1bQYKBted-KTgO3H8dWdAluuP7uy6vsUbRvfI9aeUtbyR3Ab8_SzY=w128-h128-c,#e0d0b8,224,208,184,1.1776316,ORANGE,#FF9800,255,152,0,8
9QE0AQN_yJvuDQ.jpg,9QE0AQN_yJvuDQ,Portrait of a Lady known as Smeralda Bandinelli,Unknown,The Victoria and Albert Museum,/asset/portrait-of-a-lady-known-as-smeralda-bandinelli/9QE0AQN_yJvuDQ,https://lh3.googleusercontent.com/ci/AL18g_R7KlKcQfw_9kHJpDEbyuRbv5MP62LUOfthxrGiu9uSqA1R6eXrteMk3lXMdyv-trQD42twCfPv=w128-h128-c,#e0d2b8,224,210,184,0.75,ORANGE,#FF9800,255,152,0,8
wAEvxi429fS7sg.jpg,wAEvxi429fS7sg,On the Southern Plains,Frederic Remington,The Metropolitan Museum of Art,/asset/on-the-southern-plains-frederic-remington/wAEvxi429fS7sg,https://lh3.googleusercontent.com/ci/AL18g_SiJW7fRQ8zjd_aLFvQI83z5ZTzBGkbwvhMmtNvR0y4b-AJBAUr1y95cvBzCJiiU7yYFasBlEg=w128-h128-c,#e0d0b8,224,208,184,1.6788546,ORANGE,#FF9800,255,152,0,8
_AGrELV_9y22eg.jpg,_AGrELV_9y22eg,An auto da fe in the Town of San Bartolomé Otzolotepec,Anonymous,Museo Nacional de Arte,/asset/an-auto-da-fe-in-the-town-of-san-bartolomé-otzolotepec-anonymous/_AGrELV_9y22eg,https://lh3.googleusercontent.com/ci/AL18g_QI1-jRgzHh8dXB94D60M3whDh1CDzYI25XbUTBySpskIdsXEYdjF9REOXRl2tjToCltp7cWw=w128-h128-c,#e0d0b8,224,208,184,1.5063766,ORANGE,#FF9800,255,152,0,8
EAG5zykGKNA5uw.jpg,EAG5zykGKNA5uw,The Scene of Christ in the Temple,Fra Bartolommeo,Kunsthistorisches Museum Wien,/asset/the-scene-of-christ-in-the-temple-fra-bartolommeo/EAG5zykGKNA5uw,https://lh3.googleusercontent.com/ci/AL18g_TZZKINvWZEeMSFXRS4mlzXLt-eivs-cqJJxjPDF8gYJmWcBjgL8V0dvGMlTp-rkHZFvRxLOQ8=w128-h128-c,#e0d0b8,224,208,184,1.0256411,ORANGE,#FF9800,255,152,0,8
KQHrFl78hKNIrA.jpg,KQHrFl78hKNIrA,Cottage on the Seashore,Fuku Akino,Hamamatsu City Fuku Akino Art Museum,/asset/cottage-on-the-seashore-fuku-akino/KQHrFl78hKNIrA,https://lh3.googleusercontent.com/ci/AL18g_R0fnm9AM-j6Y86WOS0s63IFAauHzo6LqVMOxou4UYxXSw-2EWOyFTSA7IgKN2hnz_mMIknE8k=w128-h128-c,#e0ceb8,224,206,184,2.5365736,ORANGE,#FF9800,255,152,0,8
hQFu0a0Maenk5A.jpg,hQFu0a0Maenk5A,Jerusalem pilgrims,William STRUTT,Art Gallery of South Australia,/asset/jerusalem-pilgrims-william-strutt/hQFu0a0Maenk5A,https://lh3.googleusercontent.com/ci/AL18g_RsjXpv_LnQAgPOGVcdUii3fyE2go8b_ts-dPJZpJ0U7cAZP3GXCr1FZkAVuj5OO_Zx9k7BCf4=w128-h128-c,#e0cab8,224,202,184,1.9051725,ORANGE,#FF9800,255,152,0,8
kAEF0jHPuuzn4g.jpg,kAEF0jHPuuzn4g,"The White Cloud, Head Chief of the Iowas",George Catlin,"National Gallery of Art, Washington DC",/asset/the-white-cloud-head-chief-of-the-iowas-george-catlin/kAEF0jHPuuzn4g,https://lh3.googleusercontent.com/ci/AL18g_RaeI3YGMu-ilLvWfdPQnNqnvYeQnKZhSILImFgDz30pWI4MB2Zc0HqHbwIP0dP60Wt2QDwBrk=w128-h128-c,#e0ceb8,224,206,184,0.80759275,ORANGE,#FF9800,255,152,0,8
wwGjQhhRhu1CvQ.jpg,wwGjQhhRhu1CvQ,Nagercoil Ammachi,Raja Ravi Varma,Raja Ravi Varma Heritage Foundation,/asset/nagercoil-ammachi-raja-ravi-varma/wwGjQhhRhu1CvQ,https://lh3.googleusercontent.com/ci/AL18g_QNj2alGXUBW5UW_V7VFMMBKG3oMVcPCio-RckPODafPGQRC94lsP9nJ_4mReQYXngLAoAANg=w128-h128-c,#e0c8b8,224,200,184,0.75,ORANGE,#FF9800,255,152,0,8
5gEhoPb7fFIgxw.jpg,5gEhoPb7fFIgxw,The Schoolboy (The Postman´s Son – Gamin au Képi),Unknown,MASP - Museu de Arte de São Paulo Assis Chateaubriand,/asset/the-schoolboy-the-postman´s-son-–-gamin-au-képi/5gEhoPb7fFIgxw,https://lh3.googleusercontent.com/ci/AL18g_Sf8Tes3zd1siB-NKO_qiwSc0p8WOQTaSSy2qK749Z4Nz9ujJVYJ679LR6ClHBFkfl9xe2uKN-C=w128-h128-c,#e0d0b8,224,208,184,0.84700507,ORANGE,#FF9800,255,152,0,8
_QGky_JtQ4fEEA.jpg,_QGky_JtQ4fEEA,Sunrise over the Eastern Sea,FUJISHIMA Takeji,"Artizon Museum, Ishibashi Foundation",/asset/sunrise-over-the-eastern-sea-fujishima-takeji/_QGky_JtQ4fEEA,https://lh3.googleusercontent.com/ci/AL18g_QNnb18D9F8UoMEJirujDqADfkQTJP9RpT-dIQcenhZ3holYv17p4liF1AF4IGv_XTq9F_Dog=w128-h128-c,#e0ceb8,224,206,184,1.4037058,ORANGE,#FF9800,255,152,0,8
4wFFCgQZWkh7og.jpg,4wFFCgQZWkh7og,PH-67,Clyfford Still,Clyfford Still Museum,/asset/ph-67-clyfford-still/4wFFCgQZWkh7og,https://lh3.googleusercontent.com/ci/AL18g_RAfTHYtjPOIGs5NHnN_PbQzOPRR3-49pjTtp1UtZnsfB9BYiuVl6OZe5prkWk_rImmqt6dnFVy=w128-h128-c,#e0d0b8,224,208,184,0.6313478,ORANGE,#FF9800,255,152,0,8
QgGvyzAHHxHRpQ.jpg,QgGvyzAHHxHRpQ,Hark! The Lark,Winslow Homer,Milwaukee Art Museum,/asset/hark-the-lark-winslow-homer/QgGvyzAHHxHRpQ,https://lh3.googleusercontent.com/ci/AL18g_TMypROtIyZwqdYt7BSe78ihGvmjryeNb85upgROl3YsBYb-YKqGSkynMY4mh6eTc8O2FtL2Y0=w128-h128-c,#e0cab8,224,202,184,0.8483172,ORANGE,#FF9800,255,152,0,8
EgF0gpSzDobY8Q.jpg,EgF0gpSzDobY8Q,The Love Potion,Evelyn De Morgan,De Morgan Collection,/asset/the-love-potion-evelyn-de-morgan/EgF0gpSzDobY8Q,https://lh3.googleusercontent.com/ci/AL18g_Qw6NmJ68thxEnnK_EhzA7RnRe_heVyKnPq13r4pYQw4EQhuJMbVfumJpcufGVtm9IF7TWOBQ=w128-h128-c,#e0ceb8,224,206,184,0.63652074,ORANGE,#FF9800,255,152,0,8
hgE2xSFT3UnXjw.jpg,hgE2xSFT3UnXjw,Rice Harvest,Unknown,Projeto Portinari,/asset/rice-harvest/hgE2xSFT3UnXjw,https://lh3.googleusercontent.com/ci/AL18g_S1GQAY5pgN6LuNIPACl3LV3Q4aVhrJQE2conOBWnNTNMNuJyFA4WgQuZqN0affVXS5zzMSMIg=w128-h128-c,#e0d0b8,224,208,184,1.2832307,ORANGE,#FF9800,255,152,0,8
dQEOe495IRBhNg.jpg,dQEOe495IRBhNg,No. 22 - Special,Georgia O'Keeffe,Georgia O'Keeffe Museum,/asset/no-22-special-georgia-o-keeffe/dQEOe495IRBhNg,https://lh3.googleusercontent.com/ci/AL18g_S7l2O89ZBeP3cs-3dT_HZbBcdFBj1_ZxKSiATnk78IfAi9DrSzYvgf7YidjoE8HXOnQGDypPU=w128-h128-c,#e0c8b8,224,200,184,1.330377,ORANGE,#FF9800,255,152,0,8
HQEsrBkvFakSeA.jpg,HQEsrBkvFakSeA,"Sand Dunes at Sunset, Atlantic City",Unknown,The White House,/asset/sand-dunes-at-sunset-atlantic-city/HQEsrBkvFakSeA,https://lh3.googleusercontent.com/ci/AL18g_Tf5b9CKkfxbDtspqzXDSttvFXTw4PVbd9-OV2q7U8irmt1y8D-Y6vusAltQBMuXahnd20WD4E=w128-h128-c,#e0cab8,224,202,184,1.998009,ORANGE,#FF9800,255,152,0,8
AAGv6TeAbHM9IQ.jpg,AAGv6TeAbHM9IQ,Monhegan. Maine,Unknown,International Centre of the Roerichs,/asset/monhegan-maine/AAGv6TeAbHM9IQ,https://lh3.googleusercontent.com/ci/AL18g_Rr8RGq9tFnP85VZDJZipk1EGVg1Nb1rt2d7hE3ZiVof-oAsacgAerY45SW-P_M1_n3ae6EYbw7=w128-h128-c,#e0ceb8,224,206,184,1.5022534,ORANGE,#FF9800,255,152,0,8
7AHrEoyAQkdFyw.jpg,7AHrEoyAQkdFyw,Grant and His Generals,Ole Peter Hansen Balling,Smithsonian's National Portrait Gallery,/asset/grant-and-his-generals-ole-peter-hansen-balling/7AHrEoyAQkdFyw,https://lh3.googleusercontent.com/ci/AL18g_TBUcjS3z3PSd0NhxJ1jA4Q1vcx9pwh-oajPJblZvmu6IadILI1YpQeVGqo-KzZNY3M3Oika9s=w128-h128-c,#e0d0b8,224,208,184,1.589426,ORANGE,#FF9800,255,152,0,8
bAFD5k5B2WMc3g.jpg,bAFD5k5B2WMc3g,Natura morta metafisica,Giorgio Morandi,Fondazione Magnani-Rocca,/asset/natura-morta-metafisica-giorgio-morandi/bAFD5k5B2WMc3g,https://lh3.googleusercontent.com/ci/AL18g_R59niEo64xH8ahZsB5e-GWZEXUWthd9O821jG2Cm6BC46H4iYBv7Uy3GRA1szv609S382UTqAv=w128-h128-c,#e0ceb8,224,206,184,0.7136578,ORANGE,#FF9800,255,152,0,8
JwFvLjxE1eZNdA.jpg,JwFvLjxE1eZNdA,Tending the Horses,Anselmo Bucci,Fondazione Cariplo,/asset/tending-the-horses-anselmo-bucci/JwFvLjxE1eZNdA,https://lh3.googleusercontent.com/ci/AL18g_Q5vEqy8oMG08ZbB6o3FwQvMlvMQPmE1zv0fALbTjm-cTL7poma-f9v-pH5eUEMUVG6_qdQiJQ=w128-h128-c,#e0cab8,224,202,184,1.9260143,ORANGE,#FF9800,255,152,0,8
WgFSYLyOA55QMQ.jpg,WgFSYLyOA55QMQ,Cassandra,Evelyn De Morgan,De Morgan Collection,/asset/cassandra-evelyn-de-morgan/WgFSYLyOA55QMQ,https://lh3.googleusercontent.com/ci/AL18g_Rj-Y9nk9vx9nnkBz-ltFfuGvqTDdfiBoV7snCJXcgx9TuiW9Th_UQcJgBG5YA7aTvDomj0ITMa=w128-h128-c,#e0d0b8,224,208,184,0.48080292,ORANGE,#FF9800,255,152,0,8
EgEtYIrQx9nF6Q.jpg,EgEtYIrQx9nF6Q,Nude on a Blue Cushion,Amedeo Modigliani,"National Gallery of Art, Washington DC",/asset/nude-on-a-blue-cushion-amedeo-modigliani/EgEtYIrQx9nF6Q,https://lh3.googleusercontent.com/ci/AL18g_STHqEEWmNWUFGGQ6PpISPY9JDQugyDjS2Nk8NIQq6Z9Mm37OvsxJfKx4abe_NDIEf5iFY8TvA=w128-h128-c,#e0d0b8,224,208,184,1.5532802,ORANGE,#FF9800,255,152,0,8
0AEB0A0Fyh6sBw.jpg,0AEB0A0Fyh6sBw,Kardinal Niccolò Albergati (?),Jan van Eyck,Kunsthistorisches Museum Wien,/asset/kardinal-niccolò-albergati-jan-van-eyck/0AEB0A0Fyh6sBw,https://lh3.googleusercontent.com/ci/AL18g_TKMciv9K3H2E-jUeuVTC7rxBR7OOYXn0zuyKvV3W51Bf_i2nAUJv8HGnFwSEHUpDjtVn-xuG0=w128-h128-c,#e0d0b8,224,208,184,0.7779896,ORANGE,#FF9800,255,152,0,8
6QEuRXVS8wisqw.jpg,6QEuRXVS8wisqw,Saint Charles Borromeo Handing out Alms to the People,Unknown,Museo Nacional de Arte,/asset/saint-charles-borromeo-handing-out-alms-to-the-people/6QEuRXVS8wisqw,https://lh3.googleusercontent.com/ci/AL18g_SwoBASNRjYDc1nAqNmwwXrCiwm606hpNKd8im9OhyX55Iap64a6KA2687HSc327ZB6RxJ5qw=w128-h128-c,#e0d0b8,224,208,184,0.7707276,ORANGE,#FF9800,255,152,0,8
qQG5-2dbEd7KZg.jpg,qQG5-2dbEd7KZg,Léon Bakst,Amedeo Modigliani,"National Gallery of Art, Washington DC",/asset/léon-bakst-amedeo-modigliani/qQG5-2dbEd7KZg,https://lh3.googleusercontent.com/ci/AL18g_RX9u1_6Skc9j6m3VKb29nhs-k9-wbaLv7mXtFwVs5dQMt7j1qxbjN3nsigjFOOt9gbuYPZifsK=w128-h128-c,#e0d0b8,224,208,184,0.59765625,ORANGE,#FF9800,255,152,0,8
MgFTxOr1Xi4Gmg.jpg,MgFTxOr1Xi4Gmg,The Arrival of Dom João VI to Bahia,Unknown,Projeto Portinari,/asset/the-arrival-of-dom-joão-vi-to-bahia/MgFTxOr1Xi4Gmg,https://lh3.googleusercontent.com/ci/AL18g_Qn8JrVpupH4CcDfreXGOD8pG0YGzfgi7EQrtm1oQMCvJeg3hacL0iwLtEmWPd2PzO3sBtY7J0Q=w128-h128-c,#e0d0b8,224,208,184,1.5269849,ORANGE,#FF9800,255,152,0,8
4QGx8cQTxA82mw.jpg,4QGx8cQTxA82mw,"Timmy, a Tasmanian Aboriginal, throwing a spear",Benjamin DUTERRAU,Art Gallery of South Australia,/asset/timmy-a-tasmanian-aboriginal-throwing-a-spear-benjamin-duterrau/4QGx8cQTxA82mw,https://lh3.googleusercontent.com/ci/AL18g_QBqNsHX0kkH3Rz-GXMTasNTp9JCFVKzIOtcSLT2tjEZHNEIJNl3lb0aF72yFmYr9DK3bA2VSc=w128-h128-c,#e0ceb8,224,206,184,0.86485714,ORANGE,#FF9800,255,152,0,8
lgFOAoi5jIJ8kw.jpg,lgFOAoi5jIJ8kw,Ruins of the Parthenon,Sanford Robinson Gifford,"National Gallery of Art, Washington DC",/asset/ruins-of-the-parthenon-sanford-robinson-gifford/lgFOAoi5jIJ8kw,https://lh3.googleusercontent.com/ci/AL18g_QCD7YWThqCrRRrysXIpvpG5YLbp6lUYORol895NctS4Gweur7VASJtJKhC1_0DZqon8ckzlw=w128-h128-c,#e0ceb8,224,206,184,1.9149135,ORANGE,#FF9800,255,152,0,8
wQFxEs74xYplKw.jpg,wQFxEs74xYplKw,Three Tahitians,Paul Gauguin,National Galleries Scotland: National,/asset/three-tahitians-paul-gauguin/wQFxEs74xYplKw,https://lh3.googleusercontent.com/ci/AL18g_QYn7ijT9uRyxRKea2svCJ2DjYCsmG6xLEgkhbxH0MkIdYeNIimhRSdeAxYDIRfTKPGOntwKA=w128-h128-c,#e0cfb8,224,207,184,1.2825412,ORANGE,#FF9800,255,152,0,8
GQGsdQuyjIQUmw.jpg,GQGsdQuyjIQUmw,The Beginning of Life in the Yellow Jungle,Thornton Dial,Souls Grown Deep,/asset/the-beginning-of-life-in-the-yellow-jungle-thornton-dial/GQGsdQuyjIQUmw,https://lh3.googleusercontent.com/ci/AL18g_RB4Rxe0Z8PIUQxUoMqijoAZh3MxXNjFxm8rMsdAZlaT2eqK84GCaBf14RR40zxialT1zjTEB8=w128-h128-c,#e0d2b8,224,210,184,1.4495901,ORANGE,#FF9800,255,152,0,8
_AFv7N8y_RbNbg.jpg,_AFv7N8y_RbNbg,There Comes Papa,Raja Ravi Varma,The Ganesh Shivaswamy Foundation,/asset/there-comes-papa-raja-ravi-varma/_AFv7N8y_RbNbg,https://lh3.googleusercontent.com/ci/AL18g_SlcUYZyCT1EJeDVNEEYkOlRyAtW2hm1CAH5LePhLl-V4wBPECBX6Z84A3BqvEvVq5b0ujD3nc=w128-h128-c,#e0c8b8,224,200,184,0.69472224,ORANGE,#FF9800,255,152,0,8
zwFXGw7kEadAhw.jpg,zwFXGw7kEadAhw,Sree Radha Rukmini Krishna,Ravi Varma Press Malavli Lonavala,The Ganesh Shivaswamy Foundation,/asset/sree-radha-rukmini-krishna-ravi-varma-press-malavli-lonavala-and-c-g-ramanujam/zwFXGw7kEadAhw,https://lh3.googleusercontent.com/ci/AL18g_QTY4h6XymNfTtW1WKkAs5p9tLUHU-6tlYuv2fSUtrPce60WyfliiK3QEzdnnXZHPF_iUqNZA=w128-h128-c,#e0cfb8,224,207,184,0.70336235,ORANGE,#FF9800,255,152,0,8
wQHpoHzdwFj_zQ.jpg,wQHpoHzdwFj_zQ,Usha's Dream,Ravi Varma Fine Art Lithographic Press Bombay,The Ganesh Shivaswamy Foundation,/asset/usha-s-dream-ravi-varma-fine-art-lithographic-press-bombay-and-raja-ravi-varma/wQHpoHzdwFj_zQ,https://lh3.googleusercontent.com/ci/AL18g_R0J5l0frYOQnn7iFiwuM2h--Tr1dDSmDj3NSz-_8bWoV9xyKpW_mXLeqYgKozKzLWPMjPYlSXn=w128-h128-c,#e0ceb8,224,206,184,1.4132093,ORANGE,#FF9800,255,152,0,8
8QFQcY_NDWyLlQ.jpg,8QFQcY_NDWyLlQ,Temples in Orissa,Fuku Akino,Hamamatsu City Fuku Akino Art Museum,/asset/temples-in-orissa-fuku-akino/8QFQcY_NDWyLlQ,https://lh3.googleusercontent.com/ci/AL18g_SXUwQHrNGT4r-NTTJG-icc-T8h2IHHJrhKpoeY2YSKbvRaqx426JYBP4wl0hyEXfRMVXba2ys=w128-h128-c,#e0d0b8,224,208,184,5.5336733,ORANGE,#FF9800,255,152,0,8
9wG38C7o9IJIoQ.jpg,9wG38C7o9IJIoQ,You Yangs landscape,Fred Williams,Art Gallery of New South Wales,/asset/you-yangs-landscape-fred-williams/9wG38C7o9IJIoQ,https://lh3.googleusercontent.com/ci/AL18g_S0TvpKwuee8yWgVlwjHKd0ekaLxYUGsYCV55ykenIoOcBzMEmxq9ug7tJ7-KM3x1r-qBW1_qPc=w128-h128-c,#e0ceb8,224,206,184,1.2576305,ORANGE,#FF9800,255,152,0,8
XwE0R12q1msw6A.jpg,XwE0R12q1msw6A,Pope Urban II Preaching the First Crusade in the Square of Clermont,Francesco Hayez,Fondazione Cariplo,/asset/pope-urban-ii-preaching-the-first-crusade-in-the-square-of-clermont-francesco-hayez/XwE0R12q1msw6A,https://lh3.googleusercontent.com/ci/AL18g_QiP64j6riPdjM2iGqTrgN5n2Dl3FL5dg6gi0jUefXwO5fg1zOzyPwDmv1oqateimm33wjxAQ=w128-h128-c,#e0d0b8,224,208,184,1.5070423,ORANGE,#FF9800,255,152,0,8
5wHUFBUX1qntrA.jpg,5wHUFBUX1qntrA,The Liberation Government 1945,Dan Sterup-Hansen,The Danish Parliament,/asset/the-liberation-government-1945-dan-sterup-hansen/5wHUFBUX1qntrA,https://lh3.googleusercontent.com/ci/AL18g_RMroiFpYS5e61bCdC0w3p6q-yuqXpoZJ2f3eebueuSrfjQgSbmyH4rjYyTW-0jI9LsAAlXxg=w128-h128-c,#e0d0b8,224,208,184,1.5,ORANGE,#FF9800,255,152,0,8
NgGcUI6cL3ns4w.jpg,NgGcUI6cL3ns4w,Saint Ambrosio,Meister von Großgmain,Belvedere,/asset/saint-ambrosio-meister-von-großgmain/NgGcUI6cL3ns4w,https://lh3.googleusercontent.com/ci/AL18g_QrHGFZRIk9w1D3QTG2F135ISBOuqLJdyuiLn9uPblCGZbCBenb8rXba5dsMw7-8IR7C5OcF28=w128-h128-c,#e0d0b8,224,208,184,0.58099794,ORANGE,#FF9800,255,152,0,8
sQFod9c8Bu4Ylg.jpg,sQFod9c8Bu4Ylg,The Countess,Hunt Slonem,Contemporary Art Platform (CAP) Kuwait,/asset/the-countess-hunt-slonem/sQFod9c8Bu4Ylg,https://lh3.googleusercontent.com/ci/AL18g_Rw2otPITCWAN_TxHvl5hWoG8NZMr0FWsRyVWYGTCxkcvXmFES9y467bVbnSlwwHPLwoxOEvts=w128-h128-c,#e0d0b8,224,208,184,0.60889226,ORANGE,#FF9800,255,152,0,8
jwFnClGkiarR4w.jpg,jwFnClGkiarR4w,Leander's Tower on the Bosporus,Unknown,Harvard Art Museums,/asset/leander-s-tower-on-the-bosporus/jwFnClGkiarR4w,https://lh3.googleusercontent.com/ci/AL18g_QQ1Ip4WY_T4whuoXs82NlPlnRWm8pp5lkqRQfzuvZIYyP5EnfveRPJxVggwPg6CShzBWABG50=w128-h128-c,#e0cab8,224,202,184,2.0645053,ORANGE,#FF9800,255,152,0,8
MwE0wWo8V2etkA.jpg,MwE0wWo8V2etkA,Christ and the Woman Taken in Adultery,Lucas Cranach the Younger,Chrysler Museum of Art,/asset/christ-and-the-woman-taken-in-adultery-lucas-cranach-the-younger/MwE0wWo8V2etkA,https://lh3.googleusercontent.com/ci/AL18g_Tyk-j85IZFKULhWRJfpZrhd0Jroq-DiydMr3X4NVFqL_AIhPRpJUzTFa1kLymI7fpZOy5FGw=w128-h128-c,#e0d0b8,224,208,184,1.6371077,ORANGE,#FF9800,255,152,0,8
8wExoUveivX9FQ.jpg,8wExoUveivX9FQ,Mermaids Under Water,Félix Ziem,Los Angeles County Museum of Art,/asset/mermaids-under-water-félix-ziem/8wExoUveivX9FQ,https://lh3.googleusercontent.com/ci/AL18g_Rf-2Jmd6hMevPClUlZKoci5AnLx9Yz0G7OdCvADYi4tBdf5IWo4ZMQrxp33iozd18UfL7Gf7E=w128-h128-c,#e0ceb8,224,206,184,1.8680738,ORANGE,#FF9800,255,152,0,8
FgFI5iaav6d0cA.jpg,FgFI5iaav6d0cA,Dance of the Haymakers (Music is Contagious),William Sidney Mount,"The Long Island Museum of American Art, History, & Carriages",/asset/dance-of-the-haymakers-music-is-contagious-william-sidney-mount/FgFI5iaav6d0cA,https://lh3.googleusercontent.com/ci/AL18g_TZWpMcvImyzW_mOD4sUJoEawV7VN9pNlcb0a-j5Zy5hg8HWl19YA1VJTg8C9oJE2MLdmpFEQ=w128-h128-c,#e0c8b8,224,200,184,1.2000831,ORANGE,#FF9800,255,152,0,8
lAFEu5e2h45fkQ.jpg,lAFEu5e2h45fkQ,Painting of Hunting Scene with Sir William Heathcote and Major Vincent Hawkins Gilbert,Unknown,British Fashion Council,/asset/painting-of-hunting-scene-with-sir-william-heathcote-and-major-vincent-hawkins-gilbert/lAFEu5e2h45fkQ,https://lh3.googleusercontent.com/ci/AL18g_Q_C_PXN7JL1Lrzx_LMu1D6llBeC3ujRBn0COE0eqDybZQQeVy40tBkB2xAZVFp5BXVNzfdVoI=w128-h128-c,#e0d0b8,224,208,184,0.7676372,ORANGE,#FF9800,255,152,0,8
LAF7gxWWwGvPXA.jpg,LAF7gxWWwGvPXA,Maria Immaculata,Carlo Maratta,"Picture Gallery Sanssouci, Prussian Palaces and Gardens Foundation Berlin-Brandenburg",/asset/maria-immaculata-carlo-maratta/LAF7gxWWwGvPXA,https://lh3.googleusercontent.com/ci/AL18g_TqX__r7RV-jjLmt8Qi4JoekRg645o4i6Ma84uOAyBNGAcCEaczGxP31ieipBTqNnCBguw-6eA=w128-h128-c,#e0d0b8,224,208,184,0.6883153,ORANGE,#FF9800,255,152,0,8
zAHVpnsJ7qb-Yg.jpg,zAHVpnsJ7qb-Yg,"An Advanced Dressing Station in France, 1918","Tonks, Henry",Imperial War Museums,/asset/an-advanced-dressing-station-in-france-1918-tonks-henry/zAHVpnsJ7qb-Yg,https://lh3.googleusercontent.com/ci/AL18g_TicaD5Mfg-YkZ-l_9zlZE0AmjXJTYqRBiRTu_2ryvWd_BwoJDavhH1LjWLgTyrT5AXJtY9tAHI=w128-h128-c,#e0d0b8,224,208,184,1.1916225,ORANGE,#FF9800,255,152,0,8
sgEecB5UOf8ZCw.jpg,sgEecB5UOf8ZCw,Seogwipo Fantasy,Lee Jung-seob,Korea Data Agency,/asset/seogwipo-fantasy-lee-jung-seob/sgEecB5UOf8ZCw,https://lh3.googleusercontent.com/ci/AL18g_Q4nCKZR4o-s6n0PPgfyLV6LbIA_8PU5PlRMKNbrv_19rMO9QZnuLlhJkeECGJJC-6f4nwz2UY6=w128-h128-c,#e0ceb8,224,206,184,1.670987,ORANGE,#FF9800,255,152,0,8
0wGJGRgdH_PLdg.jpg,0wGJGRgdH_PLdg,October in the Catskills,Sanford Robinson Gifford,Los Angeles County Museum of Art,/asset/october-in-the-catskills-sanford-robinson-gifford/0wGJGRgdH_PLdg,https://lh3.googleusercontent.com/ci/AL18g_QXREEr1NyoW0d1ekPJXlYOHBU23qGlbzSpcqBMnqg6Z1ROySE_aOZyYw5rQraZGPMWrQiBgw=w128-h128-c,#e0d0b8,224,208,184,0.80074173,ORANGE,#FF9800,255,152,0,8
IAHKEnI6TWAoXw.jpg,IAHKEnI6TWAoXw,Migrant Dying,Unknown,Projeto Portinari,/asset/migrant-dying/IAHKEnI6TWAoXw,https://lh3.googleusercontent.com/ci/AL18g_TFrtEQQMOwXoeDMZZEfBEeAzVyYOqTqa8J3g4QsxaFtGOEK9IQ7ECivswy14jEBJEO1EY4Jho=w128-h128-c,#e0cfb8,224,207,184,0.6932624,ORANGE,#FF9800,255,152,0,8
QQFgbijSsKxTzg.jpg,QQFgbijSsKxTzg,Self-Portrait with Monkey,Frida Kahlo,Buffalo AKG Art Museum,/asset/self-portrait-with-monkey-frida-kahlo/QQFgbijSsKxTzg,https://lh3.googleusercontent.com/ci/AL18g_QUKdcUtGOLt61tbk7ff5PM8WlUoSc5qc1CzWMHXULE5AUe-9ML-9RbBrVy5EjiQtvcQSbIBgg=w128-h128-c,#e0d0b8,224,208,184,0.75765306,ORANGE,#FF9800,255,152,0,8
OwHUxJTnVWEEKA.jpg,OwHUxJTnVWEEKA,José Baquíjano y Carrillo,Anonymous,Museo de Arte de la Universidad Nacional Mayor de San Marcos,/asset/josé-baquíjano-y-carrillo-anonymous/OwHUxJTnVWEEKA,https://lh3.googleusercontent.com/ci/AL18g_R-y4_yXhQzkyThOG7mTw8P_a-VvSQHsGDsw8h0x2pGOhRSPXuQHsPVRw_uVaft5eA4YYLSqF15=w128-h128-c,#e0c8b8,224,200,184,0.7097882,ORANGE,#FF9800,255,152,0,8
YQGgFoDY5qls4w.jpg,YQGgFoDY5qls4w,James VI and I,Unknown,Dulwich Picture Gallery,/asset/james-vi-and-i/YQGgFoDY5qls4w,https://lh3.googleusercontent.com/ci/AL18g_SgADRzPTGSKGy9Ves0HKXZja-7nIlurcGWwflLC96Zt9PtP7KfLPipLvL4DSIjlQDTIpxhs2Yh=w128-h128-c,#e0d0b8,224,208,184,0.64578396,ORANGE,#FF9800,255,152,0,8
bgFE_kKjMLVQBg.jpg,bgFE_kKjMLVQBg,Desert Scene,Francisco Lameyer,Museo Nacional del Romanticismo,/asset/desert-scene-francisco-lameyer/bgFE_kKjMLVQBg,https://lh3.googleusercontent.com/ci/AL18g_ROJ-00Z_D5YJG85uxlKcqYBz7JBd3_z6P2lKVhPS_ohhI85hwlaCq4CR2v9eoWOB3dp0k7Eg=w128-h128-c,#e0ceb8,224,206,184,1.5076381,ORANGE,#FF9800,255,152,0,8
lwHKwTwGFW5GMw.jpg,lwHKwTwGFW5GMw,"Mina de ferro, Itabira, MG",Djanira,Museu Nacional de Belas Artes,/asset/mina-de-ferro-itabira-mg-djanira/lwHKwTwGFW5GMw,https://lh3.googleusercontent.com/ci/AL18g_ScSj2aQ-29k3vaqqdX4PbX5pqi9gcFDKPViaZrnX0LfPue0hlCdWzbtxfO2WWOvvJRTIYqXld3=w128-h128-c,#e0c8b8,224,200,184,1.363774,ORANGE,#FF9800,255,152,0,8
eQEPL_R-bbNysA.jpg,eQEPL_R-bbNysA,American Commissioners of the Preliminary Peace Agreement (1782),Benjamin West,The White House,/asset/american-commissioners-of-the-preliminary-peace-agreement-1782-benjamin-west/eQEPL_R-bbNysA,https://lh3.googleusercontent.com/ci/AL18g_Siwei3MzbmEnPlIJJNsS3GoYHYTPdWvl1qR9Ty_0LPs-EAPqGglJqq3jAhfGQLkuE452DoIw=w128-h128-c,#e0c8b8,224,200,184,1.5,ORANGE,#FF9800,255,152,0,8
5wGsgY62e2YtmQ.jpg,5wGsgY62e2YtmQ,The Quiver Maker,Eanger Irving Couse,Panhandle-Plains Historical Museum,/asset/the-quiver-maker-eanger-irving-couse/5wGsgY62e2YtmQ,https://lh3.googleusercontent.com/ci/AL18g_RLDMRZE1eQznvChLuCH9ZHkTGbyoH7gj6fX33HiJIN_b8bN0OJf4er2O8-yYjrJg4M3iOT17tw=w128-h128-c,#e0c8b8,224,200,184,1.2300123,ORANGE,#FF9800,255,152,0,8
GwFtZvWOVATMWQ.jpg,GwFtZvWOVATMWQ,Frevo Dance,Unknown,Projeto Portinari,/asset/frevo-dance/GwFtZvWOVATMWQ,https://lh3.googleusercontent.com/ci/AL18g_QzIVNRqXBP7iRhYztjEyrliBjTJUAYL0TSE9DmS4VS6mQfbfdZbBdUW_euFCy0nS9mM5wBZN4=w128-h128-c,#e0c8b8,224,200,184,0.6784591,ORANGE,#FF9800,255,152,0,8
4gEc64lnifmrCQ.jpg,4gEc64lnifmrCQ,Six Apostles,Unknown,Projeto Portinari,/asset/six-apostles/4gEc64lnifmrCQ,https://lh3.googleusercontent.com/ci/AL18g_R-DaRaNZvYHY8KooNs4OWqaDqQxzIz70xpKQFwpEjR5JupayyPToot_w2aMXzA68PsRbI42cY=w128-h128-c,#e0d0b8,224,208,184,0.45219558,ORANGE,#FF9800,255,152,0,8
8AFOEbbdynUdlw.jpg,8AFOEbbdynUdlw,PH-972,Clyfford Still,Clyfford Still Museum,/asset/ph-972-clyfford-still/8AFOEbbdynUdlw,https://lh3.googleusercontent.com/ci/AL18g_T1m_acb-_FzK1uRb3rJEHBEuWb3u-yMN5IuY2Tga5FErbiMD67QRwuIcFCuhR_K1QqCdHKOWuH=w128-h128-c,#e0ccb8,224,204,184,1.3871884,ORANGE,#FF9800,255,152,0,8
oAFJGE8Q0QKw2g.jpg,oAFJGE8Q0QKw2g,Vanity,Frank Cadogan Cowper RA,Royal Academy of Arts,/asset/vanity-frank-cadogan-cowper-ra/oAFJGE8Q0QKw2g,https://lh3.googleusercontent.com/ci/AL18g_Th4lZs7uXI5DcUm1W2aZc9Xyy9amztp7bsADPQ97DTv9mVxM_adxaeKWy6ELHfABNuRumUFCQ8=w128-h128-c,#e0cfb8,224,207,184,0.6532532,ORANGE,#FF9800,255,152,0,8
bwFsE4d__lhc6w.jpg,bwFsE4d__lhc6w,Portrait of a little Italian girl,Unknown,Skagens Museum,/asset/portrait-of-a-little-italian-girl/bwFsE4d__lhc6w,https://lh3.googleusercontent.com/ci/AL18g_Sq_IKiTe667iiC9F0tiqAB-KQXUGSB_nTPO4Xzqylkc3tzU9L2Sk9NLVlWyHc5fVvkTfaCJG8d=w128-h128-c,#e0d0b8,224,208,184,0.60900575,ORANGE,#FF9800,255,152,0,8
0wEyo9b5slEymw.jpg,0wEyo9b5slEymw,Man on white tiger with clay birds,Arpita Singh,Museum of Art & Photography,/asset/man-on-white-tiger-with-clay-birds-arpita-singh/0wEyo9b5slEymw,https://lh3.googleusercontent.com/ci/AL18g_RZyIE4ghCD4H3L0ZOyrqks9MZNUy6ga4_MCMwe3Jc-340hHS9lMlHziaTRiTLNEDjwcGcyxg0=w128-h128-c,#e0ccb8,224,204,184,1.3516521,ORANGE,#FF9800,255,152,0,8
LwFtMJ17KhCSkQ.jpg,LwFtMJ17KhCSkQ,Five angels dancing at the foot of a throne,Giovanni di Paolo,Château de Chantilly,/asset/five-angels-dancing-at-the-foot-of-a-throne-giovanni-di-paolo/LwFtMJ17KhCSkQ,https://lh3.googleusercontent.com/ci/AL18g_StREPUu7lm7_fnMC7iFxjpke7NmNVpGgZPHjjB4Ehns5KYICSluLZXbMz36vK3DRO5EpqyL-M=w128-h128-c,#e0cfb8,224,207,184,1.2341309,ORANGE,#FF9800,255,152,0,8
NQFCalsjg2RLvQ.jpg,NQFCalsjg2RLvQ,"Né-hee-ó-ee-wóo-tis, Wolf on the Hill, Chief of the Tribe","George Catlin, born Wilkes-Barre, PA 1796-died Jersey City, NJ 1872",Smithsonian American Art Museum,/asset/né-hee-ó-ee-wóo-tis-wolf-on-the-hill-chief-of-the-tribe-george-catlin-born-wilkes-barre-pa-1796-died-jersey-city-nj-1872/NQFCalsjg2RLvQ,https://lh3.googleusercontent.com/ci/AL18g_SE0IzmC3GYWsOlM7uyD75_kFb1qXNuQUhSmdfe_vF-LKTMZdDiganbpj9gsD6Py9fcE3WcwgE=w128-h128-c,#e0ceb8,224,206,184,0.814,ORANGE,#FF9800,255,152,0,8
cgFfJq2BH6VoSg.jpg,cgFfJq2BH6VoSg,Ballet Dancer with Arms Crossed,Unknown,"Museum of Fine Arts, Boston",/asset/ballet-dancer-with-arms-crossed/cgFfJq2BH6VoSg,https://lh3.googleusercontent.com/ci/AL18g_RYhOSfSsa4ssoz1RbEb4WIeqCXwRlgoA2rbTISr079157b4ceIKWj8W8p4ErYK-YlVo6H7gj4=w128-h128-c,#e0d0b8,224,208,184,0.8136842,ORANGE,#FF9800,255,152,0,8
2wHaTM473t7keQ.jpg,2wHaTM473t7keQ,The view of the dome in detail,Correggio,Complesso di San Giovanni Evangelista,/asset/the-view-of-the-dome-in-detail-correggio/2wHaTM473t7keQ,https://lh3.googleusercontent.com/ci/AL18g_Q45IkPaOXhRYzW2-7S-6YpuknSQOzYOwNYJT-zyPdpyHvVfMCGtvajPqMXMwvfLBGWhHlFCMs=w128-h128-c,#e0ceb8,224,206,184,1.5,ORANGE,#FF9800,255,152,0,8
-gFk16qqzXE1tQ.jpg,-gFk16qqzXE1tQ,Japanese Theatre,Ernst Ludwig Kirchner,National Galleries Scotland: Modern,/asset/japanese-theatre-ernst-ludwig-kirchner/-gFk16qqzXE1tQ,https://lh3.googleusercontent.com/ci/AL18g_RKJBbLaOXVvIyfK1fhpX1fXr72gVv29Qh5ZzpnTdPn5qHdMsfJIMB_nDDAIQJxGGYjUB7bPg=w128-h128-c,#e0d2b8,224,210,184,1.0034642,ORANGE,#FF9800,255,152,0,8
MAELy9mHiRpRJw.jpg,MAELy9mHiRpRJw,Le Paysage en feu,René Magritte,La Galleria Nazionale d’Arte Moderna e Contemporanea,/asset/le-paysage-en-feu-rené-magritte/MAELy9mHiRpRJw,https://lh3.googleusercontent.com/ci/AL18g_TEynBFyvYYzR-kLxebfF0nhXyyYKG2pBv21JmAloGdVYe09t_FrtVlxN3lTU-YlaL-AhEn0e8=w128-h128-c,#e0ceb8,224,206,184,1.3585123,ORANGE,#FF9800,255,152,0,8
NAG9qLOT_QJApA.jpg,NAG9qLOT_QJApA,Untitled (Still life with parrot and fruit),Frida Kahlo,Harry Ransom Center,/asset/untitled-still-life-with-parrot-and-fruit-frida-kahlo/NAG9qLOT_QJApA,https://lh3.googleusercontent.com/ci/AL18g_Tl7nrMNts0mmZ57VE4Ve6f0jNVL1ELQykzCNAYd2-b0e_mFY1rs6jIcwOUCip5RJuIx8U9uGg=w128-h128-c,#e0ccb8,224,204,184,1.1331445,ORANGE,#FF9800,255,152,0,8
rwGAyTvb3mANjw.jpg,rwGAyTvb3mANjw,La creazione della luce,Gaetano Previati,La Galleria Nazionale d’Arte Moderna e Contemporanea,/asset/la-creazione-della-luce-gaetano-previati/rwGAyTvb3mANjw,https://lh3.googleusercontent.com/ci/AL18g_QJRw6LT_QaW-B_lSgrdXlU9yW1L6Is1CotyDhUgkK4oVlkwRMK7gtFiyRYX1N4990UzA-qvg=w128-h128-c,#e0d2b8,224,210,184,1.0818071,ORANGE,#FF9800,255,152,0,8
oQEEz6zva2qNqA.jpg,oQEEz6zva2qNqA,My crown and sceptre,Thomas Cooper Gotch,Art Gallery of New South Wales,/asset/my-crown-and-sceptre-thomas-cooper-gotch/oQEEz6zva2qNqA,https://lh3.googleusercontent.com/ci/AL18g_QoMwpW0kH2pl760da20r-Rzixpa1Sksx8S3NQFOGBSx1pwM1VUTqvti8l_VcPQ30s3YNoZWYo=w128-h128-c,#e0cfb8,224,207,184,0.7172,ORANGE,#FF9800,255,152,0,8
JgGEI8eGYrQd7A.jpg,JgGEI8eGYrQd7A,The Birth of John the Baptist,Lucas Cranach,Skokloster Castle,/asset/the-birth-of-john-the-baptist-lucas-cranach/JgGEI8eGYrQd7A,https://lh3.googleusercontent.com/ci/AL18g_TEGns0JHd0R3ginoIdquk_TQHhVypr0BMiO4ygQfHcsAoaoVm-GLE-_Dvsl_Zsl66tM695ww=w128-h128-c,#e0ceb8,224,206,184,0.8457461,ORANGE,#FF9800,255,152,0,8
jwHKDbOBvnLV-Q.jpg,jwHKDbOBvnLV-Q,Solitude (Birds taking flight),Miloš Alexander Bazovský,Slovak National Gallery,/asset/solitude-birds-taking-flight-miloš-alexander-bazovský/jwHKDbOBvnLV-Q,https://lh3.googleusercontent.com/ci/AL18g_Q-YWruW17lu39KzLtySQpPZArTL4WsMI5WHkZVL0xNn9Oaf9OeJG30u13fxb5tsB2Bcc7IJHs=w128-h128-c,#e0ceb8,224,206,184,1.5595391,ORANGE,#FF9800,255,152,0,8
2wFABhPsy6SFRg.jpg,2wFABhPsy6SFRg,Udayagiri Monastery Ⅰ,Fuku Akino,Hamamatsu City Fuku Akino Art Museum,/asset/udayagiri-monastery-Ⅰ-fuku-akino/2wFABhPsy6SFRg,https://lh3.googleusercontent.com/ci/AL18g_QP5k9D3JJb23UIxGc-R04cUTM-5nOyViVzwi-z2i7f0IWOaj8chTuVEQDvNzkzXE8G73UA1VTg=w128-h128-c,#e0cab8,224,202,184,1.5086181,ORANGE,#FF9800,255,152,0,8
6wH_bRLFAedhaw.jpg,6wH_bRLFAedhaw,Emperor Friedrich as Crown Prince at a Court Ball 1878,Anton von Werner,"Alte Nationalgalerie, Staatliche Museen zu Berlin",/asset/emperor-friedrich-as-crown-prince-at-a-court-ball-1878-anton-von-werner/6wH_bRLFAedhaw,https://lh3.googleusercontent.com/ci/AL18g_Qjc53-ITHhakpYtwaRiJ3rZlDUbkynJly43KT9J5U9wQUNP21llY9W0X7hmRMVNu95qtvNWQ=w128-h128-c,#e0d0b8,224,208,184,0.7913907,ORANGE,#FF9800,255,152,0,8
YAGiz44Q1W-iag.jpg,YAGiz44Q1W-iag,"The Motherland (Feeling), the centre part of the triptych: The Law – The Motherland – The Art",Jacek Malczewski (1854–1929),National Museum in Wrocław,/asset/the-motherland-feeling-the-centre-part-of-the-triptych-the-law-–-the-motherland-–-the-art-jacek-malczewski-1854–1929/YAGiz44Q1W-iag,https://lh3.googleusercontent.com/ci/AL18g_QemY8VGRFmF_C-3oJjjHTbIMxaIXpse3ytBQHPyq3JTDG37AxnNDjK6vZMtw5f7QYdbQtQ2o8=w128-h128-c,#e0c8b8,224,200,184,1.41275,ORANGE,#FF9800,255,152,0,8
LQECSkoWfe2NwA.jpg,LQECSkoWfe2NwA,Self-Portrait,Unknown,Malmö Konstmuseum,/asset/self-portrait/LQECSkoWfe2NwA,https://lh3.googleusercontent.com/ci/AL18g_QCw9WSo7eFo_DTLZnBGeUAPJXH0vgFyq0k_QJMTBaNozZfIEyLnUOdf4-uEkMTOPsU3N5rJoU=w128-h128-c,#e0d0b8,224,208,184,0.79909706,ORANGE,#FF9800,255,152,0,8
kAEh2ioO9VCzDQ.jpg,kAEh2ioO9VCzDQ,The Viaduct at L'Estaque,Georges Braque,Tel Aviv Museum of Art,/asset/the-viaduct-at-l-estaque-georges-braque/kAEh2ioO9VCzDQ,https://lh3.googleusercontent.com/ci/AL18g_TMXNmpzQ9h8UqPdAssxccOH_OSCIo2JyD59sY_P9_1E5fRamEmgl3M4oiwVTDAuYa0jKPGxC0=w128-h128-c,#e0cfb8,224,207,184,0.78409415,ORANGE,#FF9800,255,152,0,8
bQGz9HYNvt0zjA.jpg,bQGz9HYNvt0zjA,Nude on a Divan,Amedeo Modigliani,"National Gallery of Art, Washington DC",/asset/nude-on-a-divan-amedeo-modigliani/bQGz9HYNvt0zjA,https://lh3.googleusercontent.com/ci/AL18g_TU4sIQDyuEBCR5i4DdTxeYszrAvs7b3Q99dbwtvGAtcRKr7NX9V7wORHzzsocaa8j1O1g9ZQ8=w128-h128-c,#e0cab8,224,202,184,1.5538695,ORANGE,#FF9800,255,152,0,8
KAGg8qOtxq3N1w.jpg,KAGg8qOtxq3N1w,Gaja Gauri,"Ravi Varma Press, Karla Lonavala",The Ganesh Shivaswamy Foundation,/asset/gaja-gauri-ravi-varma-press-karla-lonavala-and-raja-ravi-varma/KAGg8qOtxq3N1w,https://lh3.googleusercontent.com/ci/AL18g_QtD2fx1YzaYQ32Z09X3mm8qSL81DokTSk3i7GAFNxCTeF9dixjeLRnOu_UMpuU6ruQLxL19SU=w128-h128-c,#e0ceb8,224,206,184,0.70814735,ORANGE,#FF9800,255,152,0,8
JwEr8WHYM55TLw.jpg,JwEr8WHYM55TLw,Roses in a vase,Ferdinand Hodler,National Gallery of Bosnia and Herzegovina,/asset/roses-in-a-vase-ferdinand-hodler/JwEr8WHYM55TLw,https://lh3.googleusercontent.com/ci/AL18g_QAZnyNhv2SecZ2EEv6VnFkgv1PNBurXQxaFGGzWsuPWcWhSyYzqFadKdrHc1k01Y81-Y4xlD8=w128-h128-c,#e0cab8,224,202,184,0.5192028,ORANGE,#FF9800,255,152,0,8
NgGjVLd8YnVBrA.jpg,NgGjVLd8YnVBrA,Costa del Rio de la Plata,Unknown,Museo Nacional de Bellas Artes de Argentina,/asset/costa-del-rio-de-la-plata/NgGjVLd8YnVBrA,https://lh3.googleusercontent.com/ci/AL18g_RlLMKymYVlUEJOZItIeGmti3EDIuvwaXDWjLolL0EbolCXoiM7v9UDEx-fZ6q9Yq7pq_X7gvt2=w128-h128-c,#e0d0b8,224,208,184,1.3856589,ORANGE,#FF9800,255,152,0,8
2AGai9aARvdWtg.jpg,2AGai9aARvdWtg,"The Carpet Bazaar, Cairo","MÜLLER, William James",Bristol Museums,/asset/the-carpet-bazaar-cairo-mÜller-william-james/2AGai9aARvdWtg,https://lh3.googleusercontent.com/ci/AL18g_RX57Kbydd4QxtHwPxqT7IuNmylU5FP-W5zZ3JKp3ZfmofE_xy_2CggIWQmPtVWSh-tn9GkLjkR=w128-h128-c,#e0ceb8,224,206,184,1.2077876,ORANGE,#FF9800,255,152,0,8
6AHwbGPbTjlafg.jpg,6AHwbGPbTjlafg,Nina Ingravida,Beatriz González,Museum of Contemporary Art Bogotá,/asset/nina-ingravida-beatriz-gonzález/6AHwbGPbTjlafg,https://lh3.googleusercontent.com/ci/AL18g_SHk1fOyObP9xC61HsXmi6s8lxghzPzw6-MFEupiv4BGxsG46gqlhSzphK_ZTypH90qiimya2Q=w128-h128-c,#e0c8b8,224,200,184,1.2547613,ORANGE,#FF9800,255,152,0,8
_wH2QykwforMcg.jpg,_wH2QykwforMcg,"Mina de ferro, Itabira, MG",Djanira,Museu Nacional de Belas Artes,/asset/mina-de-ferro-itabira-mg-djanira/_wH2QykwforMcg,https://lh3.googleusercontent.com/ci/AL18g_QL9O08oUanngWjP7xVlhPcWz4nDkoP5E1wPWC8sFlxxnRqA0czVFKuszUifQCz0hkKn0erPl-h=w128-h128-c,#e0d2b8,224,210,184,1.3874936,ORANGE,#FF9800,255,152,0,8
awGRnijQ3VlkDg.jpg,awGRnijQ3VlkDg,Cotopaxi,Frederic Edwin Church,Detroit Institute of Arts,/asset/cotopaxi-frederic-edwin-church/awGRnijQ3VlkDg,https://lh3.googleusercontent.com/ci/AL18g_Qg6HLOkgudBVVmXV6oJD0FXCROo8-XHSYBLN7wvjFcN6oeQmoqQji9i9Jl_k-OFEwKpws7DKw=w128-h128-c,#e0d0b8,224,208,184,1.752109,ORANGE,#FF9800,255,152,0,8
xwEVadixGjddQw.jpg,xwEVadixGjddQw,Unconscious Rivals,"ALMA-TADEMA, Sir Lawrence",Bristol Museums,/asset/unconscious-rivals-alma-tadema-sir-lawrence/xwEVadixGjddQw,https://lh3.googleusercontent.com/ci/AL18g_TDvgv-292nVRjL58op_4EjbRZObn8hDjeprPRBEWzLn57t_EYEMwhe_UfYSgdPEooR0p0j0Q=w128-h128-c,#e0c8b8,224,200,184,1.4084822,ORANGE,#FF9800,255,152,0,8
bwHNwTrf94I-vQ.jpg,bwHNwTrf94I-vQ,[A Bull Catching in Santarém],Júlio Pomar,Atelier-Museu Júlio Pomar,/asset/a-bull-catching-in-santarém-júlio-pomar/bwHNwTrf94I-vQ,https://lh3.googleusercontent.com/ci/AL18g_RkjZe8IVeJXfBdmTQ64hbWyHX6p7qlxi31j3JOzn4TUt_DIJFumnD-2qZeK8zksnVVxMeH2Q=w128-h128-c,#e0d0b8,224,208,184,1.3016117,ORANGE,#FF9800,255,152,0,8
ZwHKgjOt3jrvbQ.jpg,ZwHKgjOt3jrvbQ,Testimony for a young grave,Marta Minujín,Buenos Aires Museum of Modern Art (Museo Moderno),/asset/testimony-for-a-young-grave-marta-minujín/ZwHKgjOt3jrvbQ,https://lh3.googleusercontent.com/ci/AL18g_TW_s9eQNHSKgpivdkW1wPVbdxQPeHV55FhZWw1_lGgUR5ktuBn9MoZe6tIP7k9lI_iZ_MiIKk=w128-h128-c,#e0ceb8,224,206,184,1.2624613,ORANGE,#FF9800,255,152,0,8
LQFi9guXxD6Jfw.jpg,LQFi9guXxD6Jfw,A Man Mounting a Horse,Anthony van Dyck,The Metropolitan Museum of Art,/asset/a-man-mounting-a-horse-anthony-van-dyck/LQFi9guXxD6Jfw,https://lh3.googleusercontent.com/ci/AL18g_QF8S2YG0lXfnzp7i1SS9Tfe4Wf3l1U0YzSGicQGQTPIn32b9qOvIwzsLQczROCPU62vtr_Lyw=w128-h128-c,#e0ceb8,224,206,184,0.8660287,ORANGE,#FF9800,255,152,0,8
KgHrhbERVpSMlw.jpg,KgHrhbERVpSMlw,Portrait of Hanni Esche,Edvard Munch,Kunsthaus Zürich,/asset/portrait-of-hanni-esche-edvard-munch/KgHrhbERVpSMlw,https://lh3.googleusercontent.com/ci/AL18g_Tsjn4mN9ajGUba-Axtbora1jNdES7hasukWqKdaSKDVp-o8cr3IQJAjsVVeyBJHgxVBkTnPw=w128-h128-c,#e0ceb8,224,206,184,0.8576667,ORANGE,#FF9800,255,152,0,8
mwGtcryQvTiPLw.jpg,mwGtcryQvTiPLw,Self-Portrait with Monkey and Parrot,Frida Kahlo,MALBA – Museo de Arte Latinoamericano de Buenos Aires,/asset/self-portrait-with-monkey-and-parrot-frida-kahlo/mwGtcryQvTiPLw,https://lh3.googleusercontent.com/ci/AL18g_RRFFzh-BgeLxqCLO-ZicGhVzHAjMBTu-3VtbZKAl1a5IeAMXLbLcBqMczLzLZC7WOVvNBp=w128-h128-c,#e0cfb8,224,207,184,0.7907388,ORANGE,#FF9800,255,152,0,8
kAHrCS7sVz2Y1A.jpg,kAHrCS7sVz2Y1A,Tigre [Tiger],Júlio Pomar,Atelier-Museu Júlio Pomar,/asset/tigre-tiger-júlio-pomar/kAHrCS7sVz2Y1A,https://lh3.googleusercontent.com/ci/AL18g_TNs8LRzBoVHeW6W69uBxz20fEgHrnCIMHGHZBzDzEUqnp1LlI7WmAn8bTNj5zi5Xwj13et1zE=w128-h128-c,#e0d2b8,224,210,184,0.68930906,ORANGE,#FF9800,255,152,0,8
QQESTVMaXA4Ohw.jpg,QQESTVMaXA4Ohw,The Gypsies Of South India,Raja Ravi Varma,Raja Ravi Varma Heritage Foundation,/asset/the-gypsies-of-south-india-raja-ravi-varma/QQESTVMaXA4Ohw,https://lh3.googleusercontent.com/ci/AL18g_R78DoWD_zDf2wxsHTpUTc1VAR2n-NxV5Fe3MyLRkydlGJYDx2sdi5Ijj4WDdVg3RvR0XPZQiY=w128-h128-c,#e0cab8,224,202,184,0.6454308,ORANGE,#FF9800,255,152,0,8
JwE0oSIgOtLLfg.jpg,JwE0oSIgOtLLfg,"The French squadron in Saint Helena, on October 18, 1840",Jean-Baptiste-Henri Durand-Brager (Painter),Musée de l'Armée - Hôtel des Invalides,/asset/the-french-squadron-in-saint-helena-on-october-18-1840-jean-baptiste-henri-durand-brager-painter/JwE0oSIgOtLLfg,https://lh3.googleusercontent.com/ci/AL18g_SNIfaQQ46PvX6TUwXoIPTpgPqBzO-_R5rLUmoZ8P88HtzlJIQOB8CAUx3a70xr_MoA79V-=w128-h128-c,#e0c8b8,224,200,184,1.3886944,ORANGE,#FF9800,255,152,0,8
cwHli1F19TGJkw.jpg,cwHli1F19TGJkw,"Phoebe Anna Traquair, 1852 - 1936. Artist (Self-portrait)",Phoebe Anna Traquair,National Galleries Scotland: National,/asset/phoebe-anna-traquair-1852-1936-artist-self-portrait-phoebe-anna-traquair/cwHli1F19TGJkw,https://lh3.googleusercontent.com/ci/AL18g_Q3PaaBEsIGWIOEJbAkWeaXsdl-kUTqM259N7267qVjgndnphyJDNPN2N_-XXlVuzC8YQ6K=w128-h128-c,#e0cfb8,224,207,184,1.1614953,ORANGE,#FF9800,255,152,0,8
egGuL2sJh3KK5g.jpg,egGuL2sJh3KK5g,Black Door with Red,Georgia O'Keeffe,Chrysler Museum of Art,/asset/black-door-with-red-georgia-o-keeffe/egGuL2sJh3KK5g,https://lh3.googleusercontent.com/ci/AL18g_T1VIFjzgKMAd7vGpwvWwhhMlUTuYJj185c3ocpsS6cXZVazX4beJ-GY8redAvuCV4YsHTPRKs=w128-h128-c,#e0c6b8,224,198,184,1.7460487,ORANGE,#FF9800,255,152,0,8
SQGQa5QXbT4Kwg.jpg,SQGQa5QXbT4Kwg,Portrait of Jeanne Hébuterne,Amedeo Modigliani,Ohara Museum of Art,/asset/portrait-of-jeanne-hébuterne-amedeo-modigliani/SQGQa5QXbT4Kwg,https://lh3.googleusercontent.com/ci/AL18g_SIdTBA4Y52gwjycgTQ78raIaN1sjXMQN_0uFKeBVNgp2lYevm2W7Nt0ofHLOd7IQHP3_ccAQ=w128-h128-c,#e0ceb8,224,206,184,0.5932653,ORANGE,#FF9800,255,152,0,8
_AHwQjWVZhPeNA.jpg,_AHwQjWVZhPeNA,Study for 'The Sleeping Knights',Edward Burne-Jones,"Walker Art Gallery, Liverpool",/asset/study-for-the-sleeping-knights-edward-burne-jones/_AHwQjWVZhPeNA,https://lh3.googleusercontent.com/ci/AL18g_Q7VoKe0vQ5JNdHnTU6_FO4w64cvAIUJGxw9-XueGecpWZhR_QBIRARvRXPpGP_KbG4o6EXtQ=w128-h128-c,#e0d0b8,224,208,184,1.3807843,ORANGE,#FF9800,255,152,0,8
ygF-rpPBRwf2cw.jpg,ygF-rpPBRwf2cw,Woman in a Yellow Dress,Amedeo Modigliani,Castello di Rivoli Museo d'Arte Contemporanea,/asset/woman-in-a-yellow-dress-amedeo-modigliani/ygF-rpPBRwf2cw,https://lh3.googleusercontent.com/ci/AL18g_T6W2K40bO32bSz504zR3eZfCJ9d3n-Km0JzprMZfoLhekMSjzdYGFlETHFjSBd8iGNeP4V=w128-h128-c,#e0d2b8,224,210,184,0.64835167,ORANGE,#FF9800,255,152,0,8
OAHfFNzd6NaggQ.jpg,OAHfFNzd6NaggQ,La creazione della luce,Gaetano Previati,La Galleria Nazionale d’Arte Moderna e Contemporanea,/asset/la-creazione-della-luce-gaetano-previati/OAHfFNzd6NaggQ,https://lh3.googleusercontent.com/ci/AL18g_TYhFCKDxO70Iw3U-cgYjaDmvYwlPQh5nhQ1N7hbuU1h3ZbiYeu2SBJ-Eci48-qY7K3WDH3teo=w128-h128-c,#e0ceb8,224,206,184,1.0910153,ORANGE,#FF9800,255,152,0,8
7wGS0OsjyYi6sw.jpg,7wGS0OsjyYi6sw,Youngsters Playing Leapfrog,Unknown,Projeto Portinari,/asset/youngsters-playing-leapfrog/7wGS0OsjyYi6sw,https://lh3.googleusercontent.com/ci/AL18g_SjlMEeAaYnMvYemucaacKkwgHLiyy44tIMpAS78AIATzykduGIri6kktnWsb6GFXdr19fyUvo=w128-h128-c,#e0cfb8,224,207,184,1.2087826,ORANGE,#FF9800,255,152,0,8
1AF1InZLA9TGcg.jpg,1AF1InZLA9TGcg,Oorvashi,Ravi Varma Fine Art Lithographic Press Bombay,The Ganesh Shivaswamy Foundation,/asset/oorvashi-ravi-varma-fine-art-lithographic-press-bombay-and-raja-ravi-varma/1AF1InZLA9TGcg,https://lh3.googleusercontent.com/ci/AL18g_SFRHOmHsaG4ewA3DRrkoheiiKr_ahTV1nMg97qXN7GnyPmm2mk3MXao3HIaDiuxxN4vVjTVA=w128-h128-c,#e0d0b8,224,208,184,0.7007234,ORANGE,#FF9800,255,152,0,8
nwE2-E27PvJcgA.jpg,nwE2-E27PvJcgA,Paul Durand-Ruel,Pierre-Auguste Renoir (1841–1919),Frick Art Research Library,/asset/paul-durand-ruel-pierre-auguste-renoir-1841–1919/nwE2-E27PvJcgA,https://lh3.googleusercontent.com/ci/AL18g_RYB9OBXQ1FDMA88vLG0jH9b1P-Sxcn8wngiqbW1J03zZKa4JD5dPlf5QFE8u4_CtsHvRWJEg=w128-h128-c,#e0d0b8,224,208,184,0.8154714,ORANGE,#FF9800,255,152,0,8
qQGtW357PsdMYA.jpg,qQGtW357PsdMYA,No title.,Zdzislaw Beksinski,Nowa Huta Cultural Center,/asset/no-title-zdzislaw-beksinski/qQGtW357PsdMYA,https://lh3.googleusercontent.com/ci/AL18g_QXGUtsgYxIibntJ_WRi_zBislHooyUEa0RogGUc08TWWSlCi2yjeybV03huid95EtWkYY2GA=w128-h128-c,#e0cfb8,224,207,184,0.7454637,ORANGE,#FF9800,255,152,0,8
xQEYBYK7kYPu6A.jpg,xQEYBYK7kYPu6A,Indian Summer in the White Mountains,Sanford Robinson Gifford,The Mint Museum,/asset/indian-summer-in-the-white-mountains-sanford-robinson-gifford/xQEYBYK7kYPu6A,https://lh3.googleusercontent.com/ci/AL18g_QURzUk_NAYZSlKKWhkKKMOcL_-UFjDvBIy8zAfbw9QNZ4JhmWdwN2f0qLyaClywm3w2xr0ng=w128-h128-c,#e0cfb8,224,207,184,1.9059708,ORANGE,#FF9800,255,152,0,8
OwENFVwqcR9-mw.jpg,OwENFVwqcR9-mw,Twelve Studies of Vesuvius,Giuseppe De Nittis,Galleria d'Arte Moderna - Milano,/asset/twelve-studies-of-vesuvius-giuseppe-de-nittis/OwENFVwqcR9-mw,https://lh3.googleusercontent.com/ci/AL18g_TWf9IVdHMwMG_91KXcVEpGMsfdRNuZnIQp-7xm6RUdTRfxpAUPk4Cii_gIadlNV7t0_nL6aQ=w128-h128-c,#e0ceb8,224,206,184,0.56421053,ORANGE,#FF9800,255,152,0,8
5wHPwSlRjAh4PQ.jpg,5wHPwSlRjAh4PQ,Woman on a Sofa,Edgar Degas,The Metropolitan Museum of Art,/asset/woman-on-a-sofa-edgar-degas/5wHPwSlRjAh4PQ,https://lh3.googleusercontent.com/ci/AL18g_TMv5Wie6EhB-pJNA1ViVtSiTld8XmMKfmr_DW9uwQNqbqjyJKL_LkWaQAVU7Qlr189uA7XWQ=w128-h128-c,#e0cab8,224,202,184,0.8748052,ORANGE,#FF9800,255,152,0,8
IwEsOWKiqNixhQ.jpg,IwEsOWKiqNixhQ,Flaming June,Frederic Leighton,Museo de Arte de Ponce,/asset/flaming-june-frederic-leighton/IwEsOWKiqNixhQ,https://lh3.googleusercontent.com/ci/AL18g_S3aj375qa0qQwu8DOQwpZw50OeAm9fFsjqfmaGx326Hq0Kc_mHTzTXzptT92vrY9MDU-apLA=w128-h128-c,#e0c8b8,224,200,184,0.99040806,ORANGE,#FF9800,255,152,0,8
UgFerj51ijGnyg.jpg,UgFerj51ijGnyg,Four military saints,Damaskenos Michael,Benaki Museum of Greek Civilization,/asset/four-military-saints-damaskenos-michael/UgFerj51ijGnyg,https://lh3.googleusercontent.com/ci/AL18g_Qn26zIaO0RwoBoQNlsJpT1X81qCsKbgJnvA0fNDktdorxsImD7mv4dpQg-re3MleiHfsSZvw=w128-h128-c,#e0ceb8,224,206,184,0.80064976,ORANGE,#FF9800,255,152,0,8
bwGnYB0vF_jbvQ.jpg,bwGnYB0vF_jbvQ,Two generations.,Jerzy Duda-Gracz,Nowa Huta Cultural Center,/asset/two-generations-jerzy-duda-gracz/bwGnYB0vF_jbvQ,https://lh3.googleusercontent.com/ci/AL18g_SiHeHeLjcvEq9MAbg7nlluqTbqCz0eEf1MmnUY1PI3-2fgXPYvrcdiDFQL20zhglIYn9lvaHI=w128-h128-c,#e0d0b8,224,208,184,0.99435025,ORANGE,#FF9800,255,152,0,8
TAEmy9tsPzynvg.jpg,TAEmy9tsPzynvg,"Tan, Orange, Yellow, Lavender",Georgia O'Keeffe,Georgia O'Keeffe Museum,/asset/tan-orange-yellow-lavender-georgia-o-keeffe/TAEmy9tsPzynvg,https://lh3.googleusercontent.com/ci/AL18g_R86i4-0_Y0vKwxdhPPjLgJxYxL9lNZ_nHL79tz1qtJYz3I5jB8JvJR5nHidv8CwuEv31madbc=w128-h128-c,#e0ceb8,224,206,184,0.8326667,ORANGE,#FF9800,255,152,0,8
jQFrCQ45z4gO7g.jpg,jQFrCQ45z4gO7g,Girl with a Pearl Necklace (Montage of Frontside & Backside),Jan Vermeer van Delft,"Gemäldegalerie, Staatliche Museen zu Berlin",/asset/girl-with-a-pearl-necklace-montage-of-frontside-backside-jan-vermeer-van-delft/jQFrCQ45z4gO7g,https://lh3.googleusercontent.com/ci/AL18g_S-we79I8tc5wcjAaXl_pUcVTG2ABnazgltrmCwGhIYK1B_H5oxgAoKbax9tSdXAK1oMVdr0g=w128-h128-c,#e0d0b8,224,208,184,0.8471074,ORANGE,#FF9800,255,152,0,8
agG3QMnSjat1vg.jpg,agG3QMnSjat1vg,Gypsies of South India or Poverty,Raja Ravi Varma,Raja Ravi Varma Heritage Foundation,/asset/gypsies-of-south-india-or-poverty-raja-ravi-varma/agG3QMnSjat1vg,https://lh3.googleusercontent.com/ci/AL18g_S2oynfB5Nn-xA64-IboSVF1duTlkCjVVTt41jlYVmVzc2MDv-CtOKZialRLCcr-PIOYep7Ws8=w128-h128-c,#e0cab8,224,202,184,0.6454308,ORANGE,#FF9800,255,152,0,8
5QHxYuUG3YPSgQ.jpg,5QHxYuUG3YPSgQ,Circus,Unknown,Projeto Portinari,/asset/circus/5QHxYuUG3YPSgQ,https://lh3.googleusercontent.com/ci/AL18g_RLmuhE_F0AwkBBEx4hsVt_1qe9tbanOR6HRKv4M2LdU4UCFFgoAtxUr86VcY-EwyzhqrzX=w128-h128-c,#e0ceb8,224,206,184,1.2118537,ORANGE,#FF9800,255,152,0,8
VQFzEPSrSZkpPg.jpg,VQFzEPSrSZkpPg,Haitian Camion,Ellis Wilson,Harvey B. Gantt Center for African-American Arts+Culture,/asset/haitian-camion-ellis-wilson/VQFzEPSrSZkpPg,https://lh3.googleusercontent.com/ci/AL18g_R1t8wuesTZKFnG4ZonUe6CCPu604c7V9q2BelbaPEl5JEBk4pNXGrtp3O0S6CsVl3ZQm13=w128-h128-c,#e0d0b8,224,208,184,1.5,ORANGE,#FF9800,255,152,0,8
jgGpbpRV_ejeHQ.jpg,jgGpbpRV_ejeHQ,Niña ingrávida,Unknown,Museum of Contemporary Art Bogotá,/asset/niña-ingrávida/jgGpbpRV_ejeHQ,https://lh3.googleusercontent.com/ci/AL18g_R9JZMoMQtlFOcu4uS-2DuZOAAz-hktNuMwgqFdw46QLO19Av-qPZwX1rFodVTY_8gaFUi4=w128-h128-c,#e0ccb8,224,204,184,1.2443181,ORANGE,#FF9800,255,152,0,8
CQHtARtagX6-pA.jpg,CQHtARtagX6-pA,Encontro,Lasar Segall,Museu Lasar Segall,/asset/encontro-lasar-segall/CQHtARtagX6-pA,https://lh3.googleusercontent.com/ci/AL18g_TuVQbzBZEz7YgUsg3DskByunBO280OxAKUyWk5_uT6qO1GsUNg7cUj9IGb28fq1FMplutEBgw=w128-h128-c,#e0d0b8,224,208,184,0.8200646,ORANGE,#FF9800,255,152,0,8
dgF9TPJjaQgNWw.jpg,dgF9TPJjaQgNWw,"La-dóo-ke-a, Buffalo Bull, a Grand Pawnee Warrior","George Catlin, born Wilkes-Barre, PA 1796-died Jersey City, NJ 1872",Smithsonian American Art Museum,/asset/la-dóo-ke-a-buffalo-bull-a-grand-pawnee-warrior-george-catlin-born-wilkes-barre-pa-1796-died-jersey-city-nj-1872/dgF9TPJjaQgNWw,https://lh3.googleusercontent.com/ci/AL18g_QHyzb_7Sm_D_INb3xDh5DwWgwY0lYIVkA2MVy6zyj2BXpJRKvFgyucrBJAFT634T92QyrBLRw=w128-h128-c,#e0d0b8,224,208,184,0.82,ORANGE,#FF9800,255,152,0,8
aQFPFCOD3Dyg_g.jpg,aQFPFCOD3Dyg_g,Strange,Manabu Mabe,Museus Castro Maya,/asset/strange-manabu-mabe/aQFPFCOD3Dyg_g,https://lh3.googleusercontent.com/ci/AL18g_QPJytHHksZ2yg7xYJChPk21BuMH5cc7YdNfhRw35l-iFQxIdpglqll48PFnObYlV5f5tmH9w=w128-h128-c,#e0cfb8,224,207,184,1.2228688,ORANGE,#FF9800,255,152,0,8
2AGn_IsYqThXOw.jpg,2AGn_IsYqThXOw,Three Bathers,Auguste RENOIR,"The Museum of Modern Art, Saitama",/asset/three-bathers-auguste-renoir/2AGn_IsYqThXOw,https://lh3.googleusercontent.com/ci/AL18g_RUZq3LE5ycWNfjt3UMpaNi37C5XuXxXPk9Ys41YkwqKqYGt78hoAwyneJFe3VtniIQZZJlsMH_=w128-h128-c,#e0cfb8,224,207,184,1.2196878,ORANGE,#FF9800,255,152,0,8
uwEiyOlLyKZcow.jpg,uwEiyOlLyKZcow,Luz Contraluz,Pérez Celis,Pérez Celis - Museo Virtual,/asset/luz-contraluz-pérez-celis/uwEiyOlLyKZcow,https://lh3.googleusercontent.com/ci/AL18g_TRdixV5MJUijHYCQpF2JjhG1ugkLAXD1gBdZgh63bMgK2eMzgQfLuMxzcM4KAbBi9d_esLvQ=w128-h128-c,#e0ceb8,224,206,184,1.216,ORANGE,#FF9800,255,152,0,8
XwFOVSDTkGN0pg.jpg,XwFOVSDTkGN0pg,Alfred the Saxon King (Disguised as a Minstrel) in the Tent of Guthrum the Dane,Daniel Maclise,Laing Art Gallery,/asset/alfred-the-saxon-king-disguised-as-a-minstrel-in-the-tent-of-guthrum-the-dane-daniel-maclise/XwFOVSDTkGN0pg,https://lh3.googleusercontent.com/ci/AL18g_S4bkQ-0KcbaN05eXCe4e6iIxT5tdymoaSTn5gRvdONe_-KtLgxKD1pHhZrJbwOW4mVnGaDoQ=w128-h128-c,#e0d0b8,224,208,184,1.7801418,ORANGE,#FF9800,255,152,0,8
yQHL0BBGLO8Q6A.jpg,yQHL0BBGLO8Q6A,Portrait of Agatha - 1,Jerzy Duda-Gracz,Nowa Huta Cultural Center,/asset/portrait-of-agatha-1-jerzy-duda-gracz/yQHL0BBGLO8Q6A,https://lh3.googleusercontent.com/ci/AL18g_R0aXr1SuyFIrhhtL4EmBL0H-k14j7BqOYQB3we8HnxCStnIPlPml4ryLoXC6Hr3mgPIf3WRgPw=w128-h128-c,#e0ceb8,224,206,184,0.98579764,ORANGE,#FF9800,255,152,0,8
UwG4J7Hth2Z7gw.jpg,UwG4J7Hth2Z7gw,Aino Man,"Antonion Zeno Shindler, 1813 Bulgaria-died Washington, DC 1899",Smithsonian American Art Museum,/asset/aino-man-antonion-zeno-shindler-1813-bulgaria-died-washington-dc-1899/UwG4J7Hth2Z7gw,https://lh3.googleusercontent.com/ci/AL18g_RVOkI2r9tt4N1RWV4dTALzyYvd1eWYNnHXWIZCaCpsQdWpJ7McyxT9oosDGosPFML-1N6jN8Y=w128-h128-c,#e0cab8,224,202,184,0.6566667,ORANGE,#FF9800,255,152,0,8
nAHKM5y5_aoiEg.jpg,nAHKM5y5_aoiEg,Head of a Negro Boy,"Alice Pike Barney, born Cincinnati, OH 1857-died Los Angeles, CA 1931",Smithsonian American Art Museum,/asset/head-of-a-negro-boy-alice-pike-barney-born-cincinnati-oh-1857-died-los-angeles-ca-1931/nAHKM5y5_aoiEg,https://lh3.googleusercontent.com/ci/AL18g_RzEP_InFjuId2Fa2wuBt8qs6DcUgqZYsuS7nM61dp8gKXvkLz6rgTPLvGGb8MYhTk-gH7oXA=w128-h128-c,#e0d0b8,224,208,184,0.85833335,ORANGE,#FF9800,255,152,0,8
YgE3yHMmehN3lg.jpg,YgE3yHMmehN3lg,The Death of Ellenai,Witold Pruszkowski (1846–1896),National Museum in Wrocław,/asset/the-death-of-ellenai-witold-pruszkowski-1846–1896/YgE3yHMmehN3lg,https://lh3.googleusercontent.com/ci/AL18g_RyxO-pgYagKiT1hlWsz-6wXDOcQS0Rc1upt1_cbSHKNNbxZ8kxSpSPUwnIHfbL2t0sAqEaQ5-E=w128-h128-c,#e0c8b8,224,200,184,1.9375,ORANGE,#FF9800,255,152,0,8
MgFQSxu9qY_hIw.jpg,MgFQSxu9qY_hIw,Madame Amédée (Woman with Cigarette),Amedeo Modigliani,"National Gallery of Art, Washington DC",/asset/madame-amédée-woman-with-cigarette-amedeo-modigliani/MgFQSxu9qY_hIw,https://lh3.googleusercontent.com/ci/AL18g_S2FupXaQS6_EfJTIrN_l9m0a3GG--zBFcDID7GBkgI5moB53NQIYGP9i5XrOhO7TueHoY2muc=w128-h128-c,#e0ceb8,224,206,184,0.64697266,ORANGE,#FF9800,255,152,0,8
QAGdNBL_zDAGAg.jpg,QAGdNBL_zDAGAg,Rajah Rammohun Roy,"BRIGGS, Henry Perronet",Bristol Museums,/asset/rajah-rammohun-roy-briggs-henry-perronet/QAGdNBL_zDAGAg,https://lh3.googleusercontent.com/ci/AL18g_QKkWCF7uywWQroFMSqC6iyojnWa4scND4NvIeXvIAmx-5hz6Oi8fKMNN6nvSvEMTkO65xMzuk=w128-h128-c,#e0ceb8,224,206,184,0.6790952,ORANGE,#FF9800,255,152,0,8
TwGStfi_umRViQ.jpg,TwGStfi_umRViQ,La tentación de San Antonio,"Pieter Brueghel, el Joven",Museo Soumaya.Fundación Carlos Slim,/asset/la-tentación-de-san-antonio-pieter-brueghel-el-joven/TwGStfi_umRViQ,https://lh3.googleusercontent.com/ci/AL18g_TBCEBKVP6L0axXiRMubFs0bHrt6hvq3A0J0pdX5dP8jh8ckFowK3GNQ4H8Ow_Gx6CAC26O-Dg0=w128-h128-c,#e0d0b8,224,208,184,1.3668982,ORANGE,#FF9800,255,152,0,8
cAGppoODXeGnNg.jpg,cAGppoODXeGnNg,Landscape with Crows,Karl Friedrich Lessing,Los Angeles County Museum of Art,/asset/landscape-with-crows-karl-friedrich-lessing/cAGppoODXeGnNg,https://lh3.googleusercontent.com/ci/AL18g_Qj21UBHnNatTsxJOPRT8QGzN-kiTlF-B18eLSFDBFbOL2MkA7D12oEwBDkPhbq_VkVIYyNzLMs=w128-h128-c,#e0cfb8,224,207,184,1.4984242,ORANGE,#FF9800,255,152,0,8
YQFuffs5iRyXOg.jpg,YQFuffs5iRyXOg,Landscape with Figure Blessing the Landscape,Sazhin Nikolay,Erarta Museum of Contemporary Art,/asset/landscape-with-figure-blessing-the-landscape-sazhin-nikolay/YQFuffs5iRyXOg,https://lh3.googleusercontent.com/ci/AL18g_SAoDUU2rKo-Kwdlrl0JsTTII1QyVFJ5qMGQYqizmUgVrO4X1BM8jNFz4Do1-C2KidmksWxKrE=w128-h128-c,#e0ceb8,224,206,184,1.00025,ORANGE,#FF9800,255,152,0,8
swFVTIKeznO0OA.jpg,swFVTIKeznO0OA,A Folkloric Lebanese Wedding,JAMIL MOLAEB,Dalloul Art Foundation,/asset/a-folkloric-lebanese-wedding-jamil-molaeb/swFVTIKeznO0OA,https://lh3.googleusercontent.com/ci/AL18g_S2UaOyNqX34eLp-0TnmQWY2vQ-yl4jck-i3xAYo5Z7hcJatHAyJzg4t7GhrTeuMlt6wMDnew=w128-h128-c,#e0ceb8,224,206,184,2.2068965,ORANGE,#FF9800,255,152,0,8
pAExbLv2RU--Ow.jpg,pAExbLv2RU--Ow,Prometheus (detail),José Clemente Orozco,Pomona College Museum of Art,/asset/prometheus-detail-josé-clemente-orozco/pAExbLv2RU--Ow,https://lh3.googleusercontent.com/ci/AL18g_Qtzo2i4ntGOnFkJem-EKYEwgjML_3LHO6DtSgDBHERlb1KQsEdUp1GAFczIh4N1BhQfS0xgTs=w128-h128-c,#e0c8b8,224,200,184,1.3921114,ORANGE,#FF9800,255,152,0,8
IAHBCuwmra8KHw.jpg,IAHBCuwmra8KHw,Twelve Studies of Vesuvius,Giuseppe De Nittis,Galleria d'Arte Moderna - Milano,/asset/twelve-studies-of-vesuvius-giuseppe-de-nittis/IAHBCuwmra8KHw,https://lh3.googleusercontent.com/ci/AL18g_R5QrtH4wRpG1i7jWHaWToK-qmNh7N9VluqcZCis_cRF6tiq5npb6T_Qo3MmaX7QZRZNQV6Es8u=w128-h128-c,#e0d0b8,224,208,184,1.4125705,ORANGE,#FF9800,255,152,0,8
NQEabTiTjT-Pfg.jpg,NQEabTiTjT-Pfg,Madonna and Child Between Two Saints,Giovanni Battista Cima da Conegliano,The Nivaagaard Collection,/asset/madonna-and-child-between-two-saints-giovanni-battista-cima-da-conegliano/NQEabTiTjT-Pfg,https://lh3.googleusercontent.com/ci/AL18g_S4w-CJJk1pBaXPOoAPvMuEGV8H8ec2-ZNSV7ck9oHuFQg0zZ8hs0Rq-8RFF9g-r1T5gr9ocg=w128-h128-c,#e0ceb8,224,206,184,1.4376812,ORANGE,#FF9800,255,152,0,8
pQFgQIk9i2DEkQ.jpg,pQFgQIk9i2DEkQ,Maharana Fateh Singh of Mewar,Raja Ravi Varma,The Ganesh Shivaswamy Foundation,/asset/maharana-fateh-singh-of-mewar-raja-ravi-varma/pQFgQIk9i2DEkQ,https://lh3.googleusercontent.com/ci/AL18g_SrXe72zMFnCcGQhugix6Y15j8gzm1hm_TtcHQrIWQRGdBlBQQRLS5SZnviq5bh9EuPpKHYGw=w128-h128-c,#e0cab8,224,202,184,0.743865,ORANGE,#FF9800,255,152,0,8
jgH3gm5GTw5Evw.jpg,jgH3gm5GTw5Evw,Monica Lisa,Maurico De Sousa,Gyeonggi Museum of Modern Art,/asset/monica-lisa-maurico-de-sousa/jgH3gm5GTw5Evw,https://lh3.googleusercontent.com/ci/AL18g_RlnUlvikY_56a6v-ezHouwQ3a32yg8-BdgiDkUmgMaxtwCCvwfbw44XDYj9_6O3WKvHOGKvQ=w128-h128-c,#e0cab8,224,202,184,0.8421927,ORANGE,#FF9800,255,152,0,8
8AHylYlTKuSfsw.jpg,8AHylYlTKuSfsw,Cartel promocional de la película “La Generala”,Autor no identificado,Fundación Televisa Collection and Archive,/asset/cartel-promocional-de-la-película-“la-generala”-autor-no-identificado/8AHylYlTKuSfsw,https://lh3.googleusercontent.com/ci/AL18g_Qdc__d2WSUsJAzDszS1SLUhq13AUXQC58hlmRCXzJYYiLZ454qwvIj4Q8GGd7SAXyEIlEDGBnV=w128-h128-c,#e0ceb8,224,206,184,0.71464646,ORANGE,#FF9800,255,152,0,8
mAHIQ6zdNUQ9xQ.jpg,mAHIQ6zdNUQ9xQ,Harmony in Flesh Colour and Red,Unknown,"Museum of Fine Arts, Boston",/asset/harmony-in-flesh-colour-and-red/mAHIQ6zdNUQ9xQ,https://lh3.googleusercontent.com/ci/AL18g_Rh2iCGhsU-wm2-SoIEdMBT9vgYhU5dDUDUoDX8ecjALS7_21bgnIUrpTIQhTlh4OHSmF0KtQ=w128-h128-c,#e0d0b8,224,208,184,0.89932215,ORANGE,#FF9800,255,152,0,8
sgEw1hQVnbz1vQ.jpg,sgEw1hQVnbz1vQ,Painted Desert Inn Mural,Fred Kabotie,Arizona Preservation Foundation,/asset/painted-desert-inn-mural-fred-kabotie/sgEw1hQVnbz1vQ,https://lh3.googleusercontent.com/ci/AL18g_SGMikdN7JrRciCS60nKUCragEC-wzsB0uYwvmBvzhGxMJsj720rhzSwUGofroZkrrMaHHF0g=w128-h128-c,#e0cab8,224,202,184,1.380157,ORANGE,#FF9800,255,152,0,8
iwHqv0_E2P39hw.jpg,iwHqv0_E2P39hw,Desert Town,Fuku Akino,Hamamatsu City Fuku Akino Art Museum,/asset/desert-town-fuku-akino/iwHqv0_E2P39hw,https://lh3.googleusercontent.com/ci/AL18g_Q22M3K90WqqjjpyG5WZ_yyRck2T1uVWbDBwDTYBAuAoOxIQTCWOJI1F3Jj2G6fw-UEoKDZ_A=w128-h128-c,#e0cab8,224,202,184,1.9156262,ORANGE,#FF9800,255,152,0,8
3gEQdpdIoayfKQ.jpg,3gEQdpdIoayfKQ,Draupadi Sudeshna,Ravi Varma Press,Raja Ravi Varma Heritage Foundation,/asset/draupadi-sudeshna-ravi-varma-press/3gEQdpdIoayfKQ,https://lh3.googleusercontent.com/ci/AL18g_Qkt024TeYH4zhWJUS6ZVQMEpRuRX7wlgKeq-96_PaG7pwCLuaJre4-rUUmikyCwKyjPBdooQJ_=w128-h128-c,#e0d0b8,224,208,184,0.7031031,ORANGE,#FF9800,255,152,0,8
SQFGXEmvmI_X6Q.jpg,SQFGXEmvmI_X6Q,Nude Woman,Sava Šumanović,The Pavle Beljanski Memorial Collection,/asset/nude-woman-sava-Šumanović/SQFGXEmvmI_X6Q,https://lh3.googleusercontent.com/ci/AL18g_QG_9NZyqQkEC7M9-y5piT3cmOKjuBypnrqKyxEDdlMze0uOJmrTteUSAM3wTlljK9KYHOIc50=w128-h128-c,#e0d0b8,224,208,184,0.8100998,ORANGE,#FF9800,255,152,0,8
FgFdSOs6-EcV6A.jpg,FgFdSOs6-EcV6A,London 2026 AD this is all in the air,Montague B Black,London Transport Museum,/asset/london-2026-ad-this-is-all-in-the-air-montague-b-black/FgFdSOs6-EcV6A,https://lh3.googleusercontent.com/ci/AL18g_TAIxccT0wP-bD6I5aMHGGGNcGFtivG40qqXbl9JRVIlk8AwvkEUaeCQqMcNsRJhxRVQk473g=w128-h128-c,#e0d2b8,224,210,184,1.2527324,ORANGE,#FF9800,255,152,0,8
bQG88uZGYPOfFA.jpg,bQG88uZGYPOfFA,DaVinci Head of a Young Woman,Hannah Rose Thomas,The Prince's Foundation,/asset/davinci-head-of-a-young-woman-hannah-rose-thomas/bQG88uZGYPOfFA,https://lh3.googleusercontent.com/ci/AL18g_TE4OOK9eC5A-rnoWZn2ZOFDTZgc2YjBj6TIR2Mt2vBk-N8Abu71MPtEY3VLAIXN3gpYL557vQ=w128-h128-c,#e0ceb8,224,206,184,0.8278736,ORANGE,#FF9800,255,152,0,8
cwE0v-SsQ-3f4w.jpg,cwE0v-SsQ-3f4w,Portrait of Mrs. Martha Dix,Otto Dix,Museum Folkwang,/asset/portrait-of-mrs-martha-dix-otto-dix/cwE0v-SsQ-3f4w,https://lh3.googleusercontent.com/ci/AL18g_Trdbx6ZIerrrhS9i2LeDJlCxVPK_dNBnNhLhDPPnIw6WNDZ000F36uZFaTfeQBboBPPOmbexX5=w128-h128-c,#e0d0b8,224,208,184,0.8984,ORANGE,#FF9800,255,152,0,8
jAF1fSRLmdgd2Q.jpg,jAF1fSRLmdgd2Q,Madonna and Child,Jacopo Bellini,Los Angeles County Museum of Art,/asset/madonna-and-child-jacopo-bellini/jAF1fSRLmdgd2Q,https://lh3.googleusercontent.com/ci/AL18g_SeICkzP_LNtACUPLc1ynUzcIDIdYkw3h0V4WpoRGr0TbhN6pTA2YUmfcyR1javJ6EkpOscKco=w128-h128-c,#e0cfb8,224,207,184,0.6771778,ORANGE,#FF9800,255,152,0,8
EQGn4b3QdyUv7A.jpg,EQGn4b3QdyUv7A,Madonna and Child,Luca Signorelli (Luca d'Egidio di Luca di Ventura),The Metropolitan Museum of Art,/asset/madonna-and-child-luca-signorelli-luca-d-egidio-di-luca-di-ventura/EQGn4b3QdyUv7A,https://lh3.googleusercontent.com/ci/AL18g_S6C05249TTjMj0DcEInZlkAwVuNEnBQ-1dbvUuiGDq8nwoebvkM4Yv8qt-FlOiHEXSf1mHxc8-=w128-h128-c,#e0ceb8,224,206,184,0.9139989,ORANGE,#FF9800,255,152,0,8
5gHG3wG-Qy5sRw.jpg,5gHG3wG-Qy5sRw,Chief Flat Iron-Sioux,Joseph Henry Sharp,Panhandle-Plains Historical Museum,/asset/chief-flat-iron-sioux-joseph-henry-sharp/5gHG3wG-Qy5sRw,https://lh3.googleusercontent.com/ci/AL18g_TyBOHn4fAuj-Xj2XeJsMyR54zc7rjtmmVQlAMzff5y6BU6DnZONP0g4T5038HmrjqY9GYbu1Sa=w128-h128-c,#e0d0b8,224,208,184,0.72786456,ORANGE,#FF9800,255,152,0,8
kgEokL27Xbf5OA.jpg,kgEokL27Xbf5OA,Still Life with Fruit,Isaac Soreau,Veneranda Biblioteca Ambrosiana,/asset/still-life-with-fruit-isaac-soreau/kgEokL27Xbf5OA,https://lh3.googleusercontent.com/ci/AL18g_TWBdfJvR2KILB6uf0ONzf2EvA17dkOvwRq6nZ_k2a8mPSCUCtALip2c4iJe_DJCo1P91b26uc=w128-h128-c,#e0d0b8,224,208,184,1.3115764,ORANGE,#FF9800,255,152,0,8
zgFwRGxAsnC6ww.jpg,zgFwRGxAsnC6ww,The Mass of Saint Gregory,Spanish Painter,The Metropolitan Museum of Art,/asset/the-mass-of-saint-gregory-spanish-painter/zgFwRGxAsnC6ww,https://lh3.googleusercontent.com/ci/AL18g_R_bmJZ1Xe2MWIuBG8_mDiy8A7BbVoz2IBHgYr3i_6Bi6em6l-drIYwPDQWK_2kXCO-0WGbTbg=w128-h128-c,#e0d0b8,224,208,184,0.8038162,ORANGE,#FF9800,255,152,0,8
AAG9Kt3Sr1U2SQ.jpg,AAG9Kt3Sr1U2SQ,The White Kimono,Kenneth Hayes Miller,The Phillips Collection,/asset/the-white-kimono-kenneth-hayes-miller/AAG9Kt3Sr1U2SQ,https://lh3.googleusercontent.com/ci/AL18g_QyCqQUguwqmzWMNJlzFMNxRv9aBUTRO_YJ8OtXxleXOr8xPXVQUYtFJdkjw4zT3ZgTjFLEtpA=w128-h128-c,#e0c8b8,224,200,184,0.837125,ORANGE,#FF9800,255,152,0,8
7AFXqWJNOgIpMg.jpg,7AFXqWJNOgIpMg,The Trinity,"Laurent Girardin (French, 1478)",The Cleveland Museum of Art,/asset/the-trinity-laurent-girardin-french-1478/7AFXqWJNOgIpMg,https://lh3.googleusercontent.com/ci/AL18g_QFfpXIHKS5xkYcyu1bldTWcjCKddr_M8wu5sD1agbpfYjhgrkX0tONMZI-Jrfke6c-lUkElj0=w128-h128-c,#e0d0b8,224,208,184,0.83235294,ORANGE,#FF9800,255,152,0,8
CwFdyyNgndgfGw.jpg,CwFdyyNgndgfGw,Portrait of Madame Champsaur,Claude-Émile Schuffenecker,Museum of Pont-Aven,/asset/portrait-of-madame-champsaur-claude-Émile-schuffenecker/CwFdyyNgndgfGw,https://lh3.googleusercontent.com/ci/AL18g_QNiHvuwp_YmUrNJ-XywUNj1aqaF3BOQto-haMvxyH6pxD5YQwoXxfMkKq4nlc3dBfHa0eyOiU=w128-h128-c,#e0ceb8,224,206,184,1.1156,ORANGE,#FF9800,255,152,0,8
cQGSvuBLkIGO4g.jpg,cQGSvuBLkIGO4g,The Dormition of the Virgin,Ioannes Mokos,The Metropolitan Museum of Art,/asset/the-dormition-of-the-virgin-ioannes-mokos/cQGSvuBLkIGO4g,https://lh3.googleusercontent.com/ci/AL18g_Tg60mrDUAvgv3u6-uMX3BW3728oipkiFdsMaAc6CCf506p0lu1LQ1Kj2-VKBriz0RlH_kp6g=w128-h128-c,#e0c8b8,224,200,184,0.8138298,ORANGE,#FF9800,255,152,0,8
KQEFHvJaCbuTKw.jpg,KQEFHvJaCbuTKw,Préparation pour la Proclamation au Peuple de L'Acta de Indépendence,Blaise Saint-Louis,Inter-American Development Bank,/asset/préparation-pour-la-proclamation-au-peuple-de-l-acta-de-indépendence-blaise-saint-louis/KQEFHvJaCbuTKw,https://lh3.googleusercontent.com/ci/AL18g_T61XZvM37W5x-F7dzdnKbX-VvrZYvoRki5JbIoxtOiu93iVY-UrxwiTXQ0b77FizAnzJVgKJk=w128-h128-c,#e0c8b8,224,200,184,1.394424,ORANGE,#FF9800,255,152,0,8
AQHffXzYHW1MJg.jpg,AQHffXzYHW1MJg,View of Dordrecht with the Grote Kirk Across the Maas,Jan Josefsz. van Goyen,"Walker Art Gallery, Liverpool",/asset/view-of-dordrecht-with-the-grote-kirk-across-the-maas-jan-josefsz-van-goyen/AQHffXzYHW1MJg,https://lh3.googleusercontent.com/ci/AL18g_Sy-NyVC0cLhzu-XGB2UkGSd57kHdsNXGujseFlPgjzKrE0E69nZfkhtEI7dSFQd-V4iweODA=w128-h128-c,#e0d0b8,224,208,184,1.5149325,ORANGE,#FF9800,255,152,0,8
UQEVLbpAwhvNLA.jpg,UQEVLbpAwhvNLA,The Child Pyrrhos imploring King Glaucus for Asylum,Angelica Kauffmann,"Museum of Fine Arts, Budapest",/asset/the-child-pyrrhos-imploring-king-glaucus-for-asylum-angelica-kauffmann/UQEVLbpAwhvNLA,https://lh3.googleusercontent.com/ci/AL18g_TOTnTgoOz0PTKa0zoHpxgpWzIMu4iL6ljt5sv480mvUDYtcWUdQTMnVKpnhzA1rVk8CFyuOFE=w128-h128-c,#e0cfb8,224,207,184,1.3339608,ORANGE,#FF9800,255,152,0,8
BwFdnfTDWndhNA.jpg,BwFdnfTDWndhNA,The Two Majesties (Les Deux Majestés),Jean-Léon Gérôme,Milwaukee Art Museum,/asset/the-two-majesties-les-deux-majestés-jean-léon-gérôme/BwFdnfTDWndhNA,https://lh3.googleusercontent.com/ci/AL18g_T7L4ks9IayJpW7IV87_BB2Uj5cWQMrFnXPby3jsdKCfQZEorL_RF95wchVlKVOIv9clo_CkQ=w128-h128-c,#e0c6b8,224,198,184,1.83675,ORANGE,#FF9800,255,152,0,8
bQGYSkqjaipALQ.jpg,bQGYSkqjaipALQ,Review of the troops by Paul I in Gatchina,Otto Gottlieb Schwarz (1800-1862),Gatchina Palace and Estate Museum,/asset/review-of-the-troops-by-paul-i-in-gatchina-otto-gottlieb-schwarz-1800-1862/bQGYSkqjaipALQ,https://lh3.googleusercontent.com/ci/AL18g_SfT-YVdsAQFWx6wQi6HWN-1vOX7aAQCzpM1yQdWM2w5lt4C0Y6TtZg9lRbNWD8_8xAgDssRok=w128-h128-c,#e0cab8,224,202,184,1.4553192,ORANGE,#FF9800,255,152,0,8
0QHQuLM98i2ilg.jpg,0QHQuLM98i2ilg,Bosco Cooper,Dave Cooper,Colección SOLO,/asset/bosco-cooper-dave-cooper/0QHQuLM98i2ilg,https://lh3.googleusercontent.com/ci/AL18g_Qn616UtlYO5b7Lu2G0dUb5x2ISehhwdZT-rcWKwnsU7CJQyKnziK8QavCBh1rIlYPRx9rE-CY=w128-h128-c,#e0d2b8,224,210,184,3.0550897,ORANGE,#FF9800,255,152,0,8
JwHHPf5dxHxNSA.jpg,JwHHPf5dxHxNSA,Lapis Refugii,Peter Pollág,Galéria umelcov Spiša,/asset/lapis-refugii-peter-pollág/JwHHPf5dxHxNSA,https://lh3.googleusercontent.com/ci/AL18g_TY0SnpT7NyHmmADrD05JjbP_90Ul4aXpyJk3gZecHOfRygQ7Eu5BQIlu2HKR5GiNAGhyRM6BY=w128-h128-c,#e0ceb8,224,206,184,0.8674912,ORANGE,#FF9800,255,152,0,8
egFNN533pdtbjQ.jpg,egFNN533pdtbjQ,Girl getting out of the bath,Paolo Vetri,"Gallery of Modern Art ""Empedocle Restivo""",/asset/girl-getting-out-of-the-bath-paolo-vetri/egFNN533pdtbjQ,https://lh3.googleusercontent.com/ci/AL18g_Q2p0KkVr8LNoSJKPFTKdwEH7OF2wkCkK0UuNape7nYF4sp7ZT23jAM1gVdvCljyBpdJL3uBAA=w128-h128-c,#e0c8b8,224,200,184,0.73677206,ORANGE,#FF9800,255,152,0,8
eAGTj1BXdH2kug.jpg,eAGTj1BXdH2kug,A Female Allegorical Figure,Giovanni Battista Tiepolo,The Metropolitan Museum of Art,/asset/a-female-allegorical-figure-giovanni-battista-tiepolo/eAGTj1BXdH2kug,https://lh3.googleusercontent.com/ci/AL18g_REUaGlB2cIeQ6j4W1eLmHh8QE7If-LuejZox4_WpzGCD5pUllpl-3cHkAU3JaKBAlcR8awRzYl=w128-h128-c,#e0ceb8,224,206,184,0.79714054,ORANGE,#FF9800,255,152,0,8
bwGdUIf3iACqOA.jpg,bwGdUIf3iACqOA,The Walker,Max Klinger,"Alte Nationalgalerie, Staatliche Museen zu Berlin",/asset/the-walker-max-klinger/bwGdUIf3iACqOA,https://lh3.googleusercontent.com/ci/AL18g_QZTXWS7FX0yOqno1Vln90bvnjQ2CBKzi03CwLHn5n3Q6ZFxsT9GuYfFsAMhSXR16lPiXXZEqA=w128-h128-c,#e0c8b8,224,200,184,2.4,ORANGE,#FF9800,255,152,0,8
QwF4aFun20gnnA.jpg,QwF4aFun20gnnA,"Three Celebrated Ball Players - Choctaw, Sioux and Ojibbeway",George Catlin,"National Gallery of Art, Washington DC",/asset/three-celebrated-ball-players-choctaw-sioux-and-ojibbeway-george-catlin/QwF4aFun20gnnA,https://lh3.googleusercontent.com/ci/AL18g_RBesmlu9ca4Aiu8UMIastbWqbvDHl_oMHooU7R_SNOr4Mh0ghs458-u2dm2gU7nSh3RaEojLZT=w128-h128-c,#e0d0b8,224,208,184,1.3359426,ORANGE,#FF9800,255,152,0,8
pAGxMJZEiQamdA.jpg,pAGxMJZEiQamdA,Battle of Guararapes,Vítor Meireles,Museu Nacional de Belas Artes,/asset/battle-of-guararapes-vítor-meireles/pAGxMJZEiQamdA,https://lh3.googleusercontent.com/ci/AL18g_TJ5LG4-8gAdNR6-fo1BiHcjnNPzNHhClhFKmuQtZPgvraVM2231c4YdgWwkHrtMrWjZCNUCtp2=w128-h128-c,#e0d0b8,224,208,184,1.8661692,ORANGE,#FF9800,255,152,0,8
zgF6VOZ1TDG7qA.jpg,zgF6VOZ1TDG7qA,Earth Seen from Venus,Max Ernst,Tel Aviv Museum of Art,/asset/earth-seen-from-venus-max-ernst/zgF6VOZ1TDG7qA,https://lh3.googleusercontent.com/ci/AL18g_TNZCBkdaSiUbYWJ5q0-iftqm8GmTyei5joUbiOAyqLCzirjveuDW99LqYlf27tQThjxwhMIA=w128-h128-c,#e0c7b8,224,199,184,0.7872667,ORANGE,#FF9800,255,152,0,8
aQHvkhb0p4Dxew.jpg,aQHvkhb0p4Dxew,Award for Carless Talk (version 2),Jeff Gates,Chamomile Tea Party,/asset/award-for-carless-talk-version-2-jeff-gates/aQHvkhb0p4Dxew,https://lh3.googleusercontent.com/ci/AL18g_Q9fQJgM57zi6rfZ4Te_r-AWurqIVqQWOx9Uyn7IfqTxEG7HZ6h5w5V0mtOi8IUrfOoIjvIHAea=w128-h128-c,#e0cab8,224,202,184,0.71492404,ORANGE,#FF9800,255,152,0,8
zAH7XGs6GZHZ8Q.jpg,zAH7XGs6GZHZ8Q,"Rodrigo de Freitas Lagoon, Rio de Janeiro, RJ",Nicola Facchinetti,Museu Nacional de Belas Artes,/asset/rodrigo-de-freitas-lagoon-rio-de-janeiro-rj-nicola-facchinetti/zAH7XGs6GZHZ8Q,https://lh3.googleusercontent.com/ci/AL18g_THAZFlJ1gg92z9Q9SWzZHFDK_nJLhhAupfWQLpBXgpYglfT4JItlKAd2hXrdiHaXDQ23xRjA=w128-h128-c,#e0ceb8,224,206,184,3.0887496,ORANGE,#FF9800,255,152,0,8
0gHuvxScZZmpfA.jpg,0gHuvxScZZmpfA,La Vieille du Pouldu,Paul Sérusier,Musée des Beaux-Arts de Quimper,/asset/la-vieille-du-pouldu-paul-sérusier/0gHuvxScZZmpfA,https://lh3.googleusercontent.com/ci/AL18g_S5zwx4tQ6E-AFNl-m4M0b4nQiLxyxUvrLc3aB5s0Jvg9_0O0jXs8vxR4sMp22CSCotV7PPGeM=w128-h128-c,#e0c8b8,224,200,184,1.275289,ORANGE,#FF9800,255,152,0,8
2gHA7lXFdv09ow.jpg,2gHA7lXFdv09ow,Blossoms,Albert Moore,Tate Britain,/asset/blossoms-albert-moore/2gHA7lXFdv09ow,https://lh3.googleusercontent.com/ci/AL18g_SAZ4wQV0IR5WlS7UaumN-CxfPvpbbSLZy7Ux8C8LqjTi2pw2Q9WyYluP14uXwLhQey6DLxOmU=w128-h128-c,#e0d0b8,224,208,184,0.3105023,ORANGE,#FF9800,255,152,0,8
WQGLetZGeD0FvA.jpg,WQGLetZGeD0FvA,"Young Omahaw, War Eagle, Little Missouri, and Pawnees",Charles Bird King,The James Monroe Museum,/asset/young-omahaw-war-eagle-little-missouri-and-pawnees-charles-bird-king/WQGLetZGeD0FvA,https://lh3.googleusercontent.com/ci/AL18g_TtVy_dt-LMCY-YtPzvVfiB_fY_PiMw26V8dx0MIZwpXBom7D1QLEmuABZnknn1VlZ4ajrIprA=w128-h128-c,#e0ceb8,224,206,184,1.3079438,ORANGE,#FF9800,255,152,0,8
twECg4xY-DFMDw.jpg,twECg4xY-DFMDw,Soccer,Unknown,Projeto Portinari,/asset/soccer/twECg4xY-DFMDw,https://lh3.googleusercontent.com/ci/AL18g_RjTY1SKeXT1lltLj1y6xJy1dt2VX2esal9cmINKP9mnuwcWS-sNswZueupSjFtSNowT6ZAhQ=w128-h128-c,#e0d0b8,224,208,184,1.3388796,ORANGE,#FF9800,255,152,0,8
5wHI7TBP4I3gSg.jpg,5wHI7TBP4I3gSg,Virgen con el niño y San Juan,Unknown,Museo Nacional de Bellas Artes de Argentina,/asset/virgen-con-el-niño-y-san-juan/5wHI7TBP4I3gSg,https://lh3.googleusercontent.com/ci/AL18g_QDGWKnV0ulUP4P66ggAEpnX9CGua4lbU7S8wK3rJ-9N3srXHKqvQ5G_k4ck6mE-Q08QFgg-e8=w128-h128-c,#e0ceb8,224,206,184,0.7617329,ORANGE,#FF9800,255,152,0,8
EAHCpkgtb5jf3g.jpg,EAHCpkgtb5jf3g,La fille aux yeux verts (The Girl with Green Eyes),Henri Matisse,San Francisco Museum of Modern Art (SFMOMA),/asset/la-fille-aux-yeux-verts-the-girl-with-green-eyes-henri-matisse/EAHCpkgtb5jf3g,https://lh3.googleusercontent.com/ci/AL18g_RAFdkfUr6x9MomLwiajbebVBpz1MhqDVO4u0Q7J6_1FgTVFLi4aPh-2AgG9PkZq3Ls2-WGOZU=w128-h128-c,#e0c8b8,224,200,184,0.7689963,ORANGE,#FF9800,255,152,0,8
ugG-SfYz98UTPA.jpg,ugG-SfYz98UTPA,"Ridotto, ceiling, Harmony on the throne",Giovanni Azzi,Teatro Regio di Parma,/asset/ridotto-ceiling-harmony-on-the-throne-giovanni-azzi/ugG-SfYz98UTPA,https://lh3.googleusercontent.com/ci/AL18g_SHR0Z2bJS6UECGNkG1uuV6F8qqpvzlHq0f3FdCjytylyG17czNJN8AKFGJ9lO_odZK6tfmbUg=w128-h128-c,#e0cab8,224,202,184,0.6259046,ORANGE,#FF9800,255,152,0,8
1QHFyCN4aIu2eA.jpg,1QHFyCN4aIu2eA,"Wi-jún-jon, Pigeon's Egg Head (The Light), a Distinguished Young Warrior","George Catlin, born Wilkes-Barre, PA 1796-died Jersey City, NJ 1872",Smithsonian American Art Museum,/asset/wi-jún-jon-pigeon-s-egg-head-the-light-a-distinguished-young-warrior-george-catlin-born-wilkes-barre-pa-1796-died-jersey-city-nj-1872/1QHFyCN4aIu2eA,https://lh3.googleusercontent.com/ci/AL18g_TgM5vJfP9MWMkJlQuKLXS6oq1oM5s9_uUwZgv--18xy3JTi_KwHqxspLUGXkBB-BhxKkoVxv0=w128-h128-c,#e0c8b8,224,200,184,0.81890947,ORANGE,#FF9800,255,152,0,8
qQE-VXgmbkiPRw.jpg,qQE-VXgmbkiPRw,Chitralekha,"Ravi Varma Press, Karla, Lonavala",The Ganesh Shivaswamy Foundation,/asset/chitralekha-ravi-varma-press-karla-lonavala-and-raja-ravi-varma/qQE-VXgmbkiPRw,https://lh3.googleusercontent.com/ci/AL18g_T3v8P3-N8uR_ucAumkTpnFAyWeBYtQkZkRfHXMkJv9BF2CpnIX82-jkb9h2HgB-UwhCD2yrbw=w128-h128-c,#e0c8b8,224,200,184,0.67753744,ORANGE,#FF9800,255,152,0,8
MwEu3e99qoXUHA.jpg,MwEu3e99qoXUHA,Basket of fruit,Caravaggio (Michelangelo Merisi),Veneranda Biblioteca Ambrosiana,/asset/basket-of-fruit-caravaggio-michelangelo-merisi/MwEu3e99qoXUHA,https://lh3.googleusercontent.com/ci/AL18g_Ryv3PMj-4zgyMoZC-iGWhQEduK89cFHDPdkxuyGW-ekka-uZhV2AlmzqfgsgNWUClBV1dYsaw=w128-h128-c,#e0cab8,224,202,184,1.302757,ORANGE,#FF9800,255,152,0,8
EAGLgcrthcpSsQ.jpg,EAGLgcrthcpSsQ,Fisherman selling fish,Ivan Generalic,"Koprivnica Town Museum - Gallery of Naive Art, Hlebine",/asset/fisherman-selling-fish-ivan-generalic/EAGLgcrthcpSsQ,https://lh3.googleusercontent.com/ci/AL18g_SwNnnwbxBW8Ccu7TTSzGBNY2EkAY8QN6zkQRmTAnJuJDwNBvk_0KvaNIYmEN8ZJHAR5Mm16zs=w128-h128-c,#e0d0b8,224,208,184,1.1734155,ORANGE,#FF9800,255,152,0,8
FAEvlawAHF_dyQ.jpg,FAEvlawAHF_dyQ,Recruiting Poster 'The Isle of Saints and Soldiers',Central Council for the Organisation of Recruiting in Ireland,The Library of Trinity College Dublin,/asset/recruiting-poster-the-isle-of-saints-and-soldiers-central-council-for-the-organisation-of-recruiting-in-ireland/FAEvlawAHF_dyQ,https://lh3.googleusercontent.com/ci/AL18g_RXEFA31lO-M_9qdAwJ1Tj7DL3Wc5dAOoQKeezL63Ra4mzaiIY_PcoXbcp6JGzDHZh82cxavkhh=w128-h128-c,#e0d0b8,224,208,184,0.6838947,ORANGE,#FF9800,255,152,0,8
QgEnw14IVhNLUQ.jpg,QgEnw14IVhNLUQ,Saint John the Baptist,Unknown,Museu de São Roque,/asset/saint-john-the-baptist/QgEnw14IVhNLUQ,https://lh3.googleusercontent.com/ci/AL18g_R1muIXOVTwGEpv1-LZn2j308633lphqY6eK7N-Uzbea9dP8f6Ht5CtzA2K-jDBAqoYp7favXAt=w128-h128-c,#e0cab8,224,202,184,0.48459002,ORANGE,#FF9800,255,152,0,8
DQFaNizw6fgfhw.jpg,DQFaNizw6fgfhw,Saint Cecilia,Unknown,Museo Nacional de Arte,/asset/saint-cecilia/DQFaNizw6fgfhw,https://lh3.googleusercontent.com/ci/AL18g_Rdm26E8DVqec9lSCWDqVL-PEtC_6rVkeFMY5fNJRMyY_h1tnQAXPSDwJDM6MxxeEgdKtscUd0=w128-h128-c,#e0c8b8,224,200,184,0.652,ORANGE,#FF9800,255,152,0,8
zAHCQQa70cawKg.jpg,zAHCQQa70cawKg,Migrants,Unknown,Projeto Portinari,/asset/migrants/zAHCQQa70cawKg,https://lh3.googleusercontent.com/ci/AL18g_RGSs6T1CSlMdUG2_baBt0CFV1kddhkR7sK330Tau8dcd7lEKKRUqqrXNd8ouL8CU0L7H5HkMUu=w128-h128-c,#e0c8b8,224,200,184,1.1884334,ORANGE,#FF9800,255,152,0,8
zwFo0zoldYUv6w.jpg,zwFo0zoldYUv6w,Screen,Unknown,Dallas Museum of Art,/asset/screen/zwFo0zoldYUv6w,https://lh3.googleusercontent.com/ci/AL18g_Q1iGHQb7T3ze7Iiyn2Yy5u9QTjKw8RxXGzfhPlzEy2Dy4l_T9sLcpX-_tc1KMxnsqfpyfUga0=w128-h128-c,#e0ceb8,224,206,184,2.4198427,ORANGE,#FF9800,255,152,0,8
TwFiRKB4Xq1g0g.jpg,TwFiRKB4Xq1g0g,Early Guest,Unknown,Peabody Essex Museum,/asset/early-guest/TwFiRKB4Xq1g0g,https://lh3.googleusercontent.com/ci/AL18g_Q6qWzIvrDrf079mUAIkqUIoJ6t4Mb295YiZPiLlJ_KH-7Zw_8foiCMeazaSvY30xPZxnl8hck=w128-h128-c,#e0d0b8,224,208,184,1.0008578,ORANGE,#FF9800,255,152,0,8
sAH4Tg1K51ELAQ.jpg,sAH4Tg1K51ELAQ,Untitled,Clyfford Still,Guggenheim Bilbao,/asset/untitled-clyfford-still/sAH4Tg1K51ELAQ,https://lh3.googleusercontent.com/ci/AL18g_RI6G7vLZ_cBhAMD2ddzjwNE3ebD2dM87HMgky1Rh5Idbg2QvOMuatE7ZQcNAmqy9tzasC8pdg=w128-h128-c,#e0d0b8,224,208,184,0.8596791,ORANGE,#FF9800,255,152,0,8
0QGUXX1vcNv-Gw.jpg,0QGUXX1vcNv-Gw,Be a U.S. Marine!,United States. Marine Corps,Smithsonian's National Museum of American History,/asset/be-a-u-s-marine-united-states-marine-corps-and-flagg-james-montgomery-1877-1960/0QGUXX1vcNv-Gw,https://lh3.googleusercontent.com/ci/AL18g_QcVeKUovExt5t7KPWBXmxwqur33BuJv_iInJ4zavYvga6_UwDkbGMfUAMBLDLweoamjy67HokC=w128-h128-c,#e0d0b8,224,208,184,0.7097488,ORANGE,#FF9800,255,152,0,8
CQGs_B_IO7ASvQ.jpg,CQGs_B_IO7ASvQ,A Nursery-School for War Workers' Children,"Hewland, Elsie Dalton",Imperial War Museums,/asset/a-nursery-school-for-war-workers-children-hewland-elsie-dalton/CQGs_B_IO7ASvQ,https://lh3.googleusercontent.com/ci/AL18g_Td3KR2bwZXcpcWrbGlmQ0ZXJhWrUTI3KBPdszbuZvHrlVFLNK5fKByx-eEbCJk_hktlhvm_A=w128-h128-c,#e0c8b8,224,200,184,0.8250758,ORANGE,#FF9800,255,152,0,8
EwH3W1s5r6OV6A.jpg,EwH3W1s5r6OV6A,Ravana Dressed As A Mendicant Arrives With The Intention Of Abducting Sita,Raja Ravi Varma,Raja Ravi Varma Heritage Foundation,/asset/ravana-dressed-as-a-mendicant-arrives-with-the-intention-of-abducting-sita-raja-ravi-varma/EwH3W1s5r6OV6A,https://lh3.googleusercontent.com/ci/AL18g_S_QArPQFMcPNXKEhVuwSE6j7s40zfyv3CNiwM9F9Kqpd9-K7WHq8aC4gtlEdX1RK9b7moqmC8=w128-h128-c,#e0ceb8,224,206,184,0.71691895,ORANGE,#FF9800,255,152,0,8
8wH2k-7xfErevA.jpg,8wH2k-7xfErevA,Crusaders before Jerusalem,Wilhelm von Kaulbach,The Metropolitan Museum of Art,/asset/crusaders-before-jerusalem-wilhelm-von-kaulbach/8wH2k-7xfErevA,https://lh3.googleusercontent.com/ci/AL18g_RlXQQ-Yae-gBj0bdMJiSSgzIWWw39_NuKJ7wr4c2CSpEk8MJqiWsXegHHTyyMs78lAqu6MJLA=w128-h128-c,#e0ceb8,224,206,184,1.1890607,ORANGE,#FF9800,255,152,0,8
7QGqlwJFbeuPQg.jpg,7QGqlwJFbeuPQg,"Burning of Old South Church, Bath, Maine",John Hilling,"National Gallery of Art, Washington DC",/asset/burning-of-old-south-church-bath-maine-john-hilling/7QGqlwJFbeuPQg,https://lh3.googleusercontent.com/ci/AL18g_SEhyo5Z-a-Na2FTCcOsBo664m2o3R_jLKpCTI0TaXcqhFEmE_tiPLVTR3PkBjpm4CiBBInyUA=w128-h128-c,#e0ceb8,224,206,184,1.3544973,ORANGE,#FF9800,255,152,0,8
OAEOuUCtgYtYiQ.jpg,OAEOuUCtgYtYiQ,Gruppo di personaggi,Mino MACCARI,Collezione Barilla di Arte Moderna,/asset/gruppo-di-personaggi-mino-maccari/OAEOuUCtgYtYiQ,https://lh3.googleusercontent.com/ci/AL18g_RKTAqR_5Y-LvnsUQbmArpDdj5DUkUx4ejy8NCJddfssghLkqoGgKfAHl-W_JclbL7isqr1fw=w128-h128-c,#e0c8b8,224,200,184,1.1098003,ORANGE,#FF9800,255,152,0,8
EwGcjQXb78fW3g.jpg,EwGcjQXb78fW3g,Artist portraits on the Vichy Opera House ceiling,Unknown,Vichy Opera House,/asset/artist-portraits-on-the-vichy-opera-house-ceiling/EwGcjQXb78fW3g,https://lh3.googleusercontent.com/ci/AL18g_TQgxycmwIV3giL1lP3iQPS75-pEbpElam8g1MeOpzgosj0c15CDyCkyNp_I6JxnN_T8cVD9eQ=w128-h128-c,#e0cfb8,224,207,184,0.6656892,ORANGE,#FF9800,255,152,0,8
xQH1TizU34n-uA.jpg,xQH1TizU34n-uA,Interior. Brøndum's annex,Anna Ancher,Skagens Museum,/asset/interior-brøndum-s-annex-anna-ancher/xQH1TizU34n-uA,https://lh3.googleusercontent.com/ci/AL18g_TfLzDkjpvl7xuz51Qgi5cfmQkwW2dKT9GcjhfsWu2_PMxCufPAEE07XhSZC8jciGMg2x1AExc=w128-h128-c,#e0d0b8,224,208,184,0.85421747,ORANGE,#FF9800,255,152,0,8
mAEnGBlfyB_q-Q.jpg,mAEnGBlfyB_q-Q,"Láh-shee, The Licker, called ""Creek Billy""","George Catlin, born Wilkes-Barre, PA 1796-died Jersey City, NJ 1872",Smithsonian American Art Museum,/asset/láh-shee-the-licker-called-creek-billy-george-catlin-born-wilkes-barre-pa-1796-died-jersey-city-nj-1872/mAEnGBlfyB_q-Q,https://lh3.googleusercontent.com/ci/AL18g_RVblD2-obEBTJHXOFwgW1ompFhrYEIBpc_9dzTUjOfcdHmDoPGpf7IyTtaAVKgI1CmEDxQ-w=w128-h128-c,#e0c8b8,224,200,184,0.8162031,ORANGE,#FF9800,255,152,0,8
DQEFrHwHK4D8zw.jpg,DQEFrHwHK4D8zw,Adam and Eve,Unknown,Art Museum of the Americas,/asset/adam-and-eve/DQEFrHwHK4D8zw,https://lh3.googleusercontent.com/ci/AL18g_TZqOCwW_EkpbU2b0sMEMBn2kYSjgJ6Rm_w-uUJIK_shZwfoMNJx2ImMIoN6yPYO-u0hgi2mE82=w128-h128-c,#e0d0b8,224,208,184,0.7450692,ORANGE,#FF9800,255,152,0,8
PwH4O_SGwCWM0Q.jpg,PwH4O_SGwCWM0Q,Thangka Painting of Sikkim: Tsuklakhang Chapel and Monastery,Unknown,Dastkari Haat Samiti,/asset/thangka-painting-of-sikkim-tsuklakhang-chapel-and-monastery/PwH4O_SGwCWM0Q,https://lh3.googleusercontent.com/ci/AL18g_TFWOEqHcAw5GX3RrT3n66WgXThw1kpJVH76y2vXh0_rL28PepgilxmzRpRUuFehY8r4raV7w=w128-h128-c,#e0d2b8,224,210,184,0.6666667,ORANGE,#FF9800,255,152,0,8
MwFmtSl7sBGUfQ.jpg,MwFmtSl7sBGUfQ,Wherever You May Go,Tlacolulokos,Museum of Latin American Art,/asset/wherever-you-may-go-tlacolulokos/MwFmtSl7sBGUfQ,https://lh3.googleusercontent.com/ci/AL18g_TTcugcak0Mi8KLwn9tN-eyupJqjU8a6qPDf05-InVoxAUnD_UEwHpsb51FB5vi8yoycEr9pw=w128-h128-c,#e0cfb8,224,207,184,1.8159475,ORANGE,#FF9800,255,152,0,8
egFeeU7qs0bILQ.jpg,egFeeU7qs0bILQ,Monsieur Deleu,Amedeo Modigliani,"National Gallery of Art, Washington DC",/asset/monsieur-deleu-amedeo-modigliani/egFeeU7qs0bILQ,https://lh3.googleusercontent.com/ci/AL18g_Q9TIauARSQwXVsn_FC9i6kG_K7EAAUG6JMsp-bKeC38WdLbQHDyeE0qGojRfqdUYLYp8m0jw=w128-h128-c,#e0d0b8,224,208,184,0.5617676,ORANGE,#FF9800,255,152,0,8
fgF_SYPhDmGVFA.jpg,fgF_SYPhDmGVFA,Charity,Workshop of Anthony van Dyck,Dulwich Picture Gallery,/asset/charity-workshop-of-anthony-van-dyck/fgF_SYPhDmGVFA,https://lh3.googleusercontent.com/ci/AL18g_R5vXZlISwKchPjS2D1CZEOpqRg93_GQuiUde2wY1p_osJYykJsYdyR7JXq_ZeBnalTef6xzXk=w128-h128-c,#e0d0b8,224,208,184,0.74915326,ORANGE,#FF9800,255,152,0,8
qQGH17EjjMYwug.jpg,qQGH17EjjMYwug,The Crucifixion,Unknown Artist,Denver Art Museum,/asset/the-crucifixion-unknown-artist/qQGH17EjjMYwug,https://lh3.googleusercontent.com/ci/AL18g_TOlQrxNBYp-1Cw6-R3MQHWPJeculHxmnuaYMP7ddLQqadeMwNKPAKXJowYyiyMrz93wyPGTg=w128-h128-c,#e0d0b8,224,208,184,0.5283133,ORANGE,#FF9800,255,152,0,8
PgEXK6m2tLihOw.jpg,PgEXK6m2tLihOw,The painted scheme in the Little Castle at Bolsover,Unknown,English Heritage,/asset/the-painted-scheme-in-the-little-castle-at-bolsover/PgEXK6m2tLihOw,https://lh3.googleusercontent.com/ci/AL18g_SDNuYk_3lbuiqyf9QgBVejBhXQaEr3GHJpquEO3TVdN5KT60RlKw3l1ox7W_P36eaR5C4Lzem6=w128-h128-c,#e0cab8,224,202,184,1.149943,ORANGE,#FF9800,255,152,0,8
SAFnW_Op0KLwvw.jpg,SAFnW_Op0KLwvw,Saint James Moorslayer,Domingo A. de Uzal,The Catedral de Santiago Foundation,/asset/saint-james-moorslayer-domingo-a-de-uzal/SAFnW_Op0KLwvw,https://lh3.googleusercontent.com/ci/AL18g_Q5N-yEMJWuYNMqAteC-pzZVeyyUlkLrqvBB560upSjJUxqKqhG6Ao2AXcLI_qZtEWzlbsQDg=w128-h128-c,#e0d0b8,224,208,184,0.7817319,ORANGE,#FF9800,255,152,0,8
igERoQ6ENoF4sw.jpg,igERoQ6ENoF4sw,"A'h-sha-la-cóots-ah, Mole in the Forehead, Chief of the Republican Pawnee","George Catlin, born Wilkes-Barre, PA 1796-died Jersey City, NJ 1872",Smithsonian American Art Museum,/asset/a-h-sha-la-cóots-ah-mole-in-the-forehead-chief-of-the-republican-pawnee-george-catlin-born-wilkes-barre-pa-1796-died-jersey-city-nj-1872/igERoQ6ENoF4sw,https://lh3.googleusercontent.com/ci/AL18g_TrL_FqqGPIYce89Z4N0uhnBQ-Oxu5wVIE0ZW2VEm2Rdv1urxlNXkx3Q37Hn5G5FlS0Ft8AB9It=w128-h128-c,#e0ceb8,224,206,184,0.8109996,ORANGE,#FF9800,255,152,0,8
VAE1f25fvwTxnw.jpg,VAE1f25fvwTxnw,Untitled (Portrait of a Young Woman in Russet and Crimson Sari),Raja Ravi Varma,Raja Ravi Varma Heritage Foundation,/asset/untitled-portrait-of-a-young-woman-in-russet-and-crimson-sari-raja-ravi-varma/VAE1f25fvwTxnw,https://lh3.googleusercontent.com/ci/AL18g_QeNAYmlA9shu9F-afK2KVvIIC5X17GBCWsIJ-FGU1uROVVV0cyk-UOiqUxB4QnMOFjjTLV_W4=w128-h128-c,#e0cfb8,224,207,184,0.67783505,ORANGE,#FF9800,255,152,0,8
xAHuQmtv0xEm-g.jpg,xAHuQmtv0xEm-g,"Battle Scene, Copy of the Original Mural Painting",Unknown,Jeju National Museum,/asset/battle-scene-copy-of-the-original-mural-painting-unknown/xAHuQmtv0xEm-g,https://lh3.googleusercontent.com/ci/AL18g_RZMYmi6LKubsUzaMpYKzPx0rpT0-neBBKrUiMoUj_mgb-hBBNmfL1K0GKCRVAxdeZJB6Qlrg=w128-h128-c,#e0cab8,224,202,184,1.6373994,ORANGE,#FF9800,255,152,0,8
bwFUwn2Et3dOjQ.jpg,bwFUwn2Et3dOjQ,Self Portrait in a Group of Friend,Francesco Hayez,Museo Poldi Pezzoli,/asset/self-portrait-in-a-group-of-friend-francesco-hayez/bwFUwn2Et3dOjQ,https://lh3.googleusercontent.com/ci/AL18g_Su-fObo70uMHiI8BVBOapPAlvrJMb3Y6XUtSJEtv2FM-xNbHT1Y6Tr1ZNjX6LOk8OjrSDxE_4=w128-h128-c,#e0d0b8,224,208,184,0.9124,ORANGE,#FF9800,255,152,0,8
eQF9QXhzMO8hPw.jpg,eQF9QXhzMO8hPw,The Hunt (previously known as Diana and Her Nymphs),Robert Burns,National Galleries Scotland: National,/asset/the-hunt-previously-known-as-diana-and-her-nymphs-robert-burns/eQF9QXhzMO8hPw,https://lh3.googleusercontent.com/ci/AL18g_Tm6TBIKIm5Lhe4JK8vbqL_PU_Tihz_-22SUC9nK-nLmUYsqc8CpbgnIa__35lLxNqBCO21tg=w128-h128-c,#e0ceb8,224,206,184,1.0148629,ORANGE,#FF9800,255,152,0,8
EwHTfQX6e5gfXw.jpg,EwHTfQX6e5gfXw,Painted Rustic Dresser,Anonymous,MCB - Museu da Casa Brasileira,/asset/painted-rustic-dresser-anonymous/EwHTfQX6e5gfXw,https://lh3.googleusercontent.com/ci/AL18g_SfOWyn5d1hGo-Nz3vauMoSxYiSoHjm3EZToeby6Zqmrgq5gTgoI7oVPWkYFskFenYMID4HYftk=w128-h128-c,#e0d0b8,224,208,184,1.330413,ORANGE,#FF9800,255,152,0,8
dgHbTi9mYN05GA.jpg,dgHbTi9mYN05GA,Gesù consegna le chiavi a San Pietro,Lorenzo Veneziano,Museo Correr,/asset/gesù-consegna-le-chiavi-a-san-pietro-lorenzo-veneziano/dgHbTi9mYN05GA,https://lh3.googleusercontent.com/ci/AL18g_TU2MwAtHxSDJ_NUYN0QXFuBroudW8KyiO-okXhgeZA4MrjnzgkJYj65df9OTQA8iMpGMY5224=w128-h128-c,#e0d0b8,224,208,184,0.6370224,ORANGE,#FF9800,255,152,0,8
igHu-P0cPZ6inw.jpg,igHu-P0cPZ6inw,Portrait of a Lady with a Book,Vittore Carpaccio,Denver Art Museum,/asset/portrait-of-a-lady-with-a-book-vittore-carpaccio/igHu-P0cPZ6inw,https://lh3.googleusercontent.com/ci/AL18g_QydeF8ZtEKvPB5nL4fJkLZl6heYpcv64MEg6_cR2OQTzxFA9ZlHXfAB07iyhyh_50Uz6qRTcQ=w128-h128-c,#e0cab8,224,202,184,0.75132275,ORANGE,#FF9800,255,152,0,8
rgF7y03E5XHcKw.jpg,rgF7y03E5XHcKw,Miss Iliad,Gallery of the Museum of Naive and Marginal Art in Jagodina,Museums of Serbia,/asset/miss-iliad-gallery-of-the-museum-of-naive-and-marginal-art-in-jagodina-and-ilija-bašičević-bosilj-1895-1972/rgF7y03E5XHcKw,https://lh3.googleusercontent.com/ci/AL18g_TfADVYvoN9OQAPD3O1E2Z4YRcZwZK89MitfO006pJnJvD8PGTL5XMpk3PmVZJA1LxBadJfBXA=w128-h128-c,#e0d0b8,224,208,184,1.054131,ORANGE,#FF9800,255,152,0,8
fAGi00Sdy_FJ6w.jpg,fAGi00Sdy_FJ6w,Autumn in the Tatras,Jozef Kollár,Tatranská galéria,/asset/autumn-in-the-tatras-jozef-kollár/fAGi00Sdy_FJ6w,https://lh3.googleusercontent.com/ci/AL18g_Q0rCzFIUfd79yUvTZ5fQXSLbPwbQoSEDS5rJppWTOzCyaY44drE4_4GeldevQXq5a_TNfsabc=w128-h128-c,#e0c8b8,224,200,184,1.1791458,ORANGE,#FF9800,255,152,0,8
VAG-zLzVtzeflw.jpg,VAG-zLzVtzeflw,Pan,Phoebe Anna Traquair,National Galleries Scotland: National,/asset/pan-phoebe-anna-traquair/VAG-zLzVtzeflw,https://lh3.googleusercontent.com/ci/AL18g_SeoEV3JLHD5h8WAelZ_GasFeuzIixxjxmRuBsbAbVPcHaCnKIfOZY4FL6MwvXvqLvxgdMMJYc=w128-h128-c,#e0ceb8,224,206,184,0.472,ORANGE,#FF9800,255,152,0,8
2wHCOzAMWmA9uA.jpg,2wHCOzAMWmA9uA,Stage pediment in the Vichy Opera House hall,Unknown,Vichy Opera House,/asset/stage-pediment-in-the-vichy-opera-house-hall/2wHCOzAMWmA9uA,https://lh3.googleusercontent.com/ci/AL18g_TUmsvIvE3x2GJnzI8FqpgbI3tZMdh9oVoARosV1GkbLjIvHJwi8kPFgOW6PRcxKz7Xgne3wKY=w128-h128-c,#e0d2b8,224,210,184,1.5025076,ORANGE,#FF9800,255,152,0,8
gwFlMSrFl_iJoA.jpg,gwFlMSrFl_iJoA,Still Life with Watermelons,Frida Kahlo,Museo de Arte Moderno de México (MAM),/asset/still-life-with-watermelons-frida-kahlo/gwFlMSrFl_iJoA,https://lh3.googleusercontent.com/ci/AL18g_TN7h5xRe0zjmzCe-Wi18cn8Bpk_kcK91O4WTfuMlzfWFJuDilr14C1bP4Z3X91uxGhIHV9rsU=w128-h128-c,#e0d2b8,224,210,184,1.5163112,ORANGE,#FF9800,255,152,0,8
6gGJtvLMtzP1XA.jpg,6gGJtvLMtzP1XA,Migrant. I,Hayv Kahraman,National Museum of Women in the Arts,/asset/migrant-i-hayv-kahraman/6gGJtvLMtzP1XA,https://lh3.googleusercontent.com/ci/AL18g_SRG1d9pFSTTCZqEqeOxkHBIN2JPk5Q6uE9UfNqgpXZ484ez7p5Viu1kxGKrugs-YA0Xhv_Nhs=w128-h128-c,#e0d0b8,224,208,184,0.64545065,ORANGE,#FF9800,255,152,0,8
NQFMQ3uDfKBotg.jpg,NQFMQ3uDfKBotg,Anglo-Dutch Attack on Gibraltar and the Battle of Vélez-Málaga,Unknown,Naval Museum,/asset/anglo-dutch-attack-on-gibraltar-and-the-battle-of-vélez-málaga-unknown/NQFMQ3uDfKBotg,https://lh3.googleusercontent.com/ci/AL18g_QS0ABqsRa4k9Axf4PwOMWUjSxXiUpFFWNecgjnaDQHJUI0hBpsAag5v5io3JdfjI_nv4UPzlo9=w128-h128-c,#e0cfb8,224,207,184,0.969697,ORANGE,#FF9800,255,152,0,8
VQEhj9cri-vO_w.jpg,VQEhj9cri-vO_w,Words and Symbols,K.C.S. Paniker,Cholamandal Artists' Village,/asset/words-and-symbols-k-c-s-paniker/VQEhj9cri-vO_w,https://lh3.googleusercontent.com/ci/AL18g_TEjHp4m-rw_6OhcDbax4iZ531VRqLdsCqVfsblCYSiMEmefqyrOkXJxAkS4iokFRXG84PTtRKp=w128-h128-c,#e0d0b8,224,208,184,1.347619,ORANGE,#FF9800,255,152,0,8
OQGrVOPsOYsp_A.jpg,OQGrVOPsOYsp_A,"Kotz-a-tó-ah, Smoked Shield, a Distinguished Warrior","George Catlin, born Wilkes-Barre, PA 1796-died Jersey City, NJ 1872",Smithsonian American Art Museum,/asset/kotz-a-tó-ah-smoked-shield-a-distinguished-warrior-george-catlin-born-wilkes-barre-pa-1796-died-jersey-city-nj-1872/OQGrVOPsOYsp_A,https://lh3.googleusercontent.com/ci/AL18g_QX6fY2EE_KpFBIDPpp_Al5XO5wF7qqUOKXGk5YCwWZATkJ8oSLAx4zo7dwqrFA4_jnJBcLba_e=w128-h128-c,#e0d0b8,224,208,184,0.808,ORANGE,#FF9800,255,152,0,8
hQFy_NY3zRlApw.jpg,hQFy_NY3zRlApw,Cupid's Hunting Fields,Unknown,Delaware Art Museum,/asset/cupid-s-hunting-fields/hQFy_NY3zRlApw,https://lh3.googleusercontent.com/ci/AL18g_Thxqhf-mqotrT-UoE-BO4_e7C6x2W1jV6JJKsFPL6xDbZjIDtriHB2DZ5Gl68JseEgE-zkxrje=w128-h128-c,#e0cfb8,224,207,184,0.7810978,ORANGE,#FF9800,255,152,0,8
9wGwOeIqua4_Ww.jpg,9wGwOeIqua4_Ww,Pour It On!,Garrett Price (1897-1979),U.S. National Archives,/asset/pour-it-on-garrett-price-1897-1979-u-s-government-printing-office-war-production-board-and-franklin-d-roosevelt-presidential-library-and-museum-of-the-national-archives-and-records-administration/9wGwOeIqua4_Ww,https://lh3.googleusercontent.com/ci/AL18g_SMpKMUZFA5ZpAQZx-WGLhHXRxvSLETCeEOfXhcaNQBYy3enmvaRVSzAGM_GCB9sOHwcr60rjj_=w128-h128-c,#e0c8b8,224,200,184,0.7136329,ORANGE,#FF9800,255,152,0,8
ZgFUEklU87pOug.jpg,ZgFUEklU87pOug,Girl Combing Her Hair (Wikimedia),William Paxton,National Academy of Design,/asset/girl-combing-her-hair-wikimedia-william-paxton/ZgFUEklU87pOug,https://lh3.googleusercontent.com/ci/AL18g_QYtUm2f12NX_VZMT8J1RiAbDxu75vNb2lk9HiGM_zVDGRP4PCuKz5-5gHmUKmm6mXOioHPVVk=w128-h128-c,#e0d0b8,224,208,184,0.81447965,ORANGE,#FF9800,255,152,0,8
pQGcxZ3f9C0WhA.jpg,pQGcxZ3f9C0WhA,The Death of Saint Clare,Master of Heiligenkreuz,"National Gallery of Art, Washington DC",/asset/the-death-of-saint-clare-master-of-heiligenkreuz/pQGcxZ3f9C0WhA,https://lh3.googleusercontent.com/ci/AL18g_T9ZSBsy7gFaB2rnc6LVNShFJ8n0dtTmb3zRw_EJQ8hsvLDXZlvdUESv4qyf9fxOmwrjrCwm7s=w128-h128-c,#e0d0b8,224,208,184,0.8244629,ORANGE,#FF9800,255,152,0,8
MAF4nCjVDB3Ezg.jpg,MAF4nCjVDB3Ezg,Allegory of Prudence,Simon Vouet,Palace of Versailles,/asset/allegory-of-prudence-simon-vouet/MAF4nCjVDB3Ezg,https://lh3.googleusercontent.com/ci/AL18g_StpBOarvifZhfVd0CenvdysCT9jMB34DB5Y890n1vxsIiBlb49i8UhGW6QwD2tUNuWU0OyLQ=w128-h128-c,#e0ceb8,224,206,184,1.3149414,ORANGE,#FF9800,255,152,0,8
gQFCfaM-kY9MOA.jpg,gQFCfaM-kY9MOA,Eagle Dance,Tonita Pena (1893-1949),National Cowboy & Western Heritage Museum,/asset/eagle-dance-tonita-pena-1893-1949/gQFCfaM-kY9MOA,https://lh3.googleusercontent.com/ci/AL18g_SGz5jMqdur6o6xmvMTr8jIx7E_LWlwfw3DtLQoKF0hBJ4KsQ-QNW54suphP_a25NPjCE-zRY4=w128-h128-c,#e0d0b8,224,208,184,1.6799031,ORANGE,#FF9800,255,152,0,8
7AH1XJvqOBwSXQ.jpg,7AH1XJvqOBwSXQ,The Queen of Sheba before Solomon,Konrad Witz,"Gemäldegalerie, Staatliche Museen zu Berlin",/asset/the-queen-of-sheba-before-solomon-konrad-witz/7AH1XJvqOBwSXQ,https://lh3.googleusercontent.com/ci/AL18g_Sb2S3OvTEDMRmqZTxdD08Ls8w5Bf8SKQT9-nizGzwHL2lwY5mTf3c5EF1vBGxcOF_uTXWwXyY=w128-h128-c,#e0d0b8,224,208,184,0.9286262,ORANGE,#FF9800,255,152,0,8
MgFzL-6Upzuh6Q.jpg,MgFzL-6Upzuh6Q,Boy at the Spring (The Spring),Albin Egger-Lienz,Leopold Museum,/asset/boy-at-the-spring-the-spring-albin-egger-lienz/MgFzL-6Upzuh6Q,https://lh3.googleusercontent.com/ci/AL18g_R8rTRDKFwN4_mN6Dcfi-1BGWx5BHWwX01hsL7GtevusrmmW2DlBPv1iqUySgSynbjbDPH2lP0_=w128-h128-c,#e0c8b8,224,200,184,1.4951923,ORANGE,#FF9800,255,152,0,8
CQG4DGXhgFJCpg.jpg,CQG4DGXhgFJCpg,Violeiro,Elifas Andreato,Instituto Elifas Andreato,/asset/violeiro-elifas-andreato/CQG4DGXhgFJCpg,https://lh3.googleusercontent.com/ci/AL18g_S-xwVJSwLBhn7RNNSHRHXsvQG0-tPDg4K1SDAFd__CyPGz7G6zi0ob31cT30N18Q9iHG4KVg=w128-h128-c,#e0ceb8,224,206,184,0.99677134,ORANGE,#FF9800,255,152,0,8
cgEWWFA1kuUTkQ.jpg,cgEWWFA1kuUTkQ,Coleadero,Ernesto Icaza Sánchez,Museo Soumaya.Fundación Carlos Slim,/asset/coleadero-ernesto-icaza-sánchez/cgEWWFA1kuUTkQ,https://lh3.googleusercontent.com/ci/AL18g_TgibDRLsN6g1KcOkjeyw3fCjcJp76ZjkuiJ7FiBf2gJcjBa8x2gpxw2Bbh6Q-Bsi8QJX81aAw=w128-h128-c,#e0cab8,224,202,184,1.5323899,ORANGE,#FF9800,255,152,0,8
rQEMba9jB6XNzA.jpg,rQEMba9jB6XNzA,The Golden Hour,Thomas Moran,Blanton Museum of Art,/asset/the-golden-hour-thomas-moran/rQEMba9jB6XNzA,https://lh3.googleusercontent.com/ci/AL18g_SKJtaa4tal5jlkVIsYdhIAcIcz5RM2lvTllZaDugmvwPtMnM9KPadvRXi979WnpqLEqgDcm0g=w128-h128-c,#e0c8b8,224,200,184,1.459854,ORANGE,#FF9800,255,152,0,8
NwHtoNGh8pCAUQ.jpg,NwHtoNGh8pCAUQ,Madonna and Child,"Gherardo Starnina (Italian, c. 1360–before 1413)",The Cleveland Museum of Art,/asset/madonna-and-child-gherardo-starnina-italian-c-1360–before-1413/NwHtoNGh8pCAUQ,https://lh3.googleusercontent.com/ci/AL18g_TsmaW7yxtVR1SbKSDH3cn95HZllBGKwqFLm-VAbt3_MNaQSuo7e_eJyH1pcCcKx9vwCH0x0xs=w128-h128-c,#e0d0b8,224,208,184,0.60764706,ORANGE,#FF9800,255,152,0,8
RwH-DZid5d9ETw.jpg,RwH-DZid5d9ETw,Le governanti,Leonardo CREMONINI,Collezione Barilla di Arte Moderna,/asset/le-governanti-leonardo-cremonini/RwH-DZid5d9ETw,https://lh3.googleusercontent.com/ci/AL18g_QSzXgacT2Th4Hceiht6IOi_vTAU0-MS3yZPlvkvjdCIYmSEnKSMKBwAVkKwg9kNnSd1NZctaY=w128-h128-c,#e0d0b8,224,208,184,1.956006,ORANGE,#FF9800,255,152,0,8
HgFfrjx_DItFwA.jpg,HgFfrjx_DItFwA,Portrait of Daniel Kubínyi,Marcin Kober,Oravská galéria v Dolnom Kubíne,/asset/portrait-of-daniel-kubínyi-marcin-kober/HgFfrjx_DItFwA,https://lh3.googleusercontent.com/ci/AL18g_QVC6vrW_vur_9IZMKYBr3Gqbg-wSQWgq9h_ZYDM6N8ezrZJkMfVgD73Sq__AyCV_bfADkHT90=w128-h128-c,#e0d0b8,224,208,184,0.8483203,ORANGE,#FF9800,255,152,0,8
IgEVgxGHMNoq-g.jpg,IgEVgxGHMNoq-g,Estate in Versilia,Carlo MATTIOLI,Collezione Barilla di Arte Moderna,/asset/estate-in-versilia-carlo-mattioli/IgEVgxGHMNoq-g,https://lh3.googleusercontent.com/ci/AL18g_SC_Oeg3nqTJWcDXA9m-6x7vCVVKCOAZBFNwnlR1UjNH94lDBZze2U_zdXdMtmuKIoMY9qcFg=w128-h128-c,#e0d2b8,224,210,184,0.6060976,ORANGE,#FF9800,255,152,0,8
sAGn5omD7GVKvw.jpg,sAGn5omD7GVKvw,A Verdade Ainda que Tardia,Elifas Andreato,Instituto Elifas Andreato,/asset/a-verdade-ainda-que-tardia-elifas-andreato/sAGn5omD7GVKvw,https://lh3.googleusercontent.com/ci/AL18g_RTT9-J60uaVgqcy9ckTOncbNNxV2BMEkpLcqsj7v3UXCapuy16eJbvCkY6mH20aAzM0GRvSyjr=w128-h128-c,#e0ceb8,224,206,184,3.549211,ORANGE,#FF9800,255,152,0,8
eAEdqe2PlLVT0A.jpg,eAEdqe2PlLVT0A,"Wall of Light, Red Summer",Sean Scully,Lakeland Arts - Abbot Hall Art Gallery and Museum,/asset/wall-of-light-red-summer-sean-scully/eAEdqe2PlLVT0A,https://lh3.googleusercontent.com/ci/AL18g_TDKbYu6Wk8QR_ciEtbOmvzUO7pNdzZUTECcEKYdz3ftl86AaB3MWTKzNI9ihEZETqETH3Dn2M=w128-h128-c,#e0ceb8,224,206,184,1.140625,ORANGE,#FF9800,255,152,0,8
cAFhxsNw0oLwdw.jpg,cAFhxsNw0oLwdw,Stampeding Buffaloes Stopping Train,Eldora Lorenzini,Smithsonian's National Postal Museum,/asset/stampeding-buffaloes-stopping-train-eldora-lorenzini/cAFhxsNw0oLwdw,https://lh3.googleusercontent.com/ci/AL18g_QFX_rxM3NB-SDx6e9w081lN_7hYCejmC_ohuNa-AboB-1WRuDeQUsgIvaEy7EPHsWVBx8_sw=w128-h128-c,#e0ceb8,224,206,184,2.1732283,ORANGE,#FF9800,255,152,0,8
tQFWX48awgtCww.jpg,tQFWX48awgtCww,The painted scheme in the Little Castle at Bolsover,Unknown,English Heritage,/asset/the-painted-scheme-in-the-little-castle-at-bolsover/tQFWX48awgtCww,https://lh3.googleusercontent.com/ci/AL18g_RbAv0M1sn5-iKQhCHihkJJcttaVSMBqDlNVLMGS2m2y3xckp9IM0Ir7DYK5ZR4j4CgITWIeA=w128-h128-c,#e0cab8,224,202,184,0.6653226,ORANGE,#FF9800,255,152,0,8
dQHdw1_6te76Lw.jpg,dQHdw1_6te76Lw,Ranchería de San Isidro,Unknown,Museo Nacional de Bellas Artes de Argentina,/asset/ranchería-de-san-isidro/dQHdw1_6te76Lw,https://lh3.googleusercontent.com/ci/AL18g_RNfrX5gi0BRSQ3aUZ0RkIRXE3v5Go8Slmbu8Rja5FM9Xab1oEoD0n-JUdjSZu0VT3OR_G2h7o=w128-h128-c,#e0ceb8,224,206,184,1.375,ORANGE,#FF9800,255,152,0,8
UAEveqstq63j5A.jpg,UAEveqstq63j5A,Still Life of the Seed Plant,SOMIYA Ichinen,Shizuoka Prefectural Museum of Art,/asset/still-life-of-the-seed-plant-somiya-ichinen/UAEveqstq63j5A,https://lh3.googleusercontent.com/ci/AL18g_RfOAM8hmCLjzjhQaduz-IcdVciWZws8ZLNoPq8pBmGODbY4fMqUxPuZUXfev9CWWDDAj6LIdE=w128-h128-c,#e0d0b8,224,208,184,1.1957932,ORANGE,#FF9800,255,152,0,8
ugFGcSh7jvWCvg.jpg,ugFGcSh7jvWCvg,Azotea Gaditana,José Pérez Siguimboscum,Museo de Cádiz,/asset/azotea-gaditana-josé-pérez-siguimboscum/ugFGcSh7jvWCvg,https://lh3.googleusercontent.com/ci/AL18g_SC6F3Qis9Mm3KaNOZLfABKvvugtiqSHF67AJyDNKSvcJQMnRAAP0ge2kRdpIYdvmfxvqVsNQ=w128-h128-c,#e0ceb8,224,206,184,0.67667437,ORANGE,#FF9800,255,152,0,8
tQHSgXIfJherKA.jpg,tQHSgXIfJherKA,Village and Town Corruption,Somphong Adulyasarapan,Museum of Contemporary Art (MOCA BANGKOK),/asset/village-and-town-corruption-somphong-adulyasarapan/tQHSgXIfJherKA,https://lh3.googleusercontent.com/ci/AL18g_T1RjRYlykapyryiqOXkYYje98eC1CpmIMU2CVNWGRxv5WqZgHgvVAh9TzEJJHor90QtoUN2g=w128-h128-c,#e0ccb8,224,204,184,1.2172,ORANGE,#FF9800,255,152,0,8
nQGtDhd0c1c5AQ.jpg,nQGtDhd0c1c5AQ,Torre di Schiavi,Unknown,Smithsonian American Art Museum,/asset/torre-di-schiavi/nQGtDhd0c1c5AQ,https://lh3.googleusercontent.com/ci/AL18g_SY1pFzSl3zY8HUimdOhdVVnzBvuFxiRB5Lp6Q77ja8KuKPCDUN2hWNJgO0Y9IzBimCc52ocdY=w128-h128-c,#e0d0b8,224,208,184,1.5576324,ORANGE,#FF9800,255,152,0,8
kwFsTgiAq6R5Bw.jpg,kwFsTgiAq6R5Bw,Jupiter's Love Hall: Mars and Venus' wedding,Agostino Carracci,Palazzo Ducale del Giardino,/asset/jupiter-s-love-hall-mars-and-venus-wedding-agostino-carracci/kwFsTgiAq6R5Bw,https://lh3.googleusercontent.com/ci/AL18g_TAqPonjq1SKIcIDIFOI7sGVxYFv5D9YYPgAYwZHSIgNhsKC2PSZcPpWRN-4hzf0SNjuxY6YQ=w128-h128-c,#e0d0b8,224,208,184,1.5036261,ORANGE,#FF9800,255,152,0,8
wgFy0B5PHp3M2g.jpg,wgFy0B5PHp3M2g,Departure of Hiawatha,Albert Bierstadt,"National Park Service, Museum Management Program",/asset/departure-of-hiawatha-albert-bierstadt/wgFy0B5PHp3M2g,https://lh3.googleusercontent.com/ci/AL18g_Tsc53mQ7tk5uYoAy6ey3aZdDhygp-iaCE3IenFbmLznKznDpIDz890Z44Xd1ILx_Hip9yyF-4=w128-h128-c,#e0c8b8,224,200,184,1.3597033,ORANGE,#FF9800,255,152,0,8
7AEzP9_DTaFidA.jpg,7AEzP9_DTaFidA,"Anne Catherine, Countess of Antrim",Glenarm Castle,Historic Houses,/asset/anne-catherine-countess-of-antrim-glenarm-castle/7AEzP9_DTaFidA,https://lh3.googleusercontent.com/ci/AL18g_TBsB8oJKqUBtGH9-fgZsJM8VDmpisKMbm_9m89tfDYABwOmlYkDC2E__xvg46vBU649m8Zrl4=w128-h128-c,#e0d0b8,224,208,184,0.6981982,ORANGE,#FF9800,255,152,0,8
FAGk_MyZDEXTJw.jpg,FAGk_MyZDEXTJw,"Land of Olonkho. From a series ""Yakut Heroic Epos Olonkho""",Stepanov Timofey Andreevich,The National Art Museum of the Republic of Sakha (Yakutia),/asset/land-of-olonkho-from-a-series-yakut-heroic-epos-olonkho-stepanov-timofey-andreevich/FAGk_MyZDEXTJw,https://lh3.googleusercontent.com/ci/AL18g_T44hk0lEm3kXx3M3ESKE7fBY2Z5k7ev9t41M3Y1m4yOkIexUA6wpti5tl1tva8EiJUZW5JbKs=w128-h128-c,#e0d0b8,224,208,184,1.2783659,ORANGE,#FF9800,255,152,0,8
mgEz7ppI7Xwldw.jpg,mgEz7ppI7Xwldw,BAKUNAWA,Philipp Ines,"Center for Art, New Ventures & Sustainable Development (CANVAS)",/asset/bakunawa-philipp-ines/mgEz7ppI7Xwldw,https://lh3.googleusercontent.com/ci/AL18g_QDFa5JrlwE0y20J7SqleYd1YXZ3-4HT_rGzln7y0_FTHcckaquFEuytcRFB-NRGB6_6amVTx0=w128-h128-c,#e0c8b8,224,200,184,0.4947467,ORANGE,#FF9800,255,152,0,8
agE2D_s8E4_XtA.jpg,agE2D_s8E4_XtA,Allegorical Figure of a Woman with a Shield or a Mirror (Prudence?),"Tiepolo, Giovanni Battista",Rijksmuseum,/asset/allegorical-figure-of-a-woman-with-a-shield-or-a-mirror-prudence-tiepolo-giovanni-battista/agE2D_s8E4_XtA,https://lh3.googleusercontent.com/ci/AL18g_RKwgdAgFnus37Pyg2cndCtRWCR0jqyyS2Jn_oAjP77wdCvVUXwiAQmv9r_v0ls0UQqMZHpkK0=w128-h128-c,#e0cfb8,224,207,184,0.8064,ORANGE,#FF9800,255,152,0,8
7QF606dQi2DjvQ.jpg,7QF606dQi2DjvQ,The Annunciation,Unknown,The Cleveland Museum of Art,/asset/the-annunciation/7QF606dQi2DjvQ,https://lh3.googleusercontent.com/ci/AL18g_TouwIka95mFfBE32a7rhzQ67-0HtebFy5B5DBcIjh9ysFtUu5TEjRe1AOKvMYLI4C-tkqL2g=w128-h128-c,#e0ceb8,224,206,184,0.7561765,ORANGE,#FF9800,255,152,0,8
RgHcKs4hQdUSMA.jpg,RgHcKs4hQdUSMA,William the Conqueror,Unknown,English Heritage,/asset/william-the-conqueror/RgHcKs4hQdUSMA,https://lh3.googleusercontent.com/ci/AL18g_SPKafwQtrpwmWO_GvLBPI_nmm16Ya8HYHNQhUxZbd4rKJ6v2Wfv1iPBJLbRkCtPoEc83sTZGXB=w128-h128-c,#e0cfb8,224,207,184,0.73125,ORANGE,#FF9800,255,152,0,8
PQEoCcV2BwSO3A.jpg,PQEoCcV2BwSO3A,Aurea Mediocritas' big Cap,Giovanni Antonio Paganino,Complesso di San Giovanni Evangelista,/asset/aurea-mediocritas-big-cap-giovanni-antonio-paganino-and-ercole-pio/PQEoCcV2BwSO3A,https://lh3.googleusercontent.com/ci/AL18g_SVpMT3kxNEsurr2X1kXK4-UWVJhY40slJC5VdVdh50Vy-6HLJw3HIqkQ9fQvq2Q7JcnNoziw=w128-h128-c,#e0d2b8,224,210,184,0.6666667,ORANGE,#FF9800,255,152,0,8
7AGgjA3DmT4Gsg.jpg,7AGgjA3DmT4Gsg,Circle Dance,Unknown,Projeto Portinari,/asset/circle-dance/7AGgjA3DmT4Gsg,https://lh3.googleusercontent.com/ci/AL18g_Qm66H03_WujRT-OR_7-6rmBtVRQ3SbKbV1o2F2IrwLzdBqGZTbo0KGmBr1gZE4r8kWo3Os7oI=w128-h128-c,#e0d0b8,224,208,184,1.2258192,ORANGE,#FF9800,255,152,0,8
IwFars9rMJclYw.jpg,IwFars9rMJclYw,The Apotheosis of Saint Charles Borromeo,Rottmayr Johann Michael (1654–1730),DomQuartier Salzburg | Residenzgalerie Salzburg,/asset/the-apotheosis-of-saint-charles-borromeo-rottmayr-johann-michael-1654–1730/IwFars9rMJclYw,https://lh3.googleusercontent.com/ci/AL18g_TuSZ7HZPPBGkZkoOQ2Lqq3NZmH1q94uErIKynRZGvEOmX_MDN2xam9dJgZFqgdGkrXmp-QNF4=w128-h128-c,#e0ceb8,224,206,184,0.43266043,ORANGE,#FF9800,255,152,0,8
HAHc5oogqhQrbQ.jpg,HAHc5oogqhQrbQ,Listening to Distant Thunder,Peter Clarke,Johannesburg Art Gallery,/asset/listening-to-distant-thunder-peter-clarke/HAHc5oogqhQrbQ,https://lh3.googleusercontent.com/ci/AL18g_Tb9HYZaVlkNAPcrcfCh9FrwN8qJCsyHgtX-SgU3Xx6ddyVdegpL8LJtmZMN8GBgyheWWzqsfHv=w128-h128-c,#e0cab8,224,202,184,1.2686799,ORANGE,#FF9800,255,152,0,8
VgG_5mBUz4EA0Q.jpg,VgG_5mBUz4EA0Q,Diptych: Mary with the Child and Christ as the Man of Sorrows,Bohemian master,Staatliche Kunsthalle Karlsruhe,/asset/diptych-mary-with-the-child-and-christ-as-the-man-of-sorrows-bohemian-master/VgG_5mBUz4EA0Q,https://lh3.googleusercontent.com/ci/AL18g_RMENlVV83725SPZTRUNJDcZ-6jwtMMqq1HbR5XnfoPHvdiVRT-LvRA7QxChGoinbounnHzXgI=w128-h128-c,#e0d0b8,224,208,184,1.5064319,ORANGE,#FF9800,255,152,0,8
qQEZUyfG-b8hRA.jpg,qQEZUyfG-b8hRA,Symbolization Time,Unknown,MAC-Lima,/asset/symbolization-time/qQEZUyfG-b8hRA,https://lh3.googleusercontent.com/ci/AL18g_QNFuKfVnviFo2ym4Zcft0zxpEmOyZDIxobY7rjuZbpm_3FwV5fymtR768jluvINiTGEXAbuUyL=w128-h128-c,#e0d0b8,224,208,184,2.6260505,ORANGE,#FF9800,255,152,0,8
1gEqUPhGQQtKWw.jpg,1gEqUPhGQQtKWw,The Blue Coffee Pot,Émile Bernard,Kunsthalle Bremen,/asset/the-blue-coffee-pot-Émile-bernard/1gEqUPhGQQtKWw,https://lh3.googleusercontent.com/ci/AL18g_TAK59matrYTUJBj3EytB9Y9U8EOlZQRvckBR2-qnURx45A3dzHQvu1DbPb_cMDk2_KfLqyQg=w128-h128-c,#e0ceb8,224,206,184,0.8252222,ORANGE,#FF9800,255,152,0,8
jgFtR58QoQuS1w.jpg,jgFtR58QoQuS1w,Conquest of Mexico,Unknown,Museo de América,/asset/conquest-of-mexico/jgFtR58QoQuS1w,https://lh3.googleusercontent.com/ci/AL18g_Q_TIHAB35zlfM4wgW0yOrsEW8DZkiSHrWe5KpvO4Sph2tS69Ir88m8XsBRnH0reSipjXkvrA=w128-h128-c,#e0ceb8,224,206,184,0.5974441,ORANGE,#FF9800,255,152,0,8
YgHyVl-lA_Z0Zw.jpg,YgHyVl-lA_Z0Zw,Bandwala,Krishen Khanna,National Gallery of Modern Art,/asset/bandwala-krishen-khanna/YgHyVl-lA_Z0Zw,https://lh3.googleusercontent.com/ci/AL18g_SIRJVhW_uTFThEhgfeRyR478c_wMs8A2FyC61UyZDCdf1WlPHDdyzwkj8QhToN0blm2CVLhA=w128-h128-c,#e0d0b8,224,208,184,0.69773066,ORANGE,#FF9800,255,152,0,8
gwEcKowvNDqGGw.jpg,gwEcKowvNDqGGw,"War Dance, Sioux","George Catlin, born Wilkes-Barre, PA 1796-died Jersey City, NJ 1872",Smithsonian American Art Museum,/asset/war-dance-sioux-george-catlin-born-wilkes-barre-pa-1796-died-jersey-city-nj-1872/gwEcKowvNDqGGw,https://lh3.googleusercontent.com/ci/AL18g_TfbhOsDY1paa856ppYc-y970G1dy0AU9hP3U5z3neO0Gf6r2myugOobWR6CnzDt8xcYldnIw=w128-h128-c,#e0ceb8,224,206,184,1.2349625,ORANGE,#FF9800,255,152,0,8
rwEWZjfwa3vI8w.jpg,rwEWZjfwa3vI8w,View from Bidston Hill,William Davis,"Walker Art Gallery, Liverpool",/asset/view-from-bidston-hill-william-davis/rwEWZjfwa3vI8w,https://lh3.googleusercontent.com/ci/AL18g_SdIJvTQRkxZ4vceJvULJh0EA3CMVVuldqOxugzkRN4Fpx7cTEO7ukHKhjQdl9pKqcc2XqKiuo=w128-h128-c,#e0d0b8,224,208,184,1.3376137,ORANGE,#FF9800,255,152,0,8
VgFzoQ1kQGHMPg.jpg,VgFzoQ1kQGHMPg,Moonstruck Goat,Elsie Driggs,James A. Michener Art Museum,/asset/moonstruck-goat-elsie-driggs/VgFzoQ1kQGHMPg,https://lh3.googleusercontent.com/ci/AL18g_RnqGgDz4G74YRrR4UcAQGdm89DZGayNCm5aa7z4byQBfX9MuPUhGW94PgH4TDGD2rxJlXKuw=w128-h128-c,#e0d0b8,224,208,184,1.005098,ORANGE,#FF9800,255,152,0,8
mQFJBha81TGjeA.jpg,mQFJBha81TGjeA,Four Cowboys Lassoing Cattle,Unknown,Projeto Portinari,/asset/four-cowboys-lassoing-cattle/mQFJBha81TGjeA,https://lh3.googleusercontent.com/ci/AL18g_SkSTVEcFRibdAzdlyl4CVNhczK8oAaB87K6STuKDexoTq4M4IJxgAwcLnFC5C2CeLjk9esr0uu=w128-h128-c,#e0ccb8,224,204,184,1.462818,ORANGE,#FF9800,255,152,0,8
eQFWAUG-bXYpYw.jpg,eQFWAUG-bXYpYw,Strong in the Strength of the Lord We Who Fight in the People's Cause Will Never Stop Until That Cause is Won,"Office of War Information. (Washington, D.C.)",Smithsonian's National Museum of American History,/asset/strong-in-the-strength-of-the-lord-we-who-fight-in-the-people-s-cause-will-never-stop-until-that-cause-is-won-office-of-war-information-washington-d-c-united-states-office-of-war-information-and-martin-david-stone/eQFWAUG-bXYpYw,https://lh3.googleusercontent.com/ci/AL18g_QexhqBDINgpRBLKOztMPC_WeVdcTKRnsE5wUGIcdDKRDEPM8cjphrVwfHe3G5BntfZg4oRAQ=w128-h128-c,#e0d0b8,224,208,184,0.65192777,ORANGE,#FF9800,255,152,0,8
MgH6sMHIqI_G_A.jpg,MgH6sMHIqI_G_A,Wasteland Series No.3,ZHANG Xiaogang,Busan Biennale,/asset/wasteland-series-no-3-zhang-xiaogang/MgH6sMHIqI_G_A,https://lh3.googleusercontent.com/ci/AL18g_QHKBXQG4ukHDNdY5b6nrrRih7PBSqH5sD5RyzvvNzt8shRpEGiSdGgj_jtCG56yaBwwaZgPA=w128-h128-c,#e0d0b8,224,208,184,0.7633997,ORANGE,#FF9800,255,152,0,8
cAHG_xw6i6wgMQ.jpg,cAHG_xw6i6wgMQ,Lodging Request,Unknown,Museo de América,/asset/lodging-request/cAHG_xw6i6wgMQ,https://lh3.googleusercontent.com/ci/AL18g_Q9hDA7PNwljTF2oqX-o0v3PHDgzuJzCnjrv57PUrYeNfelrNtG3K3C6BHKzzB7x3-g9gvZag=w128-h128-c,#e0ceb8,224,206,184,1.3293675,ORANGE,#FF9800,255,152,0,8
aAHFg1FL0HUVyQ.jpg,aAHFg1FL0HUVyQ,Requiem (Plegaria),Yoan Capote,Biennale of Sydney,/asset/requiem-plegaria-yoan-capote/aAHFg1FL0HUVyQ,https://lh3.googleusercontent.com/ci/AL18g_TNJvf6gyL7v0z0fS96grsMnqmBWLt4WA6UQ40xdyPTZFa_uf6Gn5gRLv20TJN83G1oQGfrLL0l=w128-h128-c,#e0cfb8,224,207,184,1.5314466,ORANGE,#FF9800,255,152,0,8
vAHN8qGabTXIMw.jpg,vAHN8qGabTXIMw,"Pawneepict Chief, Two Daughters, and a Warrior",George Catlin,"National Gallery of Art, Washington DC",/asset/pawneepict-chief-two-daughters-and-a-warrior-george-catlin/vAHN8qGabTXIMw,https://lh3.googleusercontent.com/ci/AL18g_RlMmy2G_g2ZN_bn_Uox1cKzD-ZQ1M5FGJNGcFqfF5H5PEQDxxhNcC9cD5Bw-GL6FyYpD4N2A=w128-h128-c,#e0d0b8,224,208,184,1.266543,ORANGE,#FF9800,255,152,0,8
gAGvGNmpqKeXZw.jpg,gAGvGNmpqKeXZw,View of İstanbul,Félix (François-Georges-Philibert) Ziem,Pera Museum,/asset/view-of-İstanbul-félix-françois-georges-philibert-ziem/gAGvGNmpqKeXZw,https://lh3.googleusercontent.com/ci/AL18g_StrE8BSt14ant8l89-eG-iQClNnbV_34jaQ2bETK9iUfEGofVxtjOc942Qstfc01KZDajeQRQ=w128-h128-c,#e0ceb8,224,206,184,1.886,ORANGE,#FF9800,255,152,0,8
sgFp32w27CoEjg.jpg,sgFp32w27CoEjg,Central Otago,Rita Angus,Te Papa,/asset/central-otago-rita-angus/sgFp32w27CoEjg,https://lh3.googleusercontent.com/ci/AL18g_QnoHmzWez--F2ZfC8Cq7x0v-RdyzgF7vH0Bp0Ja41fFpXQqPMG1V5kfzvnjDMRyKT6yutOEdQ=w128-h128-c,#e0ceb8,224,206,184,1.2127539,ORANGE,#FF9800,255,152,0,8
xAEWih-IZQxQ2Q.jpg,xAEWih-IZQxQ2Q,Portrait of Albert in Truck from P.P.F (Past-Present-Future),Vincent Namatjira,Museum of Contemporary Art Australia,/asset/portrait-of-albert-in-truck-from-p-p-f-past-present-future-vincent-namatjira-and-daniel-boud/xAEWih-IZQxQ2Q,https://lh3.googleusercontent.com/ci/AL18g_TWgWpBWYwk5tRPy47AN57Pj5zcAtrd19DifXXc23zZDmwwmXVLG9ax375ESiSRBrBDkcLlhJdQ=w128-h128-c,#e0c8b8,224,200,184,1.4992679,ORANGE,#FF9800,255,152,0,8
wgHIgQLkdMGnyw.jpg,wgHIgQLkdMGnyw,A Bull,Lee Jung-seob,Korea Data Agency,/asset/a-bull-lee-jung-seob/wgHIgQLkdMGnyw,https://lh3.googleusercontent.com/ci/AL18g_Q19rGGBwPlzZHN83fmPoF-9Pih-8IA-a0t-ZFXb9IUDz5doQWmvPU90g5J0gDLyLN4AM3xvbM=w128-h128-c,#e0d0b8,224,208,184,1.375646,ORANGE,#FF9800,255,152,0,8
IQHZl171CfXnZg.jpg,IQHZl171CfXnZg,No title,Per Kirkeby,The Danish Parliament,/asset/no-title-per-kirkeby/IQHZl171CfXnZg,https://lh3.googleusercontent.com/ci/AL18g_S_nz2VVuHLmKeDzut5g5Np4kcRfO1C47_H_1l-6oi54C8_9e-mbGkE5CYxRHK-0BSfaiSdQw=w128-h128-c,#e0d2b8,224,210,184,0.69,ORANGE,#FF9800,255,152,0,8
vQH2_0YPc6AdcQ.jpg,vQH2_0YPc6AdcQ,"Mina de ferro, Itabira, MG",Djanira,Museu Nacional de Belas Artes,/asset/mina-de-ferro-itabira-mg-djanira/vQH2_0YPc6AdcQ,https://lh3.googleusercontent.com/ci/AL18g_SKyFc2txqcddQObVstPh-yC6G8CWXEAa9R_g3nKhsfok67T_Euj8jtxHA1796ffxKRqJdIXw=w128-h128-c,#e0d2b8,224,210,184,1.3793634,ORANGE,#FF9800,255,152,0,8
dgHk7a2PZPJmDw.jpg,dgHk7a2PZPJmDw,Musicians,Nils Wedel,Gothenburg Symphony,/asset/musicians-nils-wedel/dgHk7a2PZPJmDw,https://lh3.googleusercontent.com/ci/AL18g_RBpA8WqFLx_o42bY0-uKg8x294aw-Fa64Y76-fUrbHrH5OYFqHW49-bXSCViiphVJ9dOalt8c=w128-h128-c,#e0c8b8,224,200,184,1.5311005,ORANGE,#FF9800,255,152,0,8
kAGSQ7U3-p2E4A.jpg,kAGSQ7U3-p2E4A,La Conquista de México. Tabla I,Unknown,Museo Nacional de Bellas Artes de Argentina,/asset/la-conquista-de-méxico-tabla-i/kAGSQ7U3-p2E4A,https://lh3.googleusercontent.com/ci/AL18g_QdV5_gsPN5rcnzvG3hHDWvvexn3E7bGSTuiPfgdJldNR6iOi_Xje39KEIYcdEJyzgtVSuUViQ=w128-h128-c,#e0ceb8,224,206,184,0.5233918,ORANGE,#FF9800,255,152,0,8
IwE41J-dulwTZg.jpg,IwE41J-dulwTZg,Virgin of Mosén Esperandeu de Santa Fe,"Grañén, Blasco de",Museo Lázaro Galdiano,/asset/virgin-of-mosén-esperandeu-de-santa-fe-grañén-blasco-de/IwE41J-dulwTZg,https://lh3.googleusercontent.com/ci/AL18g_TMZ02bMjPFzOMBk3ikIf9JvkISTe4_npPvZ2edsxoUQqvAC6T0CBcB2juAnjIN_I_8rdzZ9PM=w128-h128-c,#e0ceb8,224,206,184,0.63025,ORANGE,#FF9800,255,152,0,8
UwFxG8exb7FSOA.jpg,UwFxG8exb7FSOA,Sweet ilusion,Manolo Romero,Asociación Española de Pintores y Escultores,/asset/sweet-ilusion-manolo-romero/UwFxG8exb7FSOA,https://lh3.googleusercontent.com/ci/AL18g_SwD4YUFVZHJg_bDQbvULMCmqC7GhvKEk2z5A-CZR3OSYPWzyQvKkETRG3LAsQEIJuAG2Wl0zI=w128-h128-c,#e0ceb8,224,206,184,0.9095011,ORANGE,#FF9800,255,152,0,8
