filename,asset_id,title,artist,museum,asset_path,thumbnail_url,dominant_hex,dom_r,dom_g,dom_b,aspect_ratio,color_label,color_hex,color_r,color_g,color_b,color_value
5QG2Fm_LGUWAHA.jpg,5QG2Fm_LGUWAHA,"Composition with Red, Blue and Yellow",Piet Mondrian,Kunsthaus Zürich,/asset/composition-with-red-blue-and-yellow-piet-mondrian/5QG2Fm_LGUWAHA,https://lh3.googleusercontent.com/ci/AL18g_SC14b4skn2dmV4QTAA2EWuZXgESHUToxUDfoFCkkPv3bsN84sDKXYw0CYjMO_YOgh7u2bo0T4=w128-h128-c,#e0b8b8,224,184,184,0.998,RED,#D50000,213,0,0,9
qwFo4XF73Dmd1Q.jpg,qwFo4XF73Dmd1Q,Portrait of Pope Leo X withCardinals Giulio de' Medici andLuigi de' Rossi,Raffaello Sanzio,Uffizi Gallery,/asset/portrait-of-pope-leo-x-withcardinals-giulio-de-medici-andluigi-de-rossi-raffaello-sanzio/qwFo4XF73Dmd1Q,https://lh3.googleusercontent.com/ci/AL18g_SJIsK10rM6O500pQwmhWOZ1Y_cOLbSRzqtFIB2Hh3kKa38NM10BUEcVwu_HT5j4zxTDntmSEs=w128-h128-c,#e0beb8,224,190,184,0.81632656,RED,#D50000,213,0,0,9
qAFBUqysDFEv9g.jpg,qAFBUqysDFEv9g,Woman Bathing,Anonymous,Château de Chantilly,/asset/woman-bathing-anonymous/qAFBUqysDFEv9g,https://lh3.googleusercontent.com/ci/AL18g_Sqllm0lhyP6k_mo2MRwzqq7FryAPCGfwJZdBWB4SdlOIG1N0UCuoHjABjOYnovbim6I9dzMaW2=w128-h128-c,#dfbab9,223,186,185,0.7879954,RED,#D50000,213,0,0,9
SAH0-A5LXQbdEg.jpg,SAH0-A5LXQbdEg,The Emperor Napoleon III,Unknown,Museo Napoleonico,/asset/the-emperor-napoleon-iii/SAH0-A5LXQbdEg,https://lh3.googleusercontent.com/ci/AL18g_SfyeAZUKl6j80dQs7LW5190nvoZuzKNcZtFk4T6iO7bbX_qX0YyZvuF6nwh3mvqiKZqYG1OA=w128-h128-c,#e0b8b8,224,184,184,0.6517781,RED,#D50000,213,0,0,9
SwHq47XAgCz28Q.jpg,SwHq47XAgCz28Q,Parson Weems' Fable,Grant Wood,Amon Carter Museum of American Art,/asset/parson-weems-fable-grant-wood/SwHq47XAgCz28Q,https://lh3.googleusercontent.com/ci/AL18g_Q95kA7ZhiLK4AN8Fg5Psr0QfB3gIwMFU7Ta_AJlS2Px7dBDhN2LOdITqelO_qio6wnYS_b_A0a=w128-h128-c,#e0bfb8,224,191,184,1.2703757,RED,#D50000,213,0,0,9
tAEz2XlPWdJliw.jpg,tAEz2XlPWdJliw,The Veteran in a New Field,Winslow Homer,The Metropolitan Museum of Art,/asset/the-veteran-in-a-new-field-winslow-homer/tAEz2XlPWdJliw,https://lh3.googleusercontent.com/ci/AL18g_Rwqi5TUhoy6ZNSWFEtQz95ok-EFzLrUIsGo_yZ_2w1kRPYmMLp6-nteF6NPpPKtBijMfeR9dA=w128-h128-c,#e0b8b8,224,184,184,1.5779874,RED,#D50000,213,0,0,9
TQE_WxQuF0sJPw.jpg,TQE_WxQuF0sJPw,Stańczyk [The Jester],Leon Wyczółkowski,The National Museum in Krakow,/asset/stańczyk-the-jester-leon-wyczółkowski/TQE_WxQuF0sJPw,https://lh3.googleusercontent.com/ci/AL18g_Qm-xsXtTPe7v6WufQqEvTHDsxx4fJ4qNJK4FSeBW0_vKUCWZZq0td5vYbTaUMZxa-UsaL-C04=w128-h128-c,#dfb9c6,223,185,198,1.4113655,RED,#D50000,213,0,0,9
8wGaGSond6R9CQ.jpg,8wGaGSond6R9CQ,A Lady in Her Bath,François Clouet,"National Gallery of Art, Washington DC",/asset/a-lady-in-her-bath-françois-clouet/8wGaGSond6R9CQ,https://lh3.googleusercontent.com/ci/AL18g_QIy5ErP-8Rkj0m8eXOh4IzkqmxJi-SUL5zA6I3EKOM3UGHMmMeY7O7XweFjihvwJo46GvEwZo=w128-h128-c,#e0b8b8,224,184,184,0.8811189,RED,#D50000,213,0,0,9
BAHyaGsHG5LZAg.jpg,BAHyaGsHG5LZAg,The Flight of Lot and His Family from Sodom (after Rubens),Unknown,"The National Museum of Western Art, Tokyo",/asset/the-flight-of-lot-and-his-family-from-sodom-after-rubens/BAHyaGsHG5LZAg,https://lh3.googleusercontent.com/ci/AL18g_Qfa8iTA-prprshEvYU36s5h2V1yOTj9aRu2V_JCjwKYQ8usyz6G2A_1Z3s17JeBIcGgGoRiv0S=w128-h128-c,#e0b8b8,224,184,184,1.1569422,RED,#D50000,213,0,0,9
EAGi5p5h35U-kg.jpg,EAGi5p5h35U-kg,The American People Series #18: The Flag is Bleeding,Faith Ringgold,"National Gallery of Art, Washington DC",/asset/the-american-people-series-18-the-flag-is-bleeding-faith-ringgold/EAGi5p5h35U-kg,https://lh3.googleusercontent.com/ci/AL18g_RC1mwHfhFWZTQkmFAeEo1JyjpxJvAWJ_mGeneg-4ZBmdpmcg_794cyXkM-O8y28R8gFRNjtTk=w128-h128-c,#e0b8b8,224,184,184,1.330672,RED,#D50000,213,0,0,9
UQHCCGCXto1o4A.jpg,UQHCCGCXto1o4A,Her Highness Janaki Subamma Bai Sahib of Pudukkottai,Raja Ravi Varma,Raja Ravi Varma Heritage Foundation,/asset/her-highness-janaki-subamma-bai-sahib-of-pudukkottai-raja-ravi-varma/UQHCCGCXto1o4A,https://lh3.googleusercontent.com/ci/AL18g_TykvmoHDk6-idmN6_k_PdaEUq82Z-GSdVworWYmcf8ZYTtDNeDuPUOKhwlTMC8wU5p-xphZg=w128-h128-c,#e0c2b8,224,194,184,0.7624703,RED,#D50000,213,0,0,9
NgEcYNri9WW1Qg.jpg,NgEcYNri9WW1Qg,A Tamil Lady,Raja Ravi Varma,Raja Ravi Varma Heritage Foundation,/asset/a-tamil-lady-raja-ravi-varma/NgEcYNri9WW1Qg,https://lh3.googleusercontent.com/ci/AL18g_TVyU8JTwNdwQOPZsuznsXGfAkhnpes2vp0A5goSQU7wxoGkDj8O00dJgZUlVqRKFn_xD2eH-k=w128-h128-c,#e0c2b8,224,194,184,0.74626005,RED,#D50000,213,0,0,9
8AH7A_3QZ94aPg.jpg,8AH7A_3QZ94aPg,"HH Sri Janaki Subbamma Bai Sahib, Rani of Pudukkottai",Raja Ravi Varma,Raja Ravi Varma Heritage Foundation,/asset/hh-sri-janaki-subbamma-bai-sahib-rani-of-pudukkottai-raja-ravi-varma/8AH7A_3QZ94aPg,https://lh3.googleusercontent.com/ci/AL18g_QhxcfTxWPQPo1Vd016vAEyFL_GnIGoB_VBsjMCgf6BHm3vNZh1kfqWxSgwQabOEZBqyHJ_W9A=w128-h128-c,#e0b8b8,224,184,184,0.76346606,RED,#D50000,213,0,0,9
dAH2wHiNta1Low.jpg,dAH2wHiNta1Low,Queen Eleanor and the Fair Rosamund,Evelyn De Morgan,De Morgan Collection,/asset/queen-eleanor-and-the-fair-rosamund-evelyn-de-morgan/dAH2wHiNta1Low,https://lh3.googleusercontent.com/ci/AL18g_ShnY9KkI5xakQSkFhlzMVhhf5jRvqdaj4czxFGkWebtbUCbz8kSVThdBbNRrALXJF--kDk-Q=w128-h128-c,#e0b8b8,224,184,184,0.87871605,RED,#D50000,213,0,0,9
DQFpSfipkwJKHg.jpg,DQFpSfipkwJKHg,"Francis Rawdon-Hastings (1754-1826), Second Earl of Moira and First Marquess of Hastings",Sir Joshua Reynolds,"Royal Collection Trust, UK",/asset/francis-rawdon-hastings-1754-1826-second-earl-of-moira-and-first-marquess-of-hastings-sir-joshua-reynolds/DQFpSfipkwJKHg,https://lh3.googleusercontent.com/ci/AL18g_TGFEAXKr9UD78OCJGnm13w4zJrAZaRnPzTkdRYAEoUEoy7HhJLYi5N2FyebsOtTqVv6CT8HS0=w128-h128-c,#e0beb8,224,190,184,0.6189248,RED,#D50000,213,0,0,9
9AHDolrJOlP-Ig.jpg,9AHDolrJOlP-Ig,A Girl Reading a Book,Lee In-sung,Korea Data Agency,/asset/a-girl-reading-a-book-lee-in-sung/9AHDolrJOlP-Ig,https://lh3.googleusercontent.com/ci/AL18g_Si1TVnAcnUghjV2-DF8tD1d0lYJAGFj3W3g8XEfuEdJg9upTy5rX7xXCiG1-eDAW96z9n9FrDW=w128-h128-c,#e0b8b8,224,184,184,0.7663787,RED,#D50000,213,0,0,9
uwH446u6wY8tdA.jpg,uwH446u6wY8tdA,Trees in Autumn,Georgia O'Keeffe,Georgia O'Keeffe Museum,/asset/trees-in-autumn-georgia-o-keeffe/uwH446u6wY8tdA,https://lh3.googleusercontent.com/ci/AL18g_Qu76rtbp22jYHpUdrpXP8emJHP51E3B53qsHcSYnGeovHTNYivC0yfg2R6GFnCOqKgnZdpn5c=w128-h128-c,#e0b8b8,224,184,184,0.79766667,RED,#D50000,213,0,0,9
dwHWY4z9brre1w.jpg,dwHWY4z9brre1w,The Musician's Table,Juan Gris,Museo Reina Sofia,/asset/the-musician-s-table-juan-gris/dwHWY4z9brre1w,https://lh3.googleusercontent.com/ci/AL18g_SwsED665lb93O7oZ35YhTQfMooa9NVUA-nWPLiYZ_CLvC5b18zsBsvfB4Gt5Y8kE7nlhvybLw=w128-h128-c,#e0bfb8,224,191,184,1.228145,RED,#D50000,213,0,0,9
kwGzzZ2g39I2pQ.jpg,kwGzzZ2g39I2pQ,Red Cannas,Georgia O'Keeffe,Amon Carter Museum of American Art,/asset/red-cannas-georgia-o-keeffe/kwGzzZ2g39I2pQ,https://lh3.googleusercontent.com/ci/AL18g_T_vGFoP9z4MB9Q3fhISN2RyLIvm7TtjdojHYjVAlbLLmyXHgVXb1dM2Mb3qh0aKz4KVBrL_mk=w128-h128-c,#e0bbb8,224,187,184,0.8389312,RED,#D50000,213,0,0,9
ggErmJAYz1vqIg.jpg,ggErmJAYz1vqIg,Lucretia Borgia Reigns in the Vatican in the Absence of Pope Alexander VI,Frank Cadogan Cowper,Tate Britain,/asset/lucretia-borgia-reigns-in-the-vatican-in-the-absence-of-pope-alexander-vi-frank-cadogan-cowper/ggErmJAYz1vqIg,https://lh3.googleusercontent.com/ci/AL18g_TvSmFhQGTwxUBl7NMlt4wtVfIP5x0pEXNJKsULTVkTSegrthSKBRSrL1YOmLF8lCuQ7t2Uyg=w128-h128-c,#e0b8b8,224,184,184,0.68538815,RED,#D50000,213,0,0,9
DAH13K-Pb6kbvQ.jpg,DAH13K-Pb6kbvQ,The Mud Bath,David Bomberg,Tate Britain,/asset/the-mud-bath-david-bomberg/DAH13K-Pb6kbvQ,https://lh3.googleusercontent.com/ci/AL18g_TLAoPIKg1i53Y4jKiCkR8l1n4k6jdOx_9hWNoOWeGNgvB9XJ8AVpYUpdMKDupu1vavW3HAL9ik=w128-h128-c,#e0c1b8,224,193,184,1.4652015,RED,#D50000,213,0,0,9
twGoy5ijJE6aLA.jpg,twGoy5ijJE6aLA,Portrait of Cosimo de' Medici the Elder,Jacopo Carrucci,Uffizi Gallery,/asset/portrait-of-cosimo-de-medici-the-elder-jacopo-carrucci/twGoy5ijJE6aLA,https://lh3.googleusercontent.com/ci/AL18g_TZTSwXXFCQosGPJcp2Kpgn7qa-vg4zXf1BQl85nnT6mMgjpV2QyboSpNMN-DduTg_yP4fd1L0=w128-h128-c,#e0b8b8,224,184,184,0.74185693,RED,#D50000,213,0,0,9
QQF3mouDwqfegw.jpg,QQF3mouDwqfegw,PH-385,Clyfford Still,Clyfford Still Museum,/asset/ph-385-clyfford-still/QQF3mouDwqfegw,https://lh3.googleusercontent.com/ci/AL18g_RL40-3bln7-OXq_WAI4u3otWeMvEEGp7hTPFM1rUhyysILmlW9fusuUt27eVveH3IiVQms=w128-h128-c,#e0b8b8,224,184,184,0.7644272,RED,#D50000,213,0,0,9
6AEW4HL23fCI9A.jpg,6AEW4HL23fCI9A,Red Cannas,Georgia O'Keeffe,Amon Carter Museum of American Art,/asset/red-cannas-georgia-o-keeffe/6AEW4HL23fCI9A,https://lh3.googleusercontent.com/ci/AL18g_RiOBUHvpmQodJW-bVSEveBXkE5UoEZ5zC0kSRWe1VUDWK5davauZkvs-R3MMbY7NtOknmDZQ=w128-h128-c,#e0b8b8,224,184,184,0.8333297,RED,#D50000,213,0,0,9
UgGlchBfaSf7hA.jpg,UgGlchBfaSf7hA,Portrait of Marguerite of Navarre,Jean Clouet (Attributed),"Walker Art Gallery, Liverpool",/asset/portrait-of-marguerite-of-navarre-jean-clouet-attributed/UgGlchBfaSf7hA,https://lh3.googleusercontent.com/ci/AL18g_RmFmeL2hV5DjIITqRPk2OH5CuONMEIhoeFkgl7II85SGh6QoR9A3BoiLrcSFNnHj9im1K-ng=w128-h128-c,#e0beb8,224,190,184,0.84559536,RED,#D50000,213,0,0,9
tgEIqBtFn-1CXQ.jpg,tgEIqBtFn-1CXQ,A Young Woman and Her Little Boy,Agnolo Bronzino,"National Gallery of Art, Washington DC",/asset/a-young-woman-and-her-little-boy-agnolo-bronzino/tgEIqBtFn-1CXQ,https://lh3.googleusercontent.com/ci/AL18g_TsMe775Vm-TVSKkuKpQSOZ_cz6iXRLRHR1Oy5QZhagLvgHF6z1uh1HNEu9YWTBPbgbBcfNK2o=w128-h128-c,#e0b8b8,224,184,184,0.7430599,RED,#D50000,213,0,0,9
FQHBWsJ40XPjLg.jpg,FQHBWsJ40XPjLg,Miss Mary Edwards,William Hogarth,The Frick Collection,/asset/miss-mary-edwards-william-hogarth/FQHBWsJ40XPjLg,https://lh3.googleusercontent.com/ci/AL18g_SU5hARP05rP5qeUMwLxcIWO6n_730dHNFYbA7FLDqh9ai3ve1LyUxlvTcLadBnJ9-mGiKwz2VC=w128-h128-c,#e0bfb8,224,191,184,0.80690235,RED,#D50000,213,0,0,9
fgGYFrGD2c5Etg.jpg,fgGYFrGD2c5Etg,Edward VI as a Child,Hans Holbein the Younger,"National Gallery of Art, Washington DC",/asset/edward-vi-as-a-child-hans-holbein-the-younger/fgGYFrGD2c5Etg,https://lh3.googleusercontent.com/ci/AL18g_Qx6aKwqo8G7fZnzw5R1KE3KkrVAHPFXY20gwD8BHXbQce0eJ6a8hdRSckBKJRxMvclVQhcnOI=w128-h128-c,#e0b8b8,224,184,184,0.77041566,RED,#D50000,213,0,0,9
nAHRW5KfMCoQMw.jpg,nAHRW5KfMCoQMw,Woman Washing her Feet,Yasui Sotaro,"The Museum of Modern Art, Gunma",/asset/woman-washing-her-feet-yasui-sotaro/nAHRW5KfMCoQMw,https://lh3.googleusercontent.com/ci/AL18g_SONqArEWDE_nwq5oXcX0yMMDHhQTI3zsGbLJ4xk1SCyPH0VxB3lhcgD_SLO0cEkUAWXbNTeE4=w128-h128-c,#e0c2b8,224,194,184,0.78706914,RED,#D50000,213,0,0,9
ogGvLdZg_9FlIQ.jpg,ogGvLdZg_9FlIQ,Portrait of the Dancer Aleksandr Sakharov,"Jawlensky, Alexej",Städtische Galerie im Lenbachhaus und Kunstbau,/asset/portrait-of-the-dancer-aleksandr-sakharov-jawlensky-alexej/ogGvLdZg_9FlIQ,https://lh3.googleusercontent.com/ci/AL18g_SJqQmvfIoM8sXF6vIFVkgFiJ2iw_AzDo9JS4RFcwDcokEEqai8p4bc-9IcfCx-F5IDLL5Mpi8=w128-h128-c,#e0c1b8,224,193,184,0.9581673,RED,#D50000,213,0,0,9
EwFmiObPATftVA.jpg,EwFmiObPATftVA,Coffee Patio,Unknown,Projeto Portinari,/asset/coffee-patio/EwFmiObPATftVA,https://lh3.googleusercontent.com/ci/AL18g_SgWvyJDWVjlGRJIOYBQufl8x6BNCuRSvBpVxXpcE4E3I6bcI453i_OM7QAajV6U-qprVZUhj2T=w128-h128-c,#e0b8b8,224,184,184,1.1821214,RED,#D50000,213,0,0,9
awECTq6r2rmChA.jpg,awECTq6r2rmChA,Portrait of Mrs Robert Harrison,John Singer Sargent,Tate Britain,/asset/portrait-of-mrs-robert-harrison-john-singer-sargent/awECTq6r2rmChA,https://lh3.googleusercontent.com/ci/AL18g_RwaIYwwTxILJABcLFXsr13I7hCPnHdv9mpMUIaTb0IjmVwT_tz_QtufjxKUvRiKu1P2AeMpQ=w128-h128-c,#e0c2b8,224,194,184,0.50600684,RED,#D50000,213,0,0,9
wQGOTSgUCEE06w.jpg,wQGOTSgUCEE06w,Girl with Ranunculus,Theo van Doesburg,Centraal Museum,/asset/girl-with-ranunculus-theo-van-doesburg/wQGOTSgUCEE06w,https://lh3.googleusercontent.com/ci/AL18g_S9blsa1htc5yP-eZ3q2LkBemZMxz8dpdVsFeIaXfFJIKx3MW2I5nAwf4PdKMT9YjPNdQRUqRxF=w128-h128-c,#e0b8b8,224,184,184,0.99594206,RED,#D50000,213,0,0,9
FwGUU4gyTQb5Xg.jpg,FwGUU4gyTQb5Xg,Giuliano de'Medici (1453-1478),Sandro Botticelli,"Gemäldegalerie, Staatliche Museen zu Berlin",/asset/giuliano-de-medici-1453-1478-sandro-botticelli/FwGUU4gyTQb5Xg,https://lh3.googleusercontent.com/ci/AL18g_RDsezG9uQnwtoRxmJqyrji23gEIE4ESqgB8gJoAZ-Qw4JRUusDWlR4GxdYLgVT_qUIsfAkCVY=w128-h128-c,#e0b8b8,224,184,184,0.60828316,RED,#D50000,213,0,0,9
EQHx2r7CT9VjDA.jpg,EQHx2r7CT9VjDA,Women with Fruits,Emiliano Di Cavalcanti,MALBA – Museo de Arte Latinoamericano de Buenos Aires,/asset/women-with-fruits-emiliano-di-cavalcanti/EQHx2r7CT9VjDA,https://lh3.googleusercontent.com/ci/AL18g_Q8KsJggDlGspiTiNQkhXLyJwOzYJ1D6MB_cQpDa9YPADDgadZV-pQxC4qUW6-5Us7WMUkaQLM=w128-h128-c,#e0b9b8,224,185,184,1.6745484,RED,#D50000,213,0,0,9
nAE2YavOXWKGNA.jpg,nAE2YavOXWKGNA,Portrait of Renee Kisling,Moise Kisling,National Gallery of Bulgaria,/asset/portrait-of-renee-kisling-moise-kisling/nAE2YavOXWKGNA,https://lh3.googleusercontent.com/ci/AL18g_SmgVWaVQYSI6zsZvEubEu2CzIstE2Ey8-QFvBXXLonj_-p8VqmEoRDAJGVcUFCU8jZ6PKbdFo=w128-h128-c,#e0bbb8,224,187,184,0.82043636,RED,#D50000,213,0,0,9
5gEdBVD9qjXRcQ.jpg,5gEdBVD9qjXRcQ,Portrait of Giuseppe Garibaldi,Salvatore lo Forte,"Gallery of Modern Art ""Empedocle Restivo""",/asset/portrait-of-giuseppe-garibaldi-salvatore-lo-forte/5gEdBVD9qjXRcQ,https://lh3.googleusercontent.com/ci/AL18g_Qk97z_OH6G_8z-fyWsCyVlpHXSn2rmAWagPlGKH8PSilpkEH-Ia7QyecTIWVf-J49kH1xZjw=w128-h128-c,#e0c2b8,224,194,184,0.7800828,RED,#D50000,213,0,0,9
pQH3UO0q2KyUmQ.jpg,pQH3UO0q2KyUmQ,Study of Lilia,Carolus-Duran,"National Gallery of Art, Washington DC",/asset/study-of-lilia-carolus-duran/pQH3UO0q2KyUmQ,https://lh3.googleusercontent.com/ci/AL18g_T0C8kuujE_rHJThgide25HJxL3HmqQDpuUe1v7tqF5zcy0zqYKcxi0auvUedMtF6qVV_6MHix3=w128-h128-c,#e0c2b8,224,194,184,0.8286133,RED,#D50000,213,0,0,9
JwGDYsj2N2gl3w.jpg,JwGDYsj2N2gl3w,Saint Jerome in His Study,Jan van Eyck,Detroit Institute of Arts,/asset/saint-jerome-in-his-study-jan-van-eyck/JwGDYsj2N2gl3w,https://lh3.googleusercontent.com/ci/AL18g_Tys8xy5B3jhL5Dj6G9T4UaZVUkYS1UXdeFMDUElsPjeo6ThVOMO7Tk14Sw86j1czrYSe4O74fZ=w128-h128-c,#e0c2b8,224,194,184,0.6248148,RED,#D50000,213,0,0,9
MQFtmMWmxopLmQ.jpg,MQFtmMWmxopLmQ,Barry Humphries in the character of Mrs Everage,John Brack,Art Gallery of New South Wales,/asset/barry-humphries-in-the-character-of-mrs-everage-john-brack/MQFtmMWmxopLmQ,https://lh3.googleusercontent.com/ci/AL18g_T7R1zQwTySLRFnAv61rltHm-rN_ZuSlm1Y298h5b8vNCLSoSCOPxxCyFr5Ui6Nz0H0JRc6aQ=w128-h128-c,#dfbab9,223,186,185,1.3379717,RED,#D50000,213,0,0,9
6AF2UetLe5bmSw.jpg,6AF2UetLe5bmSw,Weeping Nude,Edvard Munch,MUNCH,/asset/weeping-nude-edvard-munch/6AF2UetLe5bmSw,https://lh3.googleusercontent.com/ci/AL18g_R5VTwJ2GjgcZv0wkq5f8856__c-d5EC8oEH6LpCaZr7I5CwF_0LEKHbmA65pj2KJZW6oUIjjSo=w128-h128-c,#e0b8b8,224,184,184,1.2229618,RED,#D50000,213,0,0,9
swFFFiHhWez1Lg.jpg,swFFFiHhWez1Lg,Trumpeting Angel,Katya Medvedeva,Museum of Fine Arts in Peredelkino,/asset/trumpeting-angel-katya-medvedeva/swFFFiHhWez1Lg,https://lh3.googleusercontent.com/ci/AL18g_Qv8zrsHndg5ZCURneStOzvKh-Lzdikm6On14nKUz1TxvgOZLuF8HzlHag79w7EPcTZ92obFM4=w128-h128-c,#dfbab9,223,186,185,0.93480146,RED,#D50000,213,0,0,9
fAE8q74uOuC-ng.jpg,fAE8q74uOuC-ng,Forest III,Unknown,Projeto Portinari,/asset/forest-iii/fAE8q74uOuC-ng,https://lh3.googleusercontent.com/ci/AL18g_Sto05pPezwF67oZXk_qwFYoUE41TneTnalP4lWg4IVEptAErTBnGfIJvdO7h4rWusQaVW4qw=w128-h128-c,#e0b8b8,224,184,184,0.8575217,RED,#D50000,213,0,0,9
9gGR0lSXaG3Erg.jpg,9gGR0lSXaG3Erg,Woman Sewing,Antonio Mancini,National Academy of San Luca,/asset/woman-sewing-antonio-mancini/9gGR0lSXaG3Erg,https://lh3.googleusercontent.com/ci/AL18g_TTmLjd7SkX8iHc9HIjzmCgLV7pPqkCueqQOAcrKqdk7TPnGHFsJvifaO6efu1zDpV6Sw9LLqE=w128-h128-c,#dfbab9,223,186,185,0.72538275,RED,#D50000,213,0,0,9
TgFD3Q56guO3Ng.jpg,TgFD3Q56guO3Ng,Rag Deepak,Unknown,Peabody Essex Museum,/asset/rag-deepak/TgFD3Q56guO3Ng,https://lh3.googleusercontent.com/ci/AL18g_Q87Ncl-2lzUMYssIq9dbApbPrszEKhUYWWaNL7FSy938kRDvejgrQKA2pv7XVFFm3qKbE_nQ=w128-h128-c,#e0b8b9,224,184,185,0.6362857,RED,#D50000,213,0,0,9
hAEpG83MepFlwA.jpg,hAEpG83MepFlwA,Rag Deepak,Unknown,Peabody Essex Museum,/asset/rag-deepak/hAEpG83MepFlwA,https://lh3.googleusercontent.com/ci/AL18g_QP32KuycrV4FT3BQR12waFtznMlu8d4aEwOHMGedyHEPkunIu98HuSFqPouDfIxHnFIsGWcA=w128-h128-c,#e0b8c0,224,184,192,0.66159874,RED,#D50000,213,0,0,9
xAFF9MaTKKusLw.jpg,xAFF9MaTKKusLw,"Udho, Heart is Not Ten or Twenty",Unknown,Peabody Essex Museum,/asset/udho-heart-is-not-ten-or-twenty/xAFF9MaTKKusLw,https://lh3.googleusercontent.com/ci/AL18g_T2u09e0pjUPNEZAIWW6G-6vjEZRBkHLihhdRr6aP5Q7QAcZm1mIBbpeRmNwV54plsOJDj8C3U=w128-h128-c,#e0b8b8,224,184,184,0.8,RED,#D50000,213,0,0,9
TgFEdjxup-BPNA.jpg,TgFEdjxup-BPNA,"Indian Prince, Palace of Agra",Edwin Lord Weeks,Berkshire Museum,/asset/indian-prince-palace-of-agra-edwin-lord-weeks/TgFEdjxup-BPNA,https://lh3.googleusercontent.com/ci/AL18g_S1GFRvYJTuguwL3_cwstCh1DwuwTQgnL2ya894vgKzhnbP_3-oSX3HQIe_HNZw07uc7AetGg=w128-h128-c,#e0b8b8,224,184,184,0.8273214,RED,#D50000,213,0,0,9
AwFI5QrNdS224w.jpg,AwFI5QrNdS224w,Saint Sebastian,Bronzino,Museo Nacional Thyssen-Bornemisza,/asset/saint-sebastian-bronzino/AwFI5QrNdS224w,https://lh3.googleusercontent.com/ci/AL18g_QVdI7PhTRCaGMCwCZU2zpzLb67WsXNVrY_ZfWxUWvfrwJrzx6qW88YDRLnlnmYFvaGn-EN=w128-h128-c,#e0b8b8,224,184,184,0.82514733,RED,#D50000,213,0,0,9
RAHM6zK5_UkygQ.jpg,RAHM6zK5_UkygQ,Leipziger Straße with Electric Tram,Ernst Ludwig Kirchner,Museum Folkwang,/asset/leipziger-straße-with-electric-tram-ernst-ludwig-kirchner/RAHM6zK5_UkygQ,https://lh3.googleusercontent.com/ci/AL18g_TYIVbgG_TamHVvhnviIx3G3A88K-3Vw_BHpricl8jxikKi3iKsUn3v_q8mHyymj3AeyUAUy04=w128-h128-c,#e0bbb8,224,187,184,1.1436414,RED,#D50000,213,0,0,9
OgEpg0jBq9_RVg.jpg,OgEpg0jBq9_RVg,Landscape of Brodowski,Unknown,Projeto Portinari,/asset/landscape-of-brodowski/OgEpg0jBq9_RVg,https://lh3.googleusercontent.com/ci/AL18g_QRsh6vyVAr2Q3DCD4ZGo8JkPchBhwHq-sSweHof5YuULeO88cVuIXvGR7XC-7BeAVat4zP=w128-h128-c,#e0b8b8,224,184,184,1.2605706,RED,#D50000,213,0,0,9
iwGflsofsz8QWw.jpg,iwGflsofsz8QWw,Eqyptian drink vendor,Arthur STREETON,National Gallery of Australia,/asset/eqyptian-drink-vendor-arthur-streeton/iwGflsofsz8QWw,https://lh3.googleusercontent.com/ci/AL18g_Q78MT7fCsS0CAn95XPiUzVPH0NTbXWtSu5JfePRjkz4vsPGsw7Ju7EfjUSXBM6OaI6HSbm=w128-h128-c,#e0b8b8,224,184,184,0.51004636,RED,#D50000,213,0,0,9
egGrW6IW20xAww.jpg,egGrW6IW20xAww,Welsh Cottages,Fred Uhlman,Ben Uri,/asset/welsh-cottages-fred-uhlman/egGrW6IW20xAww,https://lh3.googleusercontent.com/ci/AL18g_Rdh9ozyZ4UIeo_SLAIsPlC_f5jaF7zzVesbBOpmYp8kClHSWtiuiLoOgIMQbliKRqLa4IBrQ=w128-h128-c,#e0b8b8,224,184,184,1.5145922,RED,#D50000,213,0,0,9
JAEf-BUh-_ABLQ.jpg,JAEf-BUh-_ABLQ,Susanna Fourment and Her Daughter,Sir Anthony van Dyck,"National Gallery of Art, Washington DC",/asset/susanna-fourment-and-her-daughter-sir-anthony-van-dyck/JAEf-BUh-_ABLQ,https://lh3.googleusercontent.com/ci/AL18g_Sv3G78zxpTz5EYCJd8ReHiN25CCfJeKchMf5Ecn0YKozvFHYEoNENW85z_67h9qejlfSQ7Tw=w128-h128-c,#e0c2b8,224,194,184,0.6779857,RED,#D50000,213,0,0,9
wgEm0202cz6QSw.jpg,wgEm0202cz6QSw,Clearred,Aluísio Carvão,MAM Rio,/asset/clearred-aluísio-carvão/wgEm0202cz6QSw,https://lh3.googleusercontent.com/ci/AL18g_Sevw2A3sAXef0zwkCrUzew6qYOK15gcIfcMZTg0JZw9hJZskF_n5ZPud1PgQkATYZ86Xtmzw=w128-h128-c,#e0b8b8,224,184,184,1.2183236,RED,#D50000,213,0,0,9
7wHCzkdyTjjxZw.jpg,7wHCzkdyTjjxZw,Fire Riders,Fassianos Alekos,National Gallery of Greece - Alexandros Soutsos Museum,/asset/fire-riders-fassianos-alekos/7wHCzkdyTjjxZw,https://lh3.googleusercontent.com/ci/AL18g_R9nXB6tVCi8ZCnT55IhXoqoJgArLAob1XHVVbh_OSxB8foCtUGocemFG56HdTO7vZ5Hgrs=w128-h128-c,#e0beb8,224,190,184,1.3101777,RED,#D50000,213,0,0,9
awGJCR_sDL9ktQ.jpg,awGJCR_sDL9ktQ,Ode to Kinshasa,Loïs Mailou Jones,National Museum of Women in the Arts,/asset/ode-to-kinshasa-loïs-mailou-jones/awGJCR_sDL9ktQ,https://lh3.googleusercontent.com/ci/AL18g_SInHOphoqjHjmYhnH92tR8h0-Cc4F7jmXD0MCtZHBVz_Kvr4Ba7188d42TR8-qFb06d8_7=w128-h128-c,#e0c1b8,224,193,184,0.7470588,RED,#D50000,213,0,0,9
RQHY8awLIaKTUw.jpg,RQHY8awLIaKTUw,"Portrait of D. Maria II , Queen of Portugual",Unknown,Museu Imperial,/asset/portrait-of-d-maria-ii-queen-of-portugual/RQHY8awLIaKTUw,https://lh3.googleusercontent.com/ci/AL18g_TDUSSlxNq17220f-I9B2N8pCJcOX9MO_-5LPsssZYsLnw9jhzxQaMxKEc0bswceeIWD5rlyA=w128-h128-c,#e0bfb8,224,191,184,0.78136486,RED,#D50000,213,0,0,9
ogG33wnv-dLLaQ.jpg,ogG33wnv-dLLaQ,Estudiante Muerto,Unknown,Art Museum of the Americas,/asset/estudiante-muerto/ogG33wnv-dLLaQ,https://lh3.googleusercontent.com/ci/AL18g_R-znDINbsFwXKVso6ep8u0w0N1maOqZIl0eUDKvnYb4HiOuXf8XCyOFiBhG6JHMHnzlhZaDw=w128-h128-c,#e0bbb8,224,187,184,1.2545503,RED,#D50000,213,0,0,9
3wE7F_o9BSpGzQ.jpg,3wE7F_o9BSpGzQ,"Young Girl with a Flowered Hat, 1910",Alexei Jawlensky,Albertina Museum,/asset/young-girl-with-a-flowered-hat-1910-alexei-jawlensky/3wE7F_o9BSpGzQ,https://lh3.googleusercontent.com/ci/AL18g_Qwh2LiC19NVINwBQZ5-B5_LnCQyH7oXLxs_kc_F9Ad8akbDU0a7M08d2tKEFJYC2jYUs4kleM=w128-h128-c,#e0bbb8,224,187,184,0.72386056,RED,#D50000,213,0,0,9
iAHnDe4cMh1SaQ.jpg,iAHnDe4cMh1SaQ,The Virgin Reading,Vittore Carpaccio,"National Gallery of Art, Washington DC",/asset/the-virgin-reading-vittore-carpaccio/iAHnDe4cMh1SaQ,https://lh3.googleusercontent.com/ci/AL18g_RV8v0DIlLK9tHy4o9lY5TYH2NYe0pW8ggrIVP4O13W3XSQgsj5GfjY0BPSNsSzWH1SzdT1KA=w128-h128-c,#e0c2b8,224,194,184,0.6489258,RED,#D50000,213,0,0,9
bQFWDp-pT7OVSQ.jpg,bQFWDp-pT7OVSQ,Köylü Kadın / Peasant Woman,Eren Eyüboğlu,Sakıp Sabancı Museum,/asset/köylü-kadın-peasant-woman-eren-eyüboğlu/bQFWDp-pT7OVSQ,https://lh3.googleusercontent.com/ci/AL18g_Q2IFhFs2wDLNpvLRlwZu6SdHzTEpBBVwH5HvUAAeDbd0F3tOlG4m9SiB88fSgAS1YsFrBh=w128-h128-c,#e0b8b8,224,184,184,0.7356688,RED,#D50000,213,0,0,9
MQGgu1wyiUQP4A.jpg,MQGgu1wyiUQP4A,Vespertina Quies,Sir Edward Coley Burne-Jones,Tate Britain,/asset/vespertina-quies-sir-edward-coley-burne-jones/MQGgu1wyiUQP4A,https://lh3.googleusercontent.com/ci/AL18g_Sc4gSzCJ_CQwU03dZhr2Jt12fWfceRwO9-FwyWKQd_Y1l9kS1i7-93YRmBev9JnCCyCaGQ-A=w128-h128-c,#e0c2b8,224,194,184,0.55628556,RED,#D50000,213,0,0,9
_gHL7ypF04aEag.jpg,_gHL7ypF04aEag,Enchanted Rider,Bob Thompson,Smithsonian American Art Museum,/asset/enchanted-rider-bob-thompson/_gHL7ypF04aEag,https://lh3.googleusercontent.com/ci/AL18g_Rye_Rh5Jfyw1QLwE12evoZQJWaF5Xkp3SHXIrgGzmHvtb3qzM9K41QeNy-MmKN8o7nFwds=w128-h128-c,#e0bbb8,224,187,184,0.7407143,RED,#D50000,213,0,0,9
vgFJccXGWrwF5A.jpg,vgFJccXGWrwF5A,Untitled (Tilottama),Raja Ravi Varma,Raja Ravi Varma Heritage Foundation,/asset/untitled-tilottama-raja-ravi-varma/vgFJccXGWrwF5A,https://lh3.googleusercontent.com/ci/AL18g_SQZ8vv-g0uyF_p6w_2f_in7Cg2MEHVuBz1jIJ8u_PICFEJLMeRSeCOe4CqqnZ6vG5zfyfk=w128-h128-c,#e0b8c0,224,184,192,0.6769042,RED,#D50000,213,0,0,9
SgF3mQ30gJxxVA.jpg,SgF3mQ30gJxxVA,Henry IV,Unknown,Dulwich Picture Gallery,/asset/henry-iv/SgF3mQ30gJxxVA,https://lh3.googleusercontent.com/ci/AL18g_QnA00DCys1uLiQjrUtxrnwtFXek43_39iYeX5XLH0b5KF73yb6RuKtI0RG502gSLqLw80-Mg=w128-h128-c,#e0b8b8,224,184,184,0.77179575,RED,#D50000,213,0,0,9
sQFZ3hXwv3VeSA.jpg,sQFZ3hXwv3VeSA,Portrait of Thérésa Tallien,Jean-Bernard Duvivier,Sound and Music,/asset/portrait-of-thérésa-tallien-jean-bernard-duvivier/sQFZ3hXwv3VeSA,https://lh3.googleusercontent.com/ci/AL18g_T45V3QXpJ-9iLmP57fHC7izMx8FovPl6hIw_-P5gJQSTj0uJP4rrJvlz_Jm-h5Z_A5OG-yqg=w128-h128-c,#e0b8b8,224,184,184,0.73502606,RED,#D50000,213,0,0,9
KwHbCnMndkSY3w.jpg,KwHbCnMndkSY3w,Portrait of Leopold Zborowski,Unknown,MASP - Museu de Arte de São Paulo Assis Chateaubriand,/asset/portrait-of-leopold-zborowski/KwHbCnMndkSY3w,https://lh3.googleusercontent.com/ci/AL18g_QBUDmE7eC0_Q001gT0Ccs83Ou4w4tUBv7WbQqc1XE660eax6uQExloZdvfkKM3HBDQ7JLBFzA=w128-h128-c,#e0b8b8,224,184,184,0.64814115,RED,#D50000,213,0,0,9
6AEOYu8eoTyquQ.jpg,6AEOYu8eoTyquQ,Lily and the Sparrows,Unknown,Whitney Museum of American Art,/asset/lily-and-the-sparrows/6AEOYu8eoTyquQ,https://lh3.googleusercontent.com/ci/AL18g_QvMtL9zd_Z5V-CkHOF-v9pbYutzyVGvmsAmrABq4kAPeCiQEPPkORMA1Q0dwTwx33cJi6I=w128-h128-c,#e0b8b8,224,184,184,0.80009407,RED,#D50000,213,0,0,9
LgGnF_LCT0ATqg.jpg,LgGnF_LCT0ATqg,Christian Martyr Tarcisius,Kehinde Wiley,de Young museum,/asset/christian-martyr-tarcisius-kehinde-wiley/LgGnF_LCT0ATqg,https://lh3.googleusercontent.com/ci/AL18g_QiqEsRAt73Zid257BC8PrXTJm-BF8xRDfS0TuRffrONZKIbd73R8LXkuvTl4tZtJe1kTe6=w128-h128-c,#e0beb8,224,190,184,1.3333334,RED,#D50000,213,0,0,9
JQGWMoKqCyhFfA.jpg,JQGWMoKqCyhFfA,Cloud of the Unknown,Gao Yuan,Arte Laguna Prize - Art Exhibition,/asset/cloud-of-the-unknown-gao-yuan/JQGWMoKqCyhFfA,https://lh3.googleusercontent.com/ci/AL18g_QmGf_Ce4729Ud46Sb7hgPxGQXQssdLj04izQoPjOeP6FcUzuqdKtPEF-1GRmVsvMMu5_ae=w128-h128-c,#e0b8b8,224,184,184,1.7778718,RED,#D50000,213,0,0,9
uAFHw83Q98cQbw.jpg,uAFHw83Q98cQbw,Self-portrait in red,Paula Rego,National Museum of Contemporary Art - Museu do Chiado,/asset/self-portrait-in-red-paula-rego/uAFHw83Q98cQbw,https://lh3.googleusercontent.com/ci/AL18g_RDUzKKPGu8RVf6uidudMbGgrtAUD_6QHumJEsABoIrk4Z_8ZoD_UPxgSneWLgENmw2Bv6TBxw=w128-h128-c,#e0b8b8,224,184,184,1.0082817,RED,#D50000,213,0,0,9
PQECI3BnKrPFTw.jpg,PQECI3BnKrPFTw,25th anniversay,Max de Esteban,Universitat Pompeu Fabra. UPF Art Track,/asset/25th-anniversay-max-de-esteban/PQECI3BnKrPFTw,https://lh3.googleusercontent.com/ci/AL18g_SargcmCSKk8TxIuSQEpEQYGx80EyVPpqAVmx5jGBa2CVzwFRViIXNqNYSCFosjSkpj5y99=w128-h128-c,#e0bfb8,224,191,184,0.7498413,RED,#D50000,213,0,0,9
UQFRecAOQw89pg.jpg,UQFRecAOQw89pg,Interior with Nude Woman and Man,Ernst Ludwig Kirchner,National Galleries Scotland: Modern,/asset/interior-with-nude-woman-and-man-ernst-ludwig-kirchner/UQFRecAOQw89pg,https://lh3.googleusercontent.com/ci/AL18g_TXt6W8-rnMNrk_WNGh74vKaR-6nshfmiUooLuldavoziC_yJE4oikjwQLPOTiWQHfzw26a=w128-h128-c,#e0bbb8,224,187,184,0.90034723,RED,#D50000,213,0,0,9
rgG6ACSeQJSwlQ.jpg,rgG6ACSeQJSwlQ,Ruben M. Campos's Portrait,Julio Ruelas,Colección Blaisten,/asset/ruben-m-campos-s-portrait-julio-ruelas/rgG6ACSeQJSwlQ,https://lh3.googleusercontent.com/ci/AL18g_TTwKRBAl-hJlraeBFe26jY00Y2Kz_sbwSpRAodkND4D0zki97bWMfAQv9JIE__gwhYgD2Tjg=w128-h128-c,#e0b8b8,224,184,184,0.7703958,RED,#D50000,213,0,0,9
pAH6lh2kJExYSQ.jpg,pAH6lh2kJExYSQ,Saint Catherine,Lorenzo Lotto,"National Gallery of Art, Washington DC",/asset/saint-catherine-lorenzo-lotto/pAH6lh2kJExYSQ,https://lh3.googleusercontent.com/ci/AL18g_RMXofys5rVwBkDbFf42X6K9eMom-U0dB4_uKqKIcxBeyEhn-kQMz31tHCTQAXPLH3P6rHjJqw=w128-h128-c,#e0b8b8,224,184,184,0.89501953,RED,#D50000,213,0,0,9
agHCfQmzQmTC4A.jpg,agHCfQmzQmTC4A,Christ Giving the Keys of Heaven to Saint Peter,Peter Paul Rubens,"Gemäldegalerie, Staatliche Museen zu Berlin",/asset/christ-giving-the-keys-of-heaven-to-saint-peter-peter-paul-rubens/agHCfQmzQmTC4A,https://lh3.googleusercontent.com/ci/AL18g_Rlo_ClnP2P8aVS26r78CARYfkaDLJtbhQg9FvA65Y8zcusbzc45P1txCtD8cdU7soqWcihrK4=w128-h128-c,#e0c2b8,224,194,184,0.8507625,RED,#D50000,213,0,0,9
VwFkT2NrPAuAlQ.jpg,VwFkT2NrPAuAlQ,Girl with Pigtails,Amedeo Modigliani,Nagoya City Art Museum,/asset/girl-with-pigtails-amedeo-modigliani/VwFkT2NrPAuAlQ,https://lh3.googleusercontent.com/ci/AL18g_QjQIgqdxfJqF8FGiwSyvpbOkAgNKkwDmW8bsVUA1bwEK6isrfCsUApyNQKSSkEP9zAkdbPfPs=w128-h128-c,#dfbab9,223,186,185,0.74761045,RED,#D50000,213,0,0,9
IgEZG9fxg5ypUA.jpg,IgEZG9fxg5ypUA,John Hancock (1737–1793),John Singleton Copley,The White House,/asset/john-hancock-1737–1793-john-singleton-copley/IgEZG9fxg5ypUA,https://lh3.googleusercontent.com/ci/AL18g_QPyCfrXFfa-Mqk7c3Nyi9BB_Rk8UviRYwQXn-Rv30qyd7Qxrpx6VlOb00uO0r2h5k1P1u7oF6q=w128-h128-c,#e0b8b8,224,184,184,0.6666667,RED,#D50000,213,0,0,9
SwFA55WGhCH39Q.jpg,SwFA55WGhCH39Q,Joseph and Potiphars wife,Orazio Gentileschi,"Royal Collection Trust, UK",/asset/joseph-and-potiphars-wife-orazio-gentileschi/SwFA55WGhCH39Q,https://lh3.googleusercontent.com/ci/AL18g_QJCiA_2LE1G6uWf56tN9RAKW4sn9xHq4bitVVPFBmf8Iep73U8MMNmBuN7SCdcgKfG4qIjOds=w128-h128-c,#e0b8b8,224,184,184,1.2792419,RED,#D50000,213,0,0,9
TQEwQpWF0j9pPA.jpg,TQEwQpWF0j9pPA,Henrietta Lacks (HeLa): The Mother of Modern Medicine,Kadir Nelson,Smithsonian's National Portrait Gallery,/asset/henrietta-lacks-hela-the-mother-of-modern-medicine-kadir-nelson/TQEwQpWF0j9pPA,https://lh3.googleusercontent.com/ci/AL18g_SPQXLYs2ChoZ8jg_QfVZxMAr8ROYO4OWsb7rjCnUNXQEo-IMsv7E4PAu6tSoupUpEslwcf4g-I=w128-h128-c,#e0b8b8,224,184,184,0.833,RED,#D50000,213,0,0,9
YwHrrF7kx8--UA.jpg,YwHrrF7kx8--UA,Latin American Grand Final,John BRACK,National Gallery of Australia,/asset/latin-american-grand-final-john-brack/YwHrrF7kx8--UA,https://lh3.googleusercontent.com/ci/AL18g_S6AnelIGByBtkZJFadFp355gNsX5R53KAE4wqp9VAricNUlKegBYzqGDZUkf6AGxLmHaMb-w=w128-h128-c,#e0b8b8,224,184,184,1.2302737,RED,#D50000,213,0,0,9
kQFbQcKaTse4vQ.jpg,kQFbQcKaTse4vQ,Exodus II,Rafael Trelles,Museo de Arte de Puerto Rico,/asset/exodus-ii-rafael-trelles/kQFbQcKaTse4vQ,https://lh3.googleusercontent.com/ci/AL18g_Q7VPDwmlEoCbtjs1ekuMv6ltK8hP-Z2WsQ5X8IVASGlcsRPYebDr4XEklkPJLb_PRJtGL49A=w128-h128-c,#e0b8bd,224,184,189,1.4983819,RED,#D50000,213,0,0,9
hAEVd80cl3EbBg.jpg,hAEVd80cl3EbBg,Dharma and the God,Unknown,Peabody Essex Museum,/asset/dharma-and-the-god/hAEVd80cl3EbBg,https://lh3.googleusercontent.com/ci/AL18g_TiqXLwZbPwC_FR-fN9p1dnxQu6isBGxwUg9c3T1lEpF8EkaTFII9bvlDSyHBLSFxtJpVARfKU=w128-h128-c,#e0bbb8,224,187,184,0.86057144,RED,#D50000,213,0,0,9
mQFKptNirJAi_A.jpg,mQFKptNirJAi_A,"Color study of ""Murder in Mississippi (Southern Justice)""",Norman Rockwell (1894-1978),"Norman Rockwell Museum in Stockbridge, MA",/asset/color-study-of-murder-in-mississippi-southern-justice-norman-rockwell-1894-1978/mQFKptNirJAi_A,https://lh3.googleusercontent.com/ci/AL18g_TNM7G5Ymf-SBjoflTjq2u3R2T0au1jRffKcfP1fJAPQnDNEyU4H3izk2O6vHo7hem3UaabA2Y=w128-h128-c,#e0c2b8,224,194,184,0.79545456,RED,#D50000,213,0,0,9
wwFadpbMA2OkVQ.jpg,wwFadpbMA2OkVQ,Durack Ranges,Sidney Nolan,National Gallery of Victoria,/asset/durack-ranges-sidney-nolan/wwFadpbMA2OkVQ,https://lh3.googleusercontent.com/ci/AL18g_QXyg6LwVNk4AxHJhKjek9J2YtFl_zRzBZCisC5Gu8pSrjHJyNUcJIsg6hDx8lgcaecpbENBB4=w128-h128-c,#e0b8b8,224,184,184,1.3429178,RED,#D50000,213,0,0,9
3wFEABx4M_Z4gQ.jpg,3wFEABx4M_Z4gQ,Portrait of Hugh Gaitskell as a Famous Monster of Filmland,Richard Hamilton,Arts Council Collection,/asset/portrait-of-hugh-gaitskell-as-a-famous-monster-of-filmland-richard-hamilton/3wFEABx4M_Z4gQ,https://lh3.googleusercontent.com/ci/AL18g_SrCtWAOp0FtZw0-ryB9qVlP06LJ9rm-LEDX_DPAeAzj3scRF1Jsz6xUjBV6ttqllEHPHZ5AoHk=w128-h128-c,#e0b8b8,224,184,184,1.0076131,RED,#D50000,213,0,0,9
0AH5Qk8nJf0kIQ.jpg,0AH5Qk8nJf0kIQ,Old-time Tuition at Dulwich College,Unknown,Dulwich Picture Gallery,/asset/old-time-tuition-at-dulwich-college/0AH5Qk8nJf0kIQ,https://lh3.googleusercontent.com/ci/AL18g_SrjlV_LTUwIovTx5ZIdjnZDViiIbim6VbnDAHKuqjGByUi8XC2_0LA4BaVmcjdLTk-UYoy2w=w128-h128-c,#e0b8b8,224,184,184,1.2605021,RED,#D50000,213,0,0,9
ZAGMmhX9VLlGDw.jpg,ZAGMmhX9VLlGDw,Tres jefes indios (Tres indígenas),Unknown,The Municipal Art Gallery Ignacio Merino,/asset/tres-jefes-indios-tres-indígenas/ZAGMmhX9VLlGDw,https://lh3.googleusercontent.com/ci/AL18g_RmpG8AdgvPoztvGEYPdydl8Eh65wmFEMHvmctfg_Z69s2yWfcIlX4tU_6N5uKj1bMuSPep0a0=w128-h128-c,#e0c2b8,224,194,184,1.2832,RED,#D50000,213,0,0,9
lQFiF6ncmU47OA.jpg,lQFiF6ncmU47OA,Three Old Women,Jēkabs Kazaks,Latvian National Museum of Art,/asset/three-old-women-jēkabs-kazaks/lQFiF6ncmU47OA,https://lh3.googleusercontent.com/ci/AL18g_TwgvE5_2HCONGFqKLu7vb1Yji30m0IccrIJu5lzvPZMBLlzV8b3VDe3QCux7x9oGMjHYEp6A0=w128-h128-c,#e0b8b8,224,184,184,1.1795,RED,#D50000,213,0,0,9
uQEbCR1BqvzfVg.jpg,uQEbCR1BqvzfVg,Mulheres (Tanger),Dario Villares Barbosa,Pinacoteca de São Paulo,/asset/mulheres-tanger-dario-villares-barbosa/uQEbCR1BqvzfVg,https://lh3.googleusercontent.com/ci/AL18g_SZy-hH7QXXY4icbYDruVDsOJ8eWRbZT3d4cTCKSbh1rUfDbDIdfJ4ORnmaRG244JAinEUAFUw=w128-h128-c,#e0b8bd,224,184,189,1.2273704,RED,#D50000,213,0,0,9
ZwH3lKw3cTyNuw.jpg,ZwH3lKw3cTyNuw,Elvis Presley,Ralph Wolfe Cowan,Smithsonian's National Portrait Gallery,/asset/elvis-presley-ralph-wolfe-cowan/ZwH3lKw3cTyNuw,https://lh3.googleusercontent.com/ci/AL18g_Q9ADCOuS5Ea20r8xnwSXFFHpIoYOSXpegLlNRtann0T-q0MYvV-HhjpsbdUKgT-fFx1KgAaeE=w128-h128-c,#e0b8b9,224,184,185,0.99973416,RED,#D50000,213,0,0,9
MgGPvTarttbrwQ.jpg,MgGPvTarttbrwQ,Apple Family-2,Georgia O'Keeffe,Georgia O'Keeffe Museum,/asset/apple-family-2-georgia-o-keeffe/MgGPvTarttbrwQ,https://lh3.googleusercontent.com/ci/AL18g_QQtg4WZ4qikzb22zQBsbvH78jGofqd2XlCxE2m3NlE8jFjvvlQJH0TH4zTc3-zQFH87jLLWA=w128-h128-c,#e0b8b8,224,184,184,1.2568077,RED,#D50000,213,0,0,9
UAGibvzoXXix_g.jpg,UAGibvzoXXix_g,Portrait of an Unidentified Man as Mephistopheles,Paul Mathey,Royal College of Music,/asset/portrait-of-an-unidentified-man-as-mephistopheles-paul-mathey/UAGibvzoXXix_g,https://lh3.googleusercontent.com/ci/AL18g_RMtclSTxMgKjj8gLwyxYCo9vCVNQjUmQUqsD4uNgc-C63JpUSuoLvcjpnBHnc0u0SQ0Ccwr1qh=w128-h128-c,#e0b8b8,224,184,184,0.67125,RED,#D50000,213,0,0,9
KgGbH4lILi-Drg.jpg,KgGbH4lILi-Drg,Saint Anne with the Virgin and the Christ Child,Master of Frankfurt,"National Gallery of Art, Washington DC",/asset/saint-anne-with-the-virgin-and-the-christ-child-master-of-frankfurt/KgGbH4lILi-Drg,https://lh3.googleusercontent.com/ci/AL18g_Q05NkmyKtMZTn8U4AaErVDbpPwm7KMSfOvjl4KAKu6oO5paIkWC9ilyvSvgc_Q9J0aoQI55A=w128-h128-c,#e0b8b8,224,184,184,0.7734375,RED,#D50000,213,0,0,9
AQH1uX7lhQosKA.jpg,AQH1uX7lhQosKA,"Two Standing Figures, Pago-Pago Series",Latiff Mohidin,National Gallery Singapore,/asset/two-standing-figures-pago-pago-series-latiff-mohidin/AQH1uX7lhQosKA,https://lh3.googleusercontent.com/ci/AL18g_Thf12NflV8SeJ05vwYnUCQT5c0ms8W2dhW69DTZGBV7Lmi7bv2S9LGsxTAp-Gbc8ECCYYxcZs=w128-h128-c,#e0bbb8,224,187,184,0.7777877,RED,#D50000,213,0,0,9
EAG4lU1aN33D-Q.jpg,EAG4lU1aN33D-Q,Elizabeth I when a Princess (1533-1603),Attributed to William Scrots,"Royal Collection Trust, UK",/asset/elizabeth-i-when-a-princess-1533-1603-attributed-to-william-scrots/EAG4lU1aN33D-Q,https://lh3.googleusercontent.com/ci/AL18g_QJ6EfsSxOtz-N_Fj4lPw_cOW51Dm3pOg9sKyfX23Zb-Q-5YUhHkPLo4lKr4fixPFZSx7-mfQ=w128-h128-c,#e0b8b8,224,184,184,0.75248474,RED,#D50000,213,0,0,9
YwFDlWSdifSIuQ.jpg,YwFDlWSdifSIuQ,"Karl Philipp, Prince of Schwarzenberg",Unknown,Museu Histórico Nacional,/asset/karl-philipp-prince-of-schwarzenberg-unknown/YwFDlWSdifSIuQ,https://lh3.googleusercontent.com/ci/AL18g_QPiHQH-Oo5BrOudfVxaIgKQ9kl59gYaKwFHPCX6QGYmoLTTyeC0T0hpdAUESgolBdsuCZ91A=w128-h128-c,#e0b8b8,224,184,184,0.84830785,RED,#D50000,213,0,0,9
FwHpG_vUYlhevA.jpg,FwHpG_vUYlhevA,Allegory of Mexico,José Clemente Orozco,Colección Blaisten,/asset/allegory-of-mexico-josé-clemente-orozco/FwHpG_vUYlhevA,https://lh3.googleusercontent.com/ci/AL18g_QNilTmts1vgCNbIzNx2N4Ve0-Pqu7CM43wpcKUHh0idT7MchslR-SlkFTq6894Vr6ADovTN-67=w128-h128-c,#e0b8b8,224,184,184,1.5372806,RED,#D50000,213,0,0,9
IwEWzVRlkD1KYQ.jpg,IwEWzVRlkD1KYQ,Mercury,Evelyn De Morgan,De Morgan Collection,/asset/mercury-evelyn-de-morgan/IwEWzVRlkD1KYQ,https://lh3.googleusercontent.com/ci/AL18g_RNY7NzRfOEN1Pvz1Q7lcX7qFnvZOqpbHknP2KOj04tah9mw9IuzlpZzxIkixno6y8d6Ztqu6Q=w128-h128-c,#e0b8b8,224,184,184,0.63197434,RED,#D50000,213,0,0,9
3wFWJxBbd1Qtpg.jpg,3wFWJxBbd1Qtpg,No title.,Zdzislaw Beksinski,Nowa Huta Cultural Center,/asset/no-title-zdzislaw-beksinski/3wFWJxBbd1Qtpg,https://lh3.googleusercontent.com/ci/AL18g_QoNhE9e5-xJn1i_893O2OVINBVw01MRkBfM6WISywE2708C0A6Fypn0yLIokqwS-Kcel20xNuP=w128-h128-c,#e0b8b8,224,184,184,1.0040269,RED,#D50000,213,0,0,9
BQHsHUWOhkKtJA.jpg,BQHsHUWOhkKtJA,"Cantaloupe, from the Fruits series (N12) for Allen & Ginter Cigarettes Brands",Allen & Ginter|George S. Harris & Sons,The Metropolitan Museum of Art,/asset/cantaloupe-from-the-fruits-series-n12-for-allen-ginter-cigarettes-brands-allen-ginter-george-s-harris-sons/BQHsHUWOhkKtJA,https://lh3.googleusercontent.com/ci/AL18g_SbEJMS7PBENOysM7DPSGM5OM1bOXmwvu--rzy-mKYkTRNfsBA7IdJlVqBYAK72Y6gLDqtZ-9Y=w128-h128-c,#dfbab9,223,186,185,0.5649858,RED,#D50000,213,0,0,9
mgFP8VgpYpBPBw.jpg,mgFP8VgpYpBPBw,Portrait of Diego de Almagro,Unknown,Fundación Antonio de Nebrija,/asset/portrait-of-diego-de-almagro/mgFP8VgpYpBPBw,https://lh3.googleusercontent.com/ci/AL18g_T7SNHO2oVGbViYyPqNcmpWf-brbwjOrkjN3iUbkUuBOkmtwgiN7FsER9QEMBXPl_FRdY87C8s=w128-h128-c,#e0b8b8,224,184,184,0.8980392,RED,#D50000,213,0,0,9
owHnVbvchYuj2g.jpg,owHnVbvchYuj2g,Toilette of Venus,"Simon Vouet (French, b.1590, d.1649)",Cincinnati Art Museum,/asset/toilette-of-venus-simon-vouet-french-b-1590-d-1649/owHnVbvchYuj2g,https://lh3.googleusercontent.com/ci/AL18g_SKTBQKGTUppJO7ddqttIlBrGtc0vF_Pf7HnIhiOjE3jqQPWmrCEK-x1p7ci9jRbWOVNHaQsEk=w128-h128-c,#e0b9b8,224,185,184,0.82682925,RED,#D50000,213,0,0,9
8gHRy2juxGJP6g.jpg,8gHRy2juxGJP6g,An Ambassador's Audience with Sultan Ahmed III (Ambassador Cornelis Calkoen),anoniem,Rijksmuseum,/asset/an-ambassador-s-audience-with-sultan-ahmed-iii-ambassador-cornelis-calkoen-anoniem/8gHRy2juxGJP6g,https://lh3.googleusercontent.com/ci/AL18g_SfEl5e3YLTOqOJK5FStxTFbnONfuFpCvaXSmsgGJHHIfugCA6YQG4mVWzLtYmrNhlEEHH0aw=w128-h128-c,#e0c2b8,224,194,184,1.3762423,RED,#D50000,213,0,0,9
ygFiR516WvVqXA.jpg,ygFiR516WvVqXA,Abstract Composition,Serge Poliakoff,MAM Rio,/asset/abstract-composition-serge-poliakoff/ygFiR516WvVqXA,https://lh3.googleusercontent.com/ci/AL18g_RI6IAKl1Ru6Dhxn_HH1sj-Y6xkyM3dF0z4wFwMWHTsH9EgX1bx-UldKtEedUWy-aewFXVyHA=w128-h128-c,#e0b8b8,224,184,184,1.2394298,RED,#D50000,213,0,0,9
GQHPi6kT0sS_TA.jpg,GQHPi6kT0sS_TA,L'Ete '67,Unknown,Peabody Essex Museum,/asset/l-ete-67/GQHPi6kT0sS_TA,https://lh3.googleusercontent.com/ci/AL18g_S70u2yWXz19YGyIj3CCOwFPQgO7Un_XP8bd5gsu9I6d8fmh9QtK00yaVBKK6nrKW03bT9VUXg=w128-h128-c,#e0c2b8,224,194,184,1,RED,#D50000,213,0,0,9
dwFwCdHZnPIDmA.jpg,dwFwCdHZnPIDmA,Niña comiendo helado,Unknown,"Museo Botero, Bogotá",/asset/niña-comiendo-helado/dwFwCdHZnPIDmA,https://lh3.googleusercontent.com/ci/AL18g_Q7GUr-1tBufJDwjvOhM5kkwUqAeH05mV1ffNUFAlVTwNxB5_2gGZlZ4VyQmz5Jyjmt-dVvoI8=w128-h128-c,#e0c2b8,224,194,184,0.76569945,RED,#D50000,213,0,0,9
fQE-ssHa5Id21w.jpg,fQE-ssHa5Id21w,Fernand Halphen as a Boy,Unknown,"Musée d’Orsay, Paris",/asset/fernand-halphen-as-a-boy/fQE-ssHa5Id21w,https://lh3.googleusercontent.com/ci/AL18g_TnJGkHe0MoWHUy3Y5sdLm3hT7O86vVWHAMYLcnib2eCRi0mCd0UhSWYAWhfjE59q7fiyersFU1=w128-h128-c,#e0b8b8,224,184,184,0.8221294,RED,#D50000,213,0,0,9
rQH85MWXzZ7GdQ.jpg,rQH85MWXzZ7GdQ,Soldado Senegales,James A. Porter,Smithsonian American Art Museum,/asset/soldado-senegales-james-a-porter/rQH85MWXzZ7GdQ,https://lh3.googleusercontent.com/ci/AL18g_TAykjF1Orvg547K3fJgSo8rQYrOmu-KY4kqvlPPg1wcSeSnK9q_OSNFBMwsiyCLB3knmC66A=w128-h128-c,#e0bbb8,224,187,184,0.7792857,RED,#D50000,213,0,0,9
jAGcxFFmzqdeNg.jpg,jAGcxFFmzqdeNg,Portrait of a Girl (Erdmute Esche),Edvard Munch,Kunsthaus Zürich,/asset/portrait-of-a-girl-erdmute-esche-edvard-munch/jAGcxFFmzqdeNg,https://lh3.googleusercontent.com/ci/AL18g_SEHG5UrUyp5zMLCeH7iGNXpzkSsM6bJlY1wtu3d5ufga_PpyGu6Uyd2e0iz5oD85ZV6tSqCmo=w128-h128-c,#e0beb8,224,190,184,0.77633333,RED,#D50000,213,0,0,9
9AF-XbBiFyjEcA.jpg,9AF-XbBiFyjEcA,O circo,Djanira,Museu Nacional de Belas Artes,/asset/o-circo-djanira/9AF-XbBiFyjEcA,https://lh3.googleusercontent.com/ci/AL18g_RBzNZefF4qk0qlgv4cN6tu0lTRUmVTeoCZZc4X64UwPupByiVTMmtKVkEr6F8YGm7iZewUZ0s=w128-h128-c,#e0b9b8,224,185,184,1.2139219,RED,#D50000,213,0,0,9
PwGYe7b2osu-_g.jpg,PwGYe7b2osu-_g,Bird Vendor,Unknown,Projeto Portinari,/asset/bird-vendor/PwGYe7b2osu-_g,https://lh3.googleusercontent.com/ci/AL18g_Ta4FslriWoESr5-C6vBkx8WtScUyYc8TlHhIRmZpx-xBN-FJaxQjAdZ7bJ7u5qKKEtKtvyNW3Z=w128-h128-c,#e0beb8,224,190,184,0.68342876,RED,#D50000,213,0,0,9
VwHAmWQRzk8iow.jpg,VwHAmWQRzk8iow,Portrait of Agostino Pallavicini,Anthony van Dyck,The J. Paul Getty Museum,/asset/portrait-of-agostino-pallavicini-anthony-van-dyck/VwHAmWQRzk8iow,https://lh3.googleusercontent.com/ci/AL18g_TSLD90R7ypmFxVho05GCdflR11c6_tPo6NZIQslTOBoglZ7vpdqAuREpdPED0NdHCp0YIUEb0=w128-h128-c,#e0bfb8,224,191,184,0.6476313,RED,#D50000,213,0,0,9
8AFLHP3kRiXBlA.jpg,8AFLHP3kRiXBlA,"Leaping Dancer, Gret Palucca",Ernst Ludwig Kirchner,Museum Folkwang,/asset/leaping-dancer-gret-palucca-ernst-ludwig-kirchner/8AFLHP3kRiXBlA,https://lh3.googleusercontent.com/ci/AL18g_RbZEBy9LtBy-jJ2iJu0q-znbuM6eUC0IOp7LkMeRClfLIB8JiWb9lG39GutR6ZJPo_PfdfyDk=w128-h128-c,#e0b8b8,224,184,184,0.7977026,RED,#D50000,213,0,0,9
mQGngcgkqCQVzQ.jpg,mQGngcgkqCQVzQ,Dorothy,Unknown,Dallas Museum of Art,/asset/dorothy/mQGngcgkqCQVzQ,https://lh3.googleusercontent.com/ci/AL18g_St41VjvAg7ToJXoF_f21mF4LNTKuyisYGlYqNpp66Xet6QItthNv5kYB39lampqJKZCtdVZUY=w128-h128-c,#e0b8b8,224,184,184,0.807137,RED,#D50000,213,0,0,9
wwE8cFHzWOg6Pg.jpg,wwE8cFHzWOg6Pg,The Artist Thinking,Unknown,Lithuanian National Museum of Art,/asset/the-artist-thinking/wwE8cFHzWOg6Pg,https://lh3.googleusercontent.com/ci/AL18g_SuKLrsRadMM6Clv2aAtpSJmODYuZNd1exVT-k8jLJn7wLMbZlZ3E9k1eZy7nMOBz0gKyYclg=w128-h128-c,#e0b8b8,224,184,184,0.827,RED,#D50000,213,0,0,9
sQHU9fJoUZ3Q8g.jpg,sQHU9fJoUZ3Q8g,El velorio,Obregón,Museum of Contemporary Art Bogotá,/asset/el-velorio-obregón/sQHU9fJoUZ3Q8g,https://lh3.googleusercontent.com/ci/AL18g_Seq2RpuCwL9P-zMWFaEGvt4f5AADay-C8WnTP6yI8ss-QKYBDaEp7rnM_GJMnmU5Qd0gUChw=w128-h128-c,#e0b9b8,224,185,184,1.1138264,RED,#D50000,213,0,0,9
KAEI3Xkx54e6xQ.jpg,KAEI3Xkx54e6xQ,"Icarus, 1964 © Pollock-Krasner Foundation",Lee Krasner,Barbican Centre,/asset/icarus-1964-©-pollock-krasner-foundation-lee-krasner-and-the-pollock-krasner-foundation/KAEI3Xkx54e6xQ,https://lh3.googleusercontent.com/ci/AL18g_RxMUjriJo2RyOJgqJTUR8RwkAgFHZw_ykVqh356b-RPSglweR_ygS3DtMBVE0Qrmo1PMRmKD6w=w128-h128-c,#e0b8c7,224,184,199,1.5000963,RED,#D50000,213,0,0,9
lAFimTbbq1no5Q.jpg,lAFimTbbq1no5Q,Berlin Abstraction,Marsden Hartley,"National Gallery of Art, Washington DC",/asset/berlin-abstraction-marsden-hartley/lAFimTbbq1no5Q,https://lh3.googleusercontent.com/ci/AL18g_SxXyBg5P4jdVheua7tUyMD4B0DpTAiawcDQkPoUBC_YMrTjyCw2Tl4epzUCucKH_rDPIuitfM=w128-h128-c,#e0c2b8,224,194,184,0.79675,RED,#D50000,213,0,0,9
_gGj8YG6lfXhVA.jpg,_gGj8YG6lfXhVA,Karija with a Black Cat,Ģederts Eliass,Latvian National Museum of Art,/asset/karija-with-a-black-cat-Ģederts-eliass/_gGj8YG6lfXhVA,https://lh3.googleusercontent.com/ci/AL18g_Txk8EHvQhYjUQinqOb9LuDT1wh0C7eoWRGas66INGlxzkK7eULug8wrNmJEvDAKQOo85sJLt1M=w128-h128-c,#e0b8b8,224,184,184,0.64924526,RED,#D50000,213,0,0,9
8wFAPH-Qqo8Bfw.jpg,8wFAPH-Qqo8Bfw,Rapaz descansando,Carlos Scliar,Museu Nacional de Belas Artes,/asset/rapaz-descansando-carlos-scliar/8wFAPH-Qqo8Bfw,https://lh3.googleusercontent.com/ci/AL18g_RYq9UjY2OXRKUiaP-h7LOGTalNChvN14IVYHMivHHBd9C1IBNlg4e1LjyRr6nFjXkzt8hBFb4=w128-h128-c,#e0b8b8,224,184,184,1.4983714,RED,#D50000,213,0,0,9
dgFaNSl3VRBJ-g.jpg,dgFaNSl3VRBJ-g,Portrait of Saint Charles Borromeo,Giovanni Ambrogio Figino,Veneranda Biblioteca Ambrosiana,/asset/portrait-of-saint-charles-borromeo-giovanni-ambrogio-figino/dgFaNSl3VRBJ-g,https://lh3.googleusercontent.com/ci/AL18g_QND7kE-Wc9tV9BRL9gL1PQhYjBN7Q4T_wMO5fiCk8dKB_ahogyG1A5hUFOkSvGUlUg9YbxeH4=w128-h128-c,#e0bfb8,224,191,184,0.8943605,RED,#D50000,213,0,0,9
rQGW8Bj8rBSoqg.jpg,rQGW8Bj8rBSoqg,Portrait of Emperor Gojong,Unknown,National Palace Museum of Korea,/asset/portrait-of-emperor-gojong/rQGW8Bj8rBSoqg,https://lh3.googleusercontent.com/ci/AL18g_T3c0sd-mYHLKVQ9g5nm_jjC3OCPKlj90vncebqaPqhsN4LblG8n0tlU3o0A_6h8sqyNtw95R8=w128-h128-c,#e0beb8,224,190,184,0.6381484,RED,#D50000,213,0,0,9
ZAEBOR4a1sFa9w.jpg,ZAEBOR4a1sFa9w,Giubbetto rosso,Felice Casorati,"Mart, Museum of modern and contemporary art of Trento and Rovereto",/asset/giubbetto-rosso-felice-casorati/ZAEBOR4a1sFa9w,https://lh3.googleusercontent.com/ci/AL18g_TxqflV9-xnV6yYUGtpHLYkotQCfCZG8bChDbPni7MNNbZHTQ32yc93JEQOtzMu7LDynzlNOso=w128-h128-c,#dfb9c6,223,185,198,0.5657686,RED,#D50000,213,0,0,9
_QF3rh6L3QUGcA.jpg,_QF3rh6L3QUGcA,Faaturuma (Melancholic),Paul Gauguin,The Nelson-Atkins Museum of Art,/asset/faaturuma-melancholic-paul-gauguin/_QF3rh6L3QUGcA,https://lh3.googleusercontent.com/ci/AL18g_RgtPJu_SfcYVOaZkh8R7tK7OdoJ_-89e9BBPKJiUKvMAiATqUhuWnVNrqywIxOiqyaUdWHQw=w128-h128-c,#dfbab9,223,186,185,0.72275,RED,#D50000,213,0,0,9
yAFZ59bFu2mllA.jpg,yAFZ59bFu2mllA,The Irish Girl,"Ford Madox Brown, 1821–1893, British",Yale Center for British Art,/asset/the-irish-girl-ford-madox-brown-1821–1893-british/yAFZ59bFu2mllA,https://lh3.googleusercontent.com/ci/AL18g_Qio0O_F2D5XifWY5mrKsfYtfNxwtWtzk4Apk3DN4OvTQ2RrBSon74eex1iBDQLEBZUBx_HRywp=w128-h128-c,#e0b8b8,224,184,184,0.95989585,RED,#D50000,213,0,0,9
VAHBKuqUPDgN4w.jpg,VAHBKuqUPDgN4w,Bleaching Cloth,Vladimir Dimitrov - Maystora (1882-1960),National Gallery of Bulgaria,/asset/bleaching-cloth-vladimir-dimitrov-maystora-1882-1960/VAHBKuqUPDgN4w,https://lh3.googleusercontent.com/ci/AL18g_SfcldChYvITFxg0qEZpimreDU8ugQAh3qPRuUy8Gu7cnKBnRrxkFpf_8GRV058YY7Alu6fEQ=w128-h128-c,#e0c2b8,224,194,184,1.1633277,RED,#D50000,213,0,0,9
AAFyhYydCeM8tA.jpg,AAFyhYydCeM8tA,Portrait of the painter Eric Forbes-Robertson,Emile Bernard,Museum of Pont-Aven,/asset/portrait-of-the-painter-eric-forbes-robertson-emile-bernard/AAFyhYydCeM8tA,https://lh3.googleusercontent.com/ci/AL18g_Ta33IGn35VZTCaWXELKgKSOciruiqjGrjmPHYNJ252eeXeZqCTU_8hBq-gJcIL38gLKzsk1rk=w128-h128-c,#e0b8b8,224,184,184,0.81700224,RED,#D50000,213,0,0,9
ZgG06sD1IBUBJw.jpg,ZgG06sD1IBUBJw,Portrait of Marjorie Gertler,Mark Gertler,Lakeland Arts - Abbot Hall Art Gallery and Museum,/asset/portrait-of-marjorie-gertler-mark-gertler/ZgG06sD1IBUBJw,https://lh3.googleusercontent.com/ci/AL18g_SG7SD5BWMVT3WAkBLn_O0yopl1F-Q3leqBhaEYaUQms8gtCecmlQQxAQUiGz8fFKgSKZ0i3g=w128-h128-c,#e0b9b8,224,185,184,1.3171675,RED,#D50000,213,0,0,9
lAFcwpYsareD8g.jpg,lAFcwpYsareD8g,"Icon, St. George the Dragon Slayer.",Anonymous,"National Center of Folk Culture ""Ivan Honchar Museum""",/asset/icon-st-george-the-dragon-slayer-anonymous/lAFcwpYsareD8g,https://lh3.googleusercontent.com/ci/AL18g_QPp6z7hdYS0h5vkrXwFUv4GBb9vU3QttCw6h4Gh1uykfLQX2UX6xd5sJFQSLspg5Gnsx1plg=w128-h128-c,#e0b8b8,224,184,184,0.7380905,RED,#D50000,213,0,0,9
jAEbAhGHRnaPLg.jpg,jAEbAhGHRnaPLg,Durante a pose [During the Pose],Oscar Pereira da Silva,Pinacoteca de São Paulo,/asset/durante-a-pose-during-the-pose-oscar-pereira-da-silva/jAEbAhGHRnaPLg,https://lh3.googleusercontent.com/ci/AL18g_QzOOQcPsEfLVerVsZI4uzle6V5j8jpv9zD9W47IvvNb2j41MI6dJMdiV8BUW_f3YJ-Ack4dw=w128-h128-c,#e0c2b8,224,194,184,0.7372669,RED,#D50000,213,0,0,9
nQE0bCsxyvllcA.jpg,nQE0bCsxyvllcA,Gifts of August,Unknown,Durdy Bayramov Art Foundation,/asset/gifts-of-august/nQE0bCsxyvllcA,https://lh3.googleusercontent.com/ci/AL18g_RNxU_tGwV3o87IqNDHyuVWBWHxe6pUsz-I0MrKrda1zkwucuDdZoxYUeP4p3gSW9lCUSWfIrU=w128-h128-c,#e0b8b8,224,184,184,0.76397175,RED,#D50000,213,0,0,9
XgEmuDue-IFbuA.jpg,XgEmuDue-IFbuA,Girls are Resting,Durdy Bayramov,Durdy Bayramov Art Foundation,/asset/girls-are-resting-durdy-bayramov/XgEmuDue-IFbuA,https://lh3.googleusercontent.com/ci/AL18g_QdlaT-sRixVPex3PRt2lyIxeGVQLV_2n3eZ3wA5evckQKrKplSgYodRvvsrCoEjj0rqv47EhU=w128-h128-c,#e0b9b8,224,185,184,1.1173184,RED,#D50000,213,0,0,9
LgGq5CiP9tinyQ.jpg,LgGq5CiP9tinyQ,Small Saint,Unknown,Projeto Portinari,/asset/small-saint/LgGq5CiP9tinyQ,https://lh3.googleusercontent.com/ci/AL18g_RQC1qFz-8khPdctxiC7dlHNwmyL9eEYpQY2P83RWhd7hg_062v9VFWPzrxPpeD2JS14xLmr4A=w128-h128-c,#e0b8b8,224,184,184,0.81801736,RED,#D50000,213,0,0,9
IwHy3DUrw9W_-A.jpg,IwHy3DUrw9W_-A,"Rocks, Gloucester",Stuart Davis,New Orleans Museum of Art,/asset/rocks-gloucester-stuart-davis/IwHy3DUrw9W_-A,https://lh3.googleusercontent.com/ci/AL18g_QVUgZryEK7SpBKVt2Fv-b8w9LnYybJ4mmZ8tf2XhRsDUQ6Kj0OuEywE7vI5t9NlcHhEsk2slU=w128-h128-c,#e0bbb8,224,187,184,1.2628099,RED,#D50000,213,0,0,9
YwEoKnDFl51C_A.jpg,YwEoKnDFl51C_A,Coronation Of Rama,Raja Ravi Varma,Raja Ravi Varma Heritage Foundation,/asset/coronation-of-rama-raja-ravi-varma/YwEoKnDFl51C_A,https://lh3.googleusercontent.com/ci/AL18g_S0quL0WtHOkZiIVhj8TOT3T7j951m8DTq5KzN4_h9Flrdjo4DT2IKaOhv0AQH_tg0f7lDi_A=w128-h128-c,#e0b8b8,224,184,184,0.7334062,RED,#D50000,213,0,0,9
5AGAbZHocw4f-A.jpg,5AGAbZHocw4f-A,Shane Williams,"Griffiths, David",The National Library of Wales,/asset/shane-williams-griffiths-david/5AGAbZHocw4f-A,https://lh3.googleusercontent.com/ci/AL18g_RYOl9VAfuFYyoRaZyBclgF3G6qKtotXUydH7TstUNvc82aZlxb1TicW4pAxzmVXLsZY81_PSA=w128-h128-c,#e0b8b8,224,184,184,0.7310713,RED,#D50000,213,0,0,9
fQEHDhl5ga81pA.jpg,fQEHDhl5ga81pA,Los Orantes,Pérez Celis,Pérez Celis - Museo Virtual,/asset/los-orantes-pérez-celis/fQEHDhl5ga81pA,https://lh3.googleusercontent.com/ci/AL18g_Rj8FH5NFSGSWpwzhk5FHiGEX5mOS4OcAIezTn-KUM8bV9hQEnsRI45tCWvo6Cxf72jyl5jzFU=w128-h128-c,#e0b8b8,224,184,184,2.2339287,RED,#D50000,213,0,0,9
DwHEux9lExNUMw.jpg,DwHEux9lExNUMw,Giulio Alberoni receives the cardinal hat from Clement XI,Unknown,Museo di Roma,/asset/giulio-alberoni-receives-the-cardinal-hat-from-clement-xi/DwHEux9lExNUMw,https://lh3.googleusercontent.com/ci/AL18g_ReFzKkRdzmHZHt8U9H0HpCQAURupWBF8bKXQ6Lw1-ZPNw9J7xkkAVEEdH0gsuChjzr6TPVQw4=w128-h128-c,#e0b8b8,224,184,184,1.7044822,RED,#D50000,213,0,0,9
5QFBz3GEeBuFKA.jpg,5QFBz3GEeBuFKA,Red and White,Unknown,MUNCH,/asset/red-and-white/5QFBz3GEeBuFKA,https://lh3.googleusercontent.com/ci/AL18g_RfDd2J6Wmuo_mASxRtDeVy5P1r7BNPSyPS40OX9nzXHgzW8NeLlcvrDcYBzYFwaoi1tbshsww=w128-h128-c,#e0c2b8,224,194,184,1.3850223,RED,#D50000,213,0,0,9
SQFMY83UnMIArA.jpg,SQFMY83UnMIArA,Portrait of a Negro,Théodore Géricault,Buffalo AKG Art Museum,/asset/portrait-of-a-negro-théodore-géricault/SQFMY83UnMIArA,https://lh3.googleusercontent.com/ci/AL18g_R5wBQx9lxopyNXx5y1iBs85wjnbAjU5sNLSwQEwqzV2S4s99Xw5oWIsOsF3IEuHYDU176RD02p=w128-h128-c,#e0c1b8,224,193,184,0.84033215,RED,#D50000,213,0,0,9
ZQGp2dAL1ryCFQ.jpg,ZQGp2dAL1ryCFQ,Un'onda di luce,Giacomo Balla,La Galleria Nazionale d’Arte Moderna e Contemporanea,/asset/un-onda-di-luce-giacomo-balla/ZQGp2dAL1ryCFQ,https://lh3.googleusercontent.com/ci/AL18g_S8W5mfGvUDW29SpZNmXwROfDIKdzx8t1zHOYR2a0dWPChHGt7u1Z2l5iUizQ5TlUdPRT4L4yvB=w128-h128-c,#e0b8b8,224,184,184,1.251429,RED,#D50000,213,0,0,9
vQGudilYp3PQcw.jpg,vQGudilYp3PQcw,Presque rapide,Alberto Magnelli,"Mart, Museum of modern and contemporary art of Trento and Rovereto",/asset/presque-rapide-alberto-magnelli/vQGudilYp3PQcw,https://lh3.googleusercontent.com/ci/AL18g_Q5gbsYmpw0N87oer8WhsSG7ByzZlBz8LOd2g5A3o2iJDRkPSwoRvfjGsmAWOXdktOve43kTA=w128-h128-c,#e0b8b8,224,184,184,1.407,RED,#D50000,213,0,0,9
jgH5WP0kaxavXQ.jpg,jgH5WP0kaxavXQ,Vittala Rukhmayi,Ravi Udaya Press Ghatkoper,The Ganesh Shivaswamy Foundation,/asset/vittala-rukhmayi-ravi-udaya-press-ghatkoper-and-raja-ravi-varma/jgH5WP0kaxavXQ,https://lh3.googleusercontent.com/ci/AL18g_Th8Omh_apDk_3pLVLqLxXkN6tHWPyP4Wus2NMAjoWjgBayl02sA0kxouzg2V5iZNeB07qOEw=w128-h128-c,#e0c2b8,224,194,184,0.6907535,RED,#D50000,213,0,0,9
2AH_VPhgYDMpQA.jpg,2AH_VPhgYDMpQA,Madonna in adorazione del Bambino,Maestro dei Baldraccani,Galleria dei dipinti antichi della Fondazione e della Cassa di Risparmio di Cesena,/asset/madonna-in-adorazione-del-bambino-maestro-dei-baldraccani/2AH_VPhgYDMpQA,https://lh3.googleusercontent.com/ci/AL18g_Q-wQyTH-PGcz0YSO_EuwX7DfVlmdqZSxh_PWeDb2p7m534c_b_E5GB7hLF-F91GBjGLqJDAg=w128-h128-c,#dfbab9,223,186,185,0.68391037,RED,#D50000,213,0,0,9
dwHBswc5N7Gpag.jpg,dwHBswc5N7Gpag,Red nude,Renato Marino Mazzacurati,Civic Museums of Reggio Emilia,/asset/red-nude-renato-marino-mazzacurati/dwHBswc5N7Gpag,https://lh3.googleusercontent.com/ci/AL18g_RT2ltKu40MoqrX89WC4MLoXh0xYcwa8Znu6LxvhXZ8tld0ecsFztodfmIWWsE_dyyYI34wBT4=w128-h128-c,#e0bbb8,224,187,184,0.89146423,RED,#D50000,213,0,0,9
lAFZVYCaUfw0Bw.jpg,lAFZVYCaUfw0Bw,"Bucranium, shark jaw and black cloth against the sky",Renato Guttuso,Quirinale Palace,/asset/bucranium-shark-jaw-and-black-cloth-against-the-sky-renato-guttuso/lAFZVYCaUfw0Bw,https://lh3.googleusercontent.com/ci/AL18g_RbFSXBduNZQZpOrzzFMxW1uVi9w3g1P8C1xHDUTwl4y7kM3FzCVYVhlvMMq03D1_bMBjv13bE=w128-h128-c,#e0b8c0,224,184,192,1.4881102,RED,#D50000,213,0,0,9
dAH8SktBco0WMw.jpg,dAH8SktBco0WMw,Mellow Land,PARK Yuna,Gyeonggi Museum of Modern Art,/asset/mellow-land-park-yuna/dAH8SktBco0WMw,https://lh3.googleusercontent.com/ci/AL18g_RvaCqT-LN_2MaX2d6aWTzeE6c-btSb7zs6xtNLpPsJjgVbtZksEamXGickcz4XgZ52p8qLEUY=w128-h128-c,#e0c2b8,224,194,184,1.2319859,RED,#D50000,213,0,0,9
bAFcq7FjSTxTdw.jpg,bAFcq7FjSTxTdw,Discovery of the Land,Unknown,Projeto Portinari,/asset/discovery-of-the-land/bAFcq7FjSTxTdw,https://lh3.googleusercontent.com/ci/AL18g_QiZjcDk3rTm9e7_WyDPMto5EskFyEWIxk14rx26unXlOIeIBLtJDwV7Hxng3rPkWf8kysU3A3p=w128-h128-c,#e0b8b8,224,184,184,0.8445397,RED,#D50000,213,0,0,9
YwGOICXDmZoB2g.jpg,YwGOICXDmZoB2g,Male Portrait in profile,Antonio Leonelli da Crevalcore,Museo Correr,/asset/male-portrait-in-profile-antonio-leonelli-da-crevalcore/YwGOICXDmZoB2g,https://lh3.googleusercontent.com/ci/AL18g_TW6iRt0zUoVyy2HlFMPtWLBQ_L1FreQIWUfjHxjVG5WMvBVS3Jqb_XI8B2Mm_hXT5ip3pha_c=w128-h128-c,#e0b8b8,224,184,184,0.69306564,RED,#D50000,213,0,0,9
iQET2NnyKOvwYA.jpg,iQET2NnyKOvwYA,A Woman With a Japanese Parasol,Olga Boznańska (1865–1940),National Museum in Wrocław,/asset/a-woman-with-a-japanese-parasol-olga-boznańska-1865–1940/iQET2NnyKOvwYA,https://lh3.googleusercontent.com/ci/AL18g_QGkoZChw_0MK5vm0x7iLsdNfmbS4u_zf9jotOyYIK_VxzdvTTS8i-WO32_2Vz_6PB8b1TzE_Wg=w128-h128-c,#e0b8b8,224,184,184,0.7501876,RED,#D50000,213,0,0,9
RQH39uC98uazbw.jpg,RQH39uC98uazbw,Paracas rojo,Pérez Celis,Pérez Celis - Museo Virtual,/asset/paracas-rojo-pérez-celis/RQH39uC98uazbw,https://lh3.googleusercontent.com/ci/AL18g_R8a8fDhv_f3Dj7CFC_PLHtLSosFsLOvocl_-cdwWC9q13XUeFAwbtBrRnZ2bKmsnS8A3PEkGQc=w128-h128-c,#e0b9b8,224,185,184,1.2711865,RED,#D50000,213,0,0,9
ZAHxy8gTRroM3A.jpg,ZAHxy8gTRroM3A,"Desert Moon, 1955 © Pollock-Krasner Foundation",Lee Krasner,Barbican Centre,/asset/desert-moon-1955-©-pollock-krasner-foundation-lee-krasner-and-the-pollock-krasner-foundation/ZAHxy8gTRroM3A,https://lh3.googleusercontent.com/ci/AL18g_Q8ta_h7w7QlOa_yspRRuHzKEAKOWZPi3uzXjqzdlpPkGq3fHtW4SJLF0Izo13tV8PoiFfoJmg=w128-h128-c,#e0c1b8,224,193,184,0.7326366,RED,#D50000,213,0,0,9
KgHKNv4KaG8goQ.jpg,KgHKNv4KaG8goQ,The Count's Court Jester,David Klöcker Ehrenstrahl,Skokloster Castle,/asset/the-count-s-court-jester-david-klöcker-ehrenstrahl/KgHKNv4KaG8goQ,https://lh3.googleusercontent.com/ci/AL18g_T13p5chYlPs97I0cwY0yFuJciJjkptImFUstHau0q24KFW4AFRanrZS2WnLoqv7w9yXwBFY40=w128-h128-c,#e0b8b8,224,184,184,0.75940645,RED,#D50000,213,0,0,9
LgH7EKY5nDmUjw.jpg,LgH7EKY5nDmUjw,The Soul's Prison House,Evelyn De Morgan,De Morgan Collection,/asset/the-soul-s-prison-house-evelyn-de-morgan/LgH7EKY5nDmUjw,https://lh3.googleusercontent.com/ci/AL18g_RDiyKIffoeAZxquYRp0cFFY8MQfwihXVf_XB1eBT4AGX1d4D1pEjSMg_b6ka7m1F_iRXHPSw=w128-h128-c,#e0c2b8,224,194,184,0.6373807,RED,#D50000,213,0,0,9
1QG_95gYfj3E8w.jpg,1QG_95gYfj3E8w,A Wedding,Yury Kugach,The Institute of Russian Realist Art (IRRA),/asset/a-wedding-yury-kugach/1QG_95gYfj3E8w,https://lh3.googleusercontent.com/ci/AL18g_RfT-nEiNIYE5vbdTR9iLgvjzx3QBcVrHCm6qqChil6mz3pjN2LxNLw1IcAtfrGekTT5vZBV-M=w128-h128-c,#e0b8b8,224,184,184,2.0944395,RED,#D50000,213,0,0,9
2wFGW-oHKVnnoQ.jpg,2wFGW-oHKVnnoQ,The Frame,Frida Kahlo,Centre Pompidou,/asset/the-frame-frida-kahlo/2wFGW-oHKVnnoQ,https://lh3.googleusercontent.com/ci/AL18g_RuIWwIAlRBfQHgSIH0B1PaDpNGlCGgsEMDFhb7s6psEWZuXrZV92oS_bNsD4mnX_xukcM3Mdc=w128-h128-c,#e0beb8,224,190,184,0.75461537,RED,#D50000,213,0,0,9
sgEGV_FEf7BMWQ.jpg,sgEGV_FEf7BMWQ,"Venus, Mars and Cupid",Unknown,Dulwich Picture Gallery,/asset/venus-mars-and-cupid/sgEGV_FEf7BMWQ,https://lh3.googleusercontent.com/ci/AL18g_ShmUJzbZbbxCSSjkFvt2saVyGWRpsEfvYWeOClfOT7KwspiQJwpF_cf6vanyF9F2yQOpCHnr4=w128-h128-c,#e0b8b8,224,184,184,0.642736,RED,#D50000,213,0,0,9
xAFZaHQIzRzD0Q.jpg,xAFZaHQIzRzD0Q,Gustavus Adolphus of Sweden,Matthaeus Merian,Skokloster Castle,/asset/gustavus-adolphus-of-sweden-matthaeus-merian/xAFZaHQIzRzD0Q,https://lh3.googleusercontent.com/ci/AL18g_S3jsINmNCkwygzPtatMT7triW_6z-IRSMz8vxYhlBR7E2TRaPbPhugHwqmuU5WeQKDSkeDhFwv=w128-h128-c,#e0c2b8,224,194,184,0.7970045,RED,#D50000,213,0,0,9
JAF7vVlJMwK2GA.jpg,JAF7vVlJMwK2GA,Saint Cecilia,Unknown,Projeto Portinari,/asset/saint-cecilia/JAF7vVlJMwK2GA,https://lh3.googleusercontent.com/ci/AL18g_RZnGulIJqlEnWJi5MqRqM6--l8-Vnn9lEC49oB38LlB_gWAo6jXa8CgbBQrkuLI2a5i69mPR40=w128-h128-c,#e0b8b8,224,184,184,0.8413092,RED,#D50000,213,0,0,9
NgGHU8G7mHtf2g.jpg,NgGHU8G7mHtf2g,Firulais’s Passion,Alejandro Colunga,MUSA Museo de las Artes de la Universidad de Guadalajara,/asset/firulais’s-passion-alejandro-colunga/NgGHU8G7mHtf2g,https://lh3.googleusercontent.com/ci/AL18g_Ti9zYs3uCMdPizKAMOVAjXYxX91SqtLoZeiT2oKaOPqc1Nfo7qRmTAgKFYAHbWKdGx8ZSWEw=w128-h128-c,#e0b8c0,224,184,192,0.81037277,RED,#D50000,213,0,0,9
oQHn8UvuSPCYSA.jpg,oQHn8UvuSPCYSA,Marian Anderson,Laura Wheeler Waring,Smithsonian's National Portrait Gallery,/asset/marian-anderson-laura-wheeler-waring/oQHn8UvuSPCYSA,https://lh3.googleusercontent.com/ci/AL18g_R10A_Y7Tab756u4GXIXmAnwSYXw9Q50ZOoWQHlQwMcjq4Q78AtPcwCF0KfucmlNLKsMeG0ePIQ=w128-h128-c,#e0b8c0,224,184,192,0.52260613,RED,#D50000,213,0,0,9
SwHIMBN7kv_gQA.jpg,SwHIMBN7kv_gQA,Dream: Indians kill the Pope,Cecilia Vicuña,MALBA – Museo de Arte Latinoamericano de Buenos Aires,/asset/dream-indians-kill-the-pope-cecilia-vicuña/SwHIMBN7kv_gQA,https://lh3.googleusercontent.com/ci/AL18g_Q7RKpb4foiSuSK1qJGZJSo55BKVQTKdEIonqibveHSeHHWav7TDVphp-prhkgq7oda47EHA60=w128-h128-c,#e0b8b8,224,184,184,1.0830259,RED,#D50000,213,0,0,9
SQF-W2J3YX030Q.jpg,SQF-W2J3YX030Q,Strange Fruit: Alabama Grapes,Thornton Dial,Souls Grown Deep,/asset/strange-fruit-alabama-grapes-thornton-dial/SQF-W2J3YX030Q,https://lh3.googleusercontent.com/ci/AL18g_RHfv2MWGXBdEBlvQD4cryc6F5aUjYQCdsmliz6JgWm38MT3X0tu-2OseVGOvwfmBkzm9GCrJs=w128-h128-c,#dfb9c6,223,185,198,1.2230994,RED,#D50000,213,0,0,9
mgEzB7MsQddpHA.jpg,mgEzB7MsQddpHA,Portrait of Madame Tallien,Unknown,Brooklyn Museum,/asset/portrait-of-madame-tallien/mgEzB7MsQddpHA,https://lh3.googleusercontent.com/ci/AL18g_SS_xeLUQYZ3d-d8Ql-BF58jtVeilM4YsC5czDaxW97dI5HHo-z556II5fE-bB0aRPVxUDi-w=w128-h128-c,#e0b8b8,224,184,184,0.73305804,RED,#D50000,213,0,0,9
sgH0IJ5UDpxxdg.jpg,sgH0IJ5UDpxxdg,Eleonora di Toledo,Agnolo Bronzino,"National Gallery of Art, Washington DC",/asset/eleonora-di-toledo-agnolo-bronzino/sgH0IJ5UDpxxdg,https://lh3.googleusercontent.com/ci/AL18g_RBGYUJH_-Fw-3YXwwoA34rzpXMWeQMoGtqooJa-qD4466tgaYvekzLrlEcztRfEMGk8hp2AJ8=w128-h128-c,#e0b8b8,224,184,184,0.7487793,RED,#D50000,213,0,0,9
8QHDW3Yu2cjwTg.jpg,8QHDW3Yu2cjwTg,Modern still life,Reinhold Rossig,Bauhaus Dessau Foundation,/asset/modern-still-life-reinhold-rossig/8QHDW3Yu2cjwTg,https://lh3.googleusercontent.com/ci/AL18g_SkDwfjMcmZceSw3oS2pb3_H_UEgw1Ux7BwpBL4dR-OchNFqCymwXwRu5ddvAFvnB1VIUazbp13=w128-h128-c,#e0b8bd,224,184,189,1.2065502,RED,#D50000,213,0,0,9
0AGOAKRV68RNWw.jpg,0AGOAKRV68RNWw,Lady in Turkish Dress Holding a Fan,Jean-Étienne Liotard,The Royal Łazienki Museum in Warsaw,/asset/lady-in-turkish-dress-holding-a-fan-jean-Étienne-liotard/0AGOAKRV68RNWw,https://lh3.googleusercontent.com/ci/AL18g_QN5VJYRPW6iyDOdEuwYqYfzjv_4OxkAIT-kQunzbeClyKjtEFcF4KWSV380F7yfX9_32Lrmmc=w128-h128-c,#e0c2b8,224,194,184,1.1937331,RED,#D50000,213,0,0,9
pAEcg2oa0Zzitw.jpg,pAEcg2oa0Zzitw,Count Tommaso Inghirami,Raphael,Isabella Stewart Gardner Museum,/asset/count-tommaso-inghirami-raphael/pAEcg2oa0Zzitw,https://lh3.googleusercontent.com/ci/AL18g_Tqsls5NZ-kz76s8kIpLfrGwy4h3bUu6qEKqnfolXpuzrx_-3hXXbOEH6QASEiA5ekX6OhSTi0=w128-h128-c,#e0b8b8,224,184,184,0.6979167,RED,#D50000,213,0,0,9
qQGwJ0IuomzWqw.jpg,qQGwJ0IuomzWqw,Nancy Reagan,Aaron Shikler,Smithsonian's National Portrait Gallery,/asset/nancy-reagan-aaron-shikler/qQGwJ0IuomzWqw,https://lh3.googleusercontent.com/ci/AL18g_Q-uMJrvqOcO9w8529EY7ADQhsZhmHImbv5ZgtKyqs7yIWi8ku5_cb3M6AxZ5fAUIoLCcuPl5vm=w128-h128-c,#e0b9b8,224,185,184,0.7755357,RED,#D50000,213,0,0,9
4gGoUU8tEFOjPg.jpg,4gGoUU8tEFOjPg,The Holy Family with Two Saints,Master of the Antwerp Adoration (and workshop),Bilboa Museoa. Museo de Bellas Artes de Bilbao,/asset/the-holy-family-with-two-saints-master-of-the-antwerp-adoration-and-workshop/4gGoUU8tEFOjPg,https://lh3.googleusercontent.com/ci/AL18g_TAk0HWzrr3tM6SjQaj-1_RK-tkzKmGVf1ZKypAZQtn0WGIfBSvdAWNxk51znBlnCpI01RlZQ=w128-h128-c,#e0b8b8,224,184,184,0.86338025,RED,#D50000,213,0,0,9
vQFIAu2MNRKc1w.jpg,vQFIAu2MNRKc1w,Self-Portrait,María Izquierdo,Colección Blaisten,/asset/self-portrait-maría-izquierdo/vQFIAu2MNRKc1w,https://lh3.googleusercontent.com/ci/AL18g_Q6_VEiUrPmcJtXG3Fto1dfw1cvaiJoIIxDmQe8FNZ3b9IUZK1uO_ZgXahhjs6FHgQOkRv5aCY=w128-h128-c,#e0b8b8,224,184,184,0.62132454,RED,#D50000,213,0,0,9
7gECBMixWd2Ivg.jpg,7gECBMixWd2Ivg,The Virgin and Child Enthroned,Quentin Massys,"Gemäldegalerie, Staatliche Museen zu Berlin",/asset/the-virgin-and-child-enthroned-quentin-massys/7gECBMixWd2Ivg,https://lh3.googleusercontent.com/ci/AL18g_RhRFfnXCIQPpBwWPqhTkiEceEnXsFUPJI5tPalHvNPXxAdkmHWsd9fde-7TQi2AktEfC4sVA=w128-h128-c,#e0c2b8,224,194,184,0.6645928,RED,#D50000,213,0,0,9
DAFsA-fo16TuXw.jpg,DAFsA-fo16TuXw,Cozy Enigma,Mesoma Hammida Onyeagba,Northern Manhattan Arts Alliance,/asset/cozy-enigma-mesoma-hammida-onyeagba/DAFsA-fo16TuXw,https://lh3.googleusercontent.com/ci/AL18g_QpLpqy7ZR4q6dJFxZuJY2RDsKo9a4hRnDXOgu90vcyvGSWg-xyTiEXMW4uiMEDjI1vXx-gqgQ=w128-h128-c,#e0beb8,224,190,184,1.4414859,RED,#D50000,213,0,0,9
SwFLWmaV4VzLuw.jpg,SwFLWmaV4VzLuw,LOVE,Robert Indiana,Indianapolis Museum of Art at Newfields,/asset/love-robert-indiana/SwFLWmaV4VzLuw,https://lh3.googleusercontent.com/ci/AL18g_Q9EFpt7aDdYteK1OZG-0IeguYfFDBfTHhfT4GR_1MOzb8lSGJ2NWXWmhvQy7Buz2ft6upCtw=w128-h128-c,#e0beb8,224,190,184,0.9993333,RED,#D50000,213,0,0,9
WAGvMA2meaHNVg.jpg,WAGvMA2meaHNVg,The city lit,ANTÔNIO BANDEIRA,Museu Nacional de Belas Artes,/asset/the-city-lit-antÔnio-bandeira/WAGvMA2meaHNVg,https://lh3.googleusercontent.com/ci/AL18g_SsSabCorI8YjLgoXDRRe5wMzeXeozCMt3i28GdplbhqaJ-ptmU1WIIyWc70zMCdy4ACIpVYIg=w128-h128-c,#e0b8b8,224,184,184,1.2727499,RED,#D50000,213,0,0,9
PAEBw_y5_98PMw.jpg,PAEBw_y5_98PMw,View of Seville,Alonso Sánchez Coello,"Acción Cultural Española, AC/E",/asset/view-of-seville-alonso-sánchez-coello/PAEBw_y5_98PMw,https://lh3.googleusercontent.com/ci/AL18g_T5ozjdA8JNf-rxypImQTjShTNNi_v6HsUfnQqxTvGNLdTYN1fGbnnjq0P4YqRQz7uw9xmUMBE=w128-h128-c,#e0c2b8,224,194,184,1.548484,RED,#D50000,213,0,0,9
CQF1gIUY7u4gZA.jpg,CQF1gIUY7u4gZA,PH-401,Clyfford Still,Clyfford Still Museum,/asset/ph-401-clyfford-still/CQF1gIUY7u4gZA,https://lh3.googleusercontent.com/ci/AL18g_S0DqA3YOl9HerAcL4cfiK4FEOfRD3eo1p6NrOPKqRS4Zpr-8I2J0NPDR29l2Zf5qBtgfjiMsM=w128-h128-c,#e0b8b8,224,184,184,1.3757758,RED,#D50000,213,0,0,9
HQFLuyurj4r5_g.jpg,HQFLuyurj4r5_g,"Pink Roses, Chinese Vase",Samuel John Peploe,National Galleries Scotland: Modern,/asset/pink-roses-chinese-vase-samuel-john-peploe/HQFLuyurj4r5_g,https://lh3.googleusercontent.com/ci/AL18g_TTKicwMp6EanV1xUe9mRl__6T5b5_ne38AUqbvr_PoLkNQ9cHFppZovPB_EDhlwJ3p-pq1FfQ=w128-h128-c,#e0beb8,224,190,184,0.89049494,RED,#D50000,213,0,0,9
NAHkbnp4EhklXw.jpg,NAHkbnp4EhklXw,"Margaret Louisa Vanderbilt, Mrs. Elliott Fitch Shepard",John Singer Sargent,San Antonio Museum of Art,/asset/margaret-louisa-vanderbilt-mrs-elliott-fitch-shepard-john-singer-sargent/NAHkbnp4EhklXw,https://lh3.googleusercontent.com/ci/AL18g_TxLO9_Q_bbF573fYhJJ_PzBbzv1utDdBEsZ-h1Y7Ea-pKhlld04SoneU-ISUsiLpD6jE3b2YM=w128-h128-c,#e0bfb8,224,191,184,0.5678333,RED,#D50000,213,0,0,9
jwGBopAXVLhoiQ.jpg,jwGBopAXVLhoiQ,Portrait of Queen Victoria,Laurits Tuxen,The Hirschsprung Collection,/asset/portrait-of-queen-victoria-laurits-tuxen/jwGBopAXVLhoiQ,https://lh3.googleusercontent.com/ci/AL18g_S0D4lHK5bkBhWx4iT4McgpXUjbw-Jhc27_QEgESlb03bY5yLqifDn8hg73W78RrLo28RxCmA=w128-h128-c,#e0b8b8,224,184,184,0.7350934,RED,#D50000,213,0,0,9
TwGGfVO8M0v3pw.jpg,TwGGfVO8M0v3pw,Story of the Queen of Sheba,Afewerq Mengesha,Smithsonian National Museum of African Art,/asset/story-of-the-queen-of-sheba-afewerq-mengesha/TwGGfVO8M0v3pw,https://lh3.googleusercontent.com/ci/AL18g_S7hg-qKLGVoLgyoBcBtjhHFAPoqjaIdWXPOQB9kkSRZmrFRElTKDSumZp8nIcqnPHIIRN-F6E=w128-h128-c,#e0b8b8,224,184,184,0.65025,RED,#D50000,213,0,0,9
vwEEqsSbG5Ns7A.jpg,vwEEqsSbG5Ns7A,Portrait of the Queen Isabel II,Luís de Madrazo Kuntz atributted,Romantic Museum,/asset/portrait-of-the-queen-isabel-ii-luís-de-madrazo-kuntz-atributted/vwEEqsSbG5Ns7A,https://lh3.googleusercontent.com/ci/AL18g_TdR779nH1yeyE0n65GJi7h0Xr56ltk48MAN2Tt3-tZeLFd5eMatd_ud5Xr65gj4h_PQjURZyo=w128-h128-c,#e0b8b8,224,184,184,0.7299135,RED,#D50000,213,0,0,9
kAFWuHXRGbS0Lg.jpg,kAFWuHXRGbS0Lg,Street in Røros,Harald Sohlberg,"The National Museum of Art, Architecture and Design, Norway",/asset/street-in-røros-harald-sohlberg/kAFWuHXRGbS0Lg,https://lh3.googleusercontent.com/ci/AL18g_TNg6E6oUzZn4DlIyIwCkVycPUgrtUSP-iOkVaATObd35cK_LTMuLue78U4q5mR9y42xUz2VQ=w128-h128-c,#e0b8b8,224,184,184,0.68898726,RED,#D50000,213,0,0,9
lgFraSZhhy_WQw.jpg,lgFraSZhhy_WQw,Kasimiro medio,Piero Dorazio,Ministero degli Affari Esteri e della Cooperazione Internazionale. Collezione Farnesina,/asset/kasimiro-medio-piero-dorazio/lgFraSZhhy_WQw,https://lh3.googleusercontent.com/ci/AL18g_RvHSFRxmqLfQnxvBw8veRhUtntJ_nVDNjHVv4CkkJ8pYV8DZ-aKPvrJo5l32qDHpkJvc11FV0=w128-h128-c,#e0b9b8,224,185,184,1.0153534,RED,#D50000,213,0,0,9
JgEH5ca_YWTKpg.jpg,JgEH5ca_YWTKpg,The Holy Family,Unknown,Projeto Portinari,/asset/the-holy-family/JgEH5ca_YWTKpg,https://lh3.googleusercontent.com/ci/AL18g_SkQ3VWxPi4gJkVSCxZCUqNbGQptg7DbdOzdHZh5Mv5RHuGT9rxxDKy_0udbBb7DIU5iANZyqQ=w128-h128-c,#e0b8b8,224,184,184,1.1120142,RED,#D50000,213,0,0,9
RQGOy_4XFfOaHA.jpg,RQGOy_4XFfOaHA,Romanian Woman in a Red Dress,Felix Vallotton (1865-1925),Rmn-Grand Palais,/asset/romanian-woman-in-a-red-dress-felix-vallotton-1865-1925-and-paris-centre-pompidou-musée-national-d-art-moderne/RQGOy_4XFfOaHA,https://lh3.googleusercontent.com/ci/AL18g_QbCYFOWJnILxR7M1zLfzTV6QbFONTCy3aLVtxru4jwq9ketjFNJIxGSzmniMNeLHXGLJY-6qvZ=w128-h128-c,#e0b8b8,224,184,184,0.8065,RED,#D50000,213,0,0,9
2wHlBVsXLIswLQ.jpg,2wHlBVsXLIswLQ,The Lie,Félix Vallotton,The Baltimore Museum of Art,/asset/the-lie-félix-vallotton/2wHlBVsXLIswLQ,https://lh3.googleusercontent.com/ci/AL18g_T1onV1r7CpdG7kaQu-lHjv1FnnLBidxj8FsnOd6zSE92KojHZXHJo7fDMdMWKejDCj8I98Eg=w128-h128-c,#e0b8b8,224,184,184,1.3948447,RED,#D50000,213,0,0,9
PQGTlWsO5GCAGw.jpg,PQGTlWsO5GCAGw,The Mass of Saint Gregory,"Hans Baldung (German, 1484/85–1545)",The Cleveland Museum of Art,/asset/the-mass-of-saint-gregory-hans-baldung-german-1484-85–1545/PQGTlWsO5GCAGw,https://lh3.googleusercontent.com/ci/AL18g_Ty6Ej8jQtGRFLrZCGqeGiO39R6sLzewxoxmJcmdXV00NI1Etvq0B7aEkCZYfXCWAtF2aWXYnY=w128-h128-c,#e0b8b8,224,184,184,1.3969986,RED,#D50000,213,0,0,9
zgH4BotrO6OQxw.jpg,zgH4BotrO6OQxw,First in the Fight,James Montgomery Flagg,National Museum of the Marine Corps,/asset/first-in-the-fight-james-montgomery-flagg/zgH4BotrO6OQxw,https://lh3.googleusercontent.com/ci/AL18g_TCBzZ1dDL4DNcPJ5Zs8sdzGybXkW7Ou2am3DDNDzMjlKsvvl57t0niV74P8XlKbolHtMW7Sw=w128-h128-c,#e0beb8,224,190,184,0.60169226,RED,#D50000,213,0,0,9
cQGiFYgQxS1cGw.jpg,cQGiFYgQxS1cGw,"Composition with Red, Yellow, and Blue",Piet Mondrian,British Fashion Council,/asset/composition-with-red-yellow-and-blue-piet-mondrian/cQGiFYgQxS1cGw,https://lh3.googleusercontent.com/ci/AL18g_TaqtrLjLyHUTLtGTBkWt4_Y0hHT8vSUNe1N_pAYquA8VV_9ZEiShjH5pd4C-ESJ8iCmmuxuw=w128-h128-c,#e0beb8,224,190,184,0.9986413,RED,#D50000,213,0,0,9
RAE0XF808wXKqg.jpg,RAE0XF808wXKqg,Angel,Raphael (Raffaello Sanzio),Fondazione Brescia Musei,/asset/angel-raphael-raffaello-sanzio/RAE0XF808wXKqg,https://lh3.googleusercontent.com/ci/AL18g_SgfWG4uoaaHLb4Gf56VF9vcn1P7MB5o5pehpoD3AbUrWP-3dmGg56xzUB8tpLhZrAp5Dlcy78=w128-h128-c,#e0b8b8,224,184,184,0.84582746,RED,#D50000,213,0,0,9
pwGKwnphwxoM9g.jpg,pwGKwnphwxoM9g,"Color Study for ""New Kids in the Neighborhood""",Norman Rockwell (1894-1978),"Norman Rockwell Museum in Stockbridge, MA",/asset/color-study-for-new-kids-in-the-neighborhood-norman-rockwell-1894-1978/pwGKwnphwxoM9g,https://lh3.googleusercontent.com/ci/AL18g_S63rBd2PcceW3BdmRYi1VkIrG2Tcb6kzZxCTb5TKTYhlPHhTDShuJLiZD2pODMEBhMqo3Cc4I=w128-h128-c,#e0b8b8,224,184,184,1.6646667,RED,#D50000,213,0,0,9
GQFpHG0mFALBqg.jpg,GQFpHG0mFALBqg,Portrait of a man,Frans Pourbus,Art Gallery of New South Wales,/asset/portrait-of-a-man-frans-pourbus/GQFpHG0mFALBqg,https://lh3.googleusercontent.com/ci/AL18g_SD8xmeB0JDykQGcK-Z0lw9BtK5rI8giKV3HXorWJ7Fk3NqyVTpjsQnGn1IoTdri7osfibXWYE=w128-h128-c,#e0b8b9,224,184,185,0.7998,RED,#D50000,213,0,0,9
wQHpy0d3qZLwsA.jpg,wQHpy0d3qZLwsA,Portrait of Gemma Fragni Sichirollo,Ugo Celada da Virgilio,Ca’ Granda – Ospedale Maggiore Policlinico,/asset/portrait-of-gemma-fragni-sichirollo-ugo-celada-da-virgilio/wQHpy0d3qZLwsA,https://lh3.googleusercontent.com/ci/AL18g_SPV7ECHdc9toaSE5ziKvZKlkiVkZMLcRTSgTSIZHGgGUGvjxl_auiHeUGfJuhcxoFF6sikR40=w128-h128-c,#e0b8b8,224,184,184,0.828589,RED,#D50000,213,0,0,9
TwEpTrsqoodfRg.jpg,TwEpTrsqoodfRg,Retrato dos filhos do pintor,António Carneiro,Centro de Arte Moderna Gulbenkian,/asset/retrato-dos-filhos-do-pintor-antónio-carneiro/TwEpTrsqoodfRg,https://lh3.googleusercontent.com/ci/AL18g_Q1NVTXFKEgaOPz_qIgKtN4eIlmhITNXjxAtkj4mn5fZx_qG8a68aSbvsoV3Jjqgvshs4G226BG=w128-h128-c,#e0b8b8,224,184,184,0.7479407,RED,#D50000,213,0,0,9
vQEjYm6OLylBvg.jpg,vQEjYm6OLylBvg,Jim (Jim Mirabel),Walter Ufer,National Academy of Design,/asset/jim-jim-mirabel-walter-ufer/vQEjYm6OLylBvg,https://lh3.googleusercontent.com/ci/AL18g_SOkOTBEezjr02q0iq49YdpHOy5Wq7RWh-QjpC0zx8cNmn_IvSpmwj7UBw4hW4FMx7KYEI29QUg=w128-h128-c,#e0c1b8,224,193,184,0.9030996,RED,#D50000,213,0,0,9
6gHVF7fEq78WBA.jpg,6gHVF7fEq78WBA,The man,Abdul Abdullah,Art Gallery of New South Wales,/asset/the-man-abdul-abdullah/6gHVF7fEq78WBA,https://lh3.googleusercontent.com/ci/AL18g_S9LOGSKSV3n-OjGWs5uf_d78OkmGZSBXvV1Q3AdyRerwPJ2Tx44lpVeS2DNHyHoV5uoa7iIh8=w128-h128-c,#e0b8b8,224,184,184,0.80025,RED,#D50000,213,0,0,9
5gHO0jw1OqkgiA.jpg,5gHO0jw1OqkgiA,Prince Henry the Navigator,Adriano de Sousa Lopes,The Portuguese Task Force for the Commemorations of the V Centenary of Circumnavigation,/asset/prince-henry-the-navigator-adriano-de-sousa-lopes/5gHO0jw1OqkgiA,https://lh3.googleusercontent.com/ci/AL18g_QZH4Rsv8C0zRZ7R2aKk8WZqhzKT7zFw4zXrCqYsP4bp7SEYXpKzR7ynj-v6eTx-5pivQRf4ZQ=w128-h128-c,#e0b8b8,224,184,184,1.3496426,RED,#D50000,213,0,0,9
vwHD1b4Go-GHOQ.jpg,vwHD1b4Go-GHOQ,The Return of Christopher Columbus,Eugène Delacroix,The Toledo Museum of Art,/asset/the-return-of-christopher-columbus-eugène-delacroix/vwHD1b4Go-GHOQ,https://lh3.googleusercontent.com/ci/AL18g_SLRl980lx9xO8MeePgclicL94pE1s5DjLz7JZ1234MefqsWIFXUeR9S8mdZJccVlCv_TQDew=w128-h128-c,#e0b8b8,224,184,184,1.3072916,RED,#D50000,213,0,0,9
5AFjviUzXt9k9g.jpg,5AFjviUzXt9k9g,Vermelho cortando o branco,Unknown,"The Adolpho Leirner Collection of Brazilian Constructive Art at The Museum of Fine Arts, Houston",/asset/vermelho-cortando-o-branco/5AFjviUzXt9k9g,https://lh3.googleusercontent.com/ci/AL18g_SXu0Fp3K-KDjAyu1UGD8lIWOW8OkHEuMviHSsM2dt224jmU_6jWETBS9Nis4TaVrxVDFS0n1UV=w128-h128-c,#e0b8b9,224,184,185,1.1707317,RED,#D50000,213,0,0,9
zwE0xte3eoSf2g.jpg,zwE0xte3eoSf2g,Cosimo il Vecchio as San Cosma,Giorgio Vasari,Palazzo Vecchio Museum,/asset/cosimo-il-vecchio-as-san-cosma-giorgio-vasari/zwE0xte3eoSf2g,https://lh3.googleusercontent.com/ci/AL18g_Qi6rc4G1DC_lxybJ0UTcEmyjv1eeb6wXqVwCticEwIXm4iHii4VCH8Akgraq0ewCrJPe6HqlQ=w128-h128-c,#e0b8b8,224,184,184,0.3914815,RED,#D50000,213,0,0,9
1wFGtYpSgF-p5g.jpg,1wFGtYpSgF-p5g,Mayor of Almolonga,Carlos Mérida,Colección Blaisten,/asset/mayor-of-almolonga-carlos-mérida/1wFGtYpSgF-p5g,https://lh3.googleusercontent.com/ci/AL18g_TEHH8At4ENB1hgDlf4OgSXfI7CUmyMFte7wlXe_iZ7Y10_kVDQUrO6wJLmEN_J0XtzK6H-1Ar7=w128-h128-c,#e0b8b8,224,184,184,0.5082329,RED,#D50000,213,0,0,9
hwHsQ1QWtJRQbQ.jpg,hwHsQ1QWtJRQbQ,Coconuts,Frida Kahlo,Museo de Arte Moderno de México (MAM),/asset/coconuts-frida-kahlo/hwHsQ1QWtJRQbQ,https://lh3.googleusercontent.com/ci/AL18g_SEdmp5M8reEVdobIb4GawylH-b6ktxhTxtQF1Bx9vCBHhLchMlL3-oodkVqcOb5wSFGbuiWK0=w128-h128-c,#e0bbb8,224,187,184,1.3810433,RED,#D50000,213,0,0,9
MAGbcoxyZufpKA.jpg,MAGbcoxyZufpKA,Burial in a Hammock,Unknown,Projeto Portinari,/asset/burial-in-a-hammock/MAGbcoxyZufpKA,https://lh3.googleusercontent.com/ci/AL18g_Qui2AQ-SDkqewb31GM39zm2x4nbDdg3hsI3yutuivZ95fmFBNUJydaTd2Dat_r_NnSf0qjsxU=w128-h128-c,#e0c1b8,224,193,184,1.3335648,RED,#D50000,213,0,0,9
NAEa3sFPNiy9_Q.jpg,NAEa3sFPNiy9_Q,El pez mágico,Pérez Celis,Pérez Celis - Museo Virtual,/asset/el-pez-mágico-pérez-celis/NAEa3sFPNiy9_Q,https://lh3.googleusercontent.com/ci/AL18g_RLNqR4iPkTAyhhn-0W05u-oe-VMLcRtSdz52WFRZQStEwKaC_wh051j2P_2vB7EnI7JLyjDAhH=w128-h128-c,#e0b8b8,224,184,184,1.0615,RED,#D50000,213,0,0,9
jgFO8f-fiumPoQ.jpg,jgFO8f-fiumPoQ,Artist.,Unknown,NASA,/asset/artist/jgFO8f-fiumPoQ,https://lh3.googleusercontent.com/ci/AL18g_TmHzyJCXI12HDBTFWtBxfTe_HXKG2Kdo2vgP_pWXe1ZeA-8xVf3H5K6vcL5-RbhEA0kaGm7yc=w128-h128-c,#e0b8b8,224,184,184,0.6666667,RED,#D50000,213,0,0,9
dgH4yDV16EQP-Q.jpg,dgH4yDV16EQP-Q,Kaglo II,Victor Vasarely,Inter-American Development Bank,/asset/kaglo-ii-victor-vasarely/dgH4yDV16EQP-Q,https://lh3.googleusercontent.com/ci/AL18g_Rm7g-Mz8Tj-3ci2vOjmf5v8jBU_OwtbNtkQjVtqnd91JDQk_X5a0mbl9HzFGTp_GlRgQRlBF8=w128-h128-c,#e0b8b8,224,184,184,1.01849,RED,#D50000,213,0,0,9
FwHDcxh8o9SJ1A.jpg,FwHDcxh8o9SJ1A,A Girl in Red,Lee In-sung,Korea Data Agency,/asset/a-girl-in-red-lee-in-sung/FwHDcxh8o9SJ1A,https://lh3.googleusercontent.com/ci/AL18g_Sp9dJBMorfvcMuQyxRJbQfADvWa6PgHahiokbckeMGbrvLlxXcoGlsxqYYsiGDZN3ZNd3qax4=w128-h128-c,#e0b8b8,224,184,184,0.5900887,RED,#D50000,213,0,0,9
jwGTgWeesna0CA.jpg,jwGTgWeesna0CA,"Another Storm, 1963 © Pollock-Krasner Foundation",Lee Krasner,Barbican Centre,/asset/another-storm-1963-©-pollock-krasner-foundation-lee-krasner-and-the-pollock-krasner-foundation/jwGTgWeesna0CA,https://lh3.googleusercontent.com/ci/AL18g_TaOo5jyaxd9CqCTFvuGAB6eOKoSJ-YDs1IAymGTEzbAAbOOEeCejdTwB9-Kqra3DCS3jy56bI=w128-h128-c,#e0b8b8,224,184,184,1.8394886,RED,#D50000,213,0,0,9
nQFYYynoHL-6og.jpg,nQFYYynoHL-6og,"Portrait of Guus Preitinger, the artist's wife",Kees van Dongen,Van Gogh Museum,/asset/portrait-of-guus-preitinger-the-artist-s-wife-kees-van-dongen/nQFYYynoHL-6og,https://lh3.googleusercontent.com/ci/AL18g_RNWRjLNF4HmgOzu-cHWYBO7Gu3qqKAiutP1ePxjd0bH3PleQFn9AyFpfiVB7GIqTIPSlGSTw=w128-h128-c,#e0beb8,224,190,184,0.7745159,RED,#D50000,213,0,0,9
gQHhNjJo_s4GHA.jpg,gQHhNjJo_s4GHA,Virgin and Child,Dieric Bouts,The Metropolitan Museum of Art,/asset/virgin-and-child-dieric-bouts/gQHhNjJo_s4GHA,https://lh3.googleusercontent.com/ci/AL18g_RZ4dkBL2Xl_J6AaTxvtANRSzbrJxQpXbEh1xqa1PLPFTfhOJ-SC230Uz9DI4GFhdQoyNiYKNhh=w128-h128-c,#e0c2b8,224,194,184,0.7251478,RED,#D50000,213,0,0,9
egH0zRK2cOsyIw.jpg,egH0zRK2cOsyIw,Portrait of Cardinale Carlo de' Medici,Justus Sustermans,Museo Poldi Pezzoli,/asset/portrait-of-cardinale-carlo-de-medici-justus-sustermans/egH0zRK2cOsyIw,https://lh3.googleusercontent.com/ci/AL18g_Q5OpNOTtK-WezOsOAKm-9IR0SkbvAXRWgVtU6ispYTBqMq7ulaY-7Z7BUkIe_cE764nZUnYR4y=w128-h128-c,#e0b8b8,224,184,184,0.8841278,RED,#D50000,213,0,0,9
PQGA94QEMp7U3g.jpg,PQGA94QEMp7U3g,The Virgin Crowned by Angels,"Stefan Lochner (German, 1400-c. 1452)",The Cleveland Museum of Art,/asset/the-virgin-crowned-by-angels-stefan-lochner-german-1400-c-1452/PQGA94QEMp7U3g,https://lh3.googleusercontent.com/ci/AL18g_Ta85A8kV7dke-lppLodEniFEixJSCaBk4ngeCn4VE4gGEF_ZMk7ipUwUma4MWMPcDCSTT3qa0=w128-h128-c,#e0c2b8,224,194,184,0.5764706,RED,#D50000,213,0,0,9
NwH9hjTwOS_L6A.jpg,NwH9hjTwOS_L6A,Crucifixion,Pere Terrencs,Catedral de Mallorca,/asset/crucifixion-pere-terrencs-and-alonso-de-sedano/NwH9hjTwOS_L6A,https://lh3.googleusercontent.com/ci/AL18g_S24Ef2DG1wBRG37ZLRE1FjbGbjkIjl52SKd1aE1KWhW8vKnnSnlM5cQRcgkpmWNnIrjhQAgw=w128-h128-c,#e0b9b8,224,185,184,0.6666667,RED,#D50000,213,0,0,9
GAHDnyqHxiA6SQ.jpg,GAHDnyqHxiA6SQ,"Child, church, animal",Karel Appel,Dordrechts Museum,/asset/child-church-animal-karel-appel/GAHDnyqHxiA6SQ,https://lh3.googleusercontent.com/ci/AL18g_Q3611DaNk-RGrfcYPxLESPBtMy6shAUmQ93ng4fows5bHC-8MzgsRm0yxg3ORPMqbO5QywZxsO=w128-h128-c,#e0bbb8,224,187,184,0.7722442,RED,#D50000,213,0,0,9
agEX_YVySkVbtg.jpg,agEX_YVySkVbtg,Work,Yoo Youngkuk,"National Museum of Modern and Contemporary Art, Korea",/asset/work-yoo-youngkuk/agEX_YVySkVbtg,https://lh3.googleusercontent.com/ci/AL18g_QkCFdiXu72AABj-73A0pNNYalltT08Dz9hq5aP3XwDYG48m1yoae9LDm5eV_ZswGvAUumex6U=w128-h128-c,#e0b8b8,224,184,184,1.4927524,RED,#D50000,213,0,0,9
hwG4lqlLTy-UoA.jpg,hwG4lqlLTy-UoA,Portrait,"Unknown, Iran, late 17th Century","The Museum of Islamic Art, Qatar",/asset/portrait-unknown-iran-late-17th-century/hwG4lqlLTy-UoA,https://lh3.googleusercontent.com/ci/AL18g_SxrgXyBi09pYZ2QsQE4hNFc0V5Nb0cgMT6PeMI-iIm7g0epvqWh-_NQwPFgF3D0EzGm10g9STH=w128-h128-c,#e0b8b8,224,184,184,0.6045673,RED,#D50000,213,0,0,9
6QEJ3Cd4BXuZ6Q.jpg,6QEJ3Cd4BXuZ6Q,Forms at Play,Franz Marc,Museum Folkwang,/asset/forms-at-play-franz-marc/6QEJ3Cd4BXuZ6Q,https://lh3.googleusercontent.com/ci/AL18g_S0CxpP7vKxN4OSuLQ88_rcOwQbiKo1VM7jtjnzQ5UYshqCoI4Uo7WR9Rg-FT_lCbu-sNa5NQ=w128-h128-c,#e0b8b8,224,184,184,3.1381755,RED,#D50000,213,0,0,9
fAGmnKqDo11pWQ.jpg,fAGmnKqDo11pWQ,Purple Beeches,National Museum in Belgrade,Museums of Serbia,/asset/purple-beeches-national-museum-in-belgrade-and-henri-matisse/fAGmnKqDo11pWQ,https://lh3.googleusercontent.com/ci/AL18g_Qomq6-1VWIxzmX4D_oKxfRUDeZlL7625TjBVAPhlWFCSkmFJa6--PqYL-3_WNQ9GjKt6d6osY=w128-h128-c,#e0b8b8,224,184,184,0.8245718,RED,#D50000,213,0,0,9
RgEVQmkyIksskg.jpg,RgEVQmkyIksskg,Monks Carrying Umbrellas,Min Wae Aung,Fukuoka Asian Art Museum,/asset/monks-carrying-umbrellas-min-wae-aung/RgEVQmkyIksskg,https://lh3.googleusercontent.com/ci/AL18g_RTA_TLKAoqL_qhwZTtTxpBiL0tu-cOWymt3uJqpSwidDmTZTuwbgA1jmMg5jrpwcvLBu2bXX8=w128-h128-c,#e0b9b8,224,185,184,0.500818,RED,#D50000,213,0,0,9
AAHMwbpvqvk4sA.jpg,AAHMwbpvqvk4sA,Le Bal,Marsi,Marsi Foundation,/asset/le-bal-marsi/AAHMwbpvqvk4sA,https://lh3.googleusercontent.com/ci/AL18g_SkSTWVtkLwDTYlzkm_ZBvKUNgHRdnAy6hAAfnKSuP2lWME5YXNdzW8wE8fGWkZiyaoysFKaw=w128-h128-c,#e0b8b8,224,184,184,1.5057373,RED,#D50000,213,0,0,9
awFSHM-4bYkdNQ.jpg,awFSHM-4bYkdNQ,Acolytes,Caroline Durieux,Ogden Museum of Southern Art,/asset/acolytes-caroline-durieux/awFSHM-4bYkdNQ,https://lh3.googleusercontent.com/ci/AL18g_TxFqM1hB9Exh9dkJiSBXPF4oL1_6I6EXtKc2HzenguGKHRALOAsLHwaeFUtu_XE50N_Bg3ZGk=w128-h128-c,#e0b8b8,224,184,184,0.9869233,RED,#D50000,213,0,0,9
BAG1oPkUMfpaVw.jpg,BAG1oPkUMfpaVw,The Flight to Egypt,Unknown,Projeto Portinari,/asset/the-flight-to-egypt/BAG1oPkUMfpaVw,https://lh3.googleusercontent.com/ci/AL18g_QGs6i0vTKwo-xZQamjaQLgLMxqvX5sNWrbdV-cRAR9cgUOz4LbE5v50Xz5gw-j_R4IrqbuSw=w128-h128-c,#e0b8b8,224,184,184,1.3809781,RED,#D50000,213,0,0,9
9AGxzfWWjcT6rA.jpg,9AGxzfWWjcT6rA,"Antoine Perrenot, Cardinal Granvelle",Willem Key,Royal Museums of Fine Arts of Belgium,/asset/antoine-perrenot-cardinal-granvelle-willem-key/9AGxzfWWjcT6rA,https://lh3.googleusercontent.com/ci/AL18g_Qz-zuumQ93ep7eAgvrX-7M2NW8raGf_ebqLZ0hRZAIdzXX1l3s4rWzgpaLExxBXd0Yh51kag=w128-h128-c,#e0beb8,224,190,184,0.76375955,RED,#D50000,213,0,0,9
3gH2M_uLVE8kww.jpg,3gH2M_uLVE8kww,Jesus Child Asleep on the Cross,Cornelis Schut,Museo de Bellas Artes de Sevilla,/asset/jesus-child-asleep-on-the-cross-cornelis-schut/3gH2M_uLVE8kww,https://lh3.googleusercontent.com/ci/AL18g_RiVqJf9mcidbCPXMhRIFSdXS5l-iQ209_2FaBUbOycEdUixJShnOXJtrBUfKnrT7OYxibyafI=w128-h128-c,#e0c2b8,224,194,184,1.4183496,RED,#D50000,213,0,0,9
dwGKgQPpofAvtA.jpg,dwGKgQPpofAvtA,La ribambelle des gobelins,Piero Dorazio,Galleria Civica di Arte Moderna e Contemporanea Torino,/asset/la-ribambelle-des-gobelins-piero-dorazio/dwGKgQPpofAvtA,https://lh3.googleusercontent.com/ci/AL18g_S_sLqMteqK7wFTWazUt1wZQHdj_UzHLxIvcXpAgh2AUiHyAVO2Q9pZwHz83y5bYb-pyvrwOz-g=w128-h128-c,#e0b8b8,224,184,184,1.263245,RED,#D50000,213,0,0,9
AQF_nmdILfyHCQ.jpg,AQF_nmdILfyHCQ,Emperor Napoleon I (1769-1821),Unknown,Harvard Art Museums,/asset/emperor-napoleon-i-1769-1821/AQF_nmdILfyHCQ,https://lh3.googleusercontent.com/ci/AL18g_SwricCBHddj_xeDeMSzSmVgqUhGskvFkrIT7IUEfufEY0qaAybEE42QUj83vBL9zv4qOtEWA=w128-h128-c,#e0b8b8,224,184,184,0.6710104,RED,#D50000,213,0,0,9
5QFHvgjGZIr3mg.jpg,5QFHvgjGZIr3mg,Coffee,Richard Diebenkorn,Chrysler Museum of Art,/asset/coffee-richard-diebenkorn/5QFHvgjGZIr3mg,https://lh3.googleusercontent.com/ci/AL18g_SfbORYIzyuNLu-t8KKI4ORmLwoWtnYlQpY82KdWkuNNgKmGJam3ZFRyOQj6AnxmNszz01WGy8=w128-h128-c,#dfbab9,223,186,185,0.8768683,RED,#D50000,213,0,0,9
pAFeE4AoiCWtlg.jpg,pAFeE4AoiCWtlg,"Portrait of Louis II de Bourbon, Prince of Condé, known as the Grand Condé, in his uniform",Juste d’Egmont,Château de Chantilly,/asset/portrait-of-louis-ii-de-bourbon-prince-of-condé-known-as-the-grand-condé-in-his-uniform-juste-d’egmont/pAFeE4AoiCWtlg,https://lh3.googleusercontent.com/ci/AL18g_QLUIC_kG2ZPHyYEdq-YE-t8p6s9f7UiiDZnR9TdtfiGIm3oiFonYtbCSL3WICQECl0nVAOuW4=w128-h128-c,#e0b8b8,224,184,184,0.84471023,RED,#D50000,213,0,0,9
FwHUBN_-Kf3sTw.jpg,FwHUBN_-Kf3sTw,Portrait of Cardinal Federico Borromeo,Anonimous Lombard painter,Veneranda Biblioteca Ambrosiana,/asset/portrait-of-cardinal-federico-borromeo-anonimous-lombard-painter/FwHUBN_-Kf3sTw,https://lh3.googleusercontent.com/ci/AL18g_S2sk9xaCTN6QmxbckTklXbzZlqnVJQ4pimGw_hO6qF7KsAfaBYBZl1qrzfcrFgJ-rD4P7AwA=w128-h128-c,#e0bfb8,224,191,184,0.7673445,RED,#D50000,213,0,0,9
pgHBzme-u9_2AQ.jpg,pgHBzme-u9_2AQ,"Elizabeth Bassett, later Countess of Newcastle (c.1615)",William Larkin,English Heritage,/asset/elizabeth-bassett-later-countess-of-newcastle-c-1615-william-larkin/pgHBzme-u9_2AQ,https://lh3.googleusercontent.com/ci/AL18g_RUhqn72JU9qQRPjX3dnet-UbqvGn5IVXAQ_8q7iTp1cPAFoAMY2kF7TtBWDEDovRnt_96JfjI=w128-h128-c,#e0c1b8,224,193,184,0.5978633,RED,#D50000,213,0,0,9
pAEIjbHe1cdhCQ.jpg,pAEIjbHe1cdhCQ,Mural Banco Ganadero,Obregón,Museum of Contemporary Art Bogotá,/asset/mural-banco-ganadero-obregón/pAEIjbHe1cdhCQ,https://lh3.googleusercontent.com/ci/AL18g_TeXn2fw-3zwuMbevY91RB3LMzdRtththeG7nhCmXIbninyGkeuK8-69F8y1a1JCtcQc9e05A=w128-h128-c,#e0c1b8,224,193,184,0.90691113,RED,#D50000,213,0,0,9
3gGaEPsDluFdvA.jpg,3gGaEPsDluFdvA,Sunday in the Slum,Unknown,Projeto Portinari,/asset/sunday-in-the-slum/3gGaEPsDluFdvA,https://lh3.googleusercontent.com/ci/AL18g_S2YzjdQEqOQdVfQ7m8Ga2-8y3ljwtqHmlHp5YckVTheLtxRjxEqQRlawHfkPEN3PIfa_V5tQ=w128-h128-c,#e0bfb8,224,191,184,1.2119064,RED,#D50000,213,0,0,9
kAHPsxA7Nbh8Dw.jpg,kAHPsxA7Nbh8Dw,Head - Red and Yellow,Roy Lichtenstein,Buffalo AKG Art Museum,/asset/head-red-and-yellow-roy-lichtenstein/kAHPsxA7Nbh8Dw,https://lh3.googleusercontent.com/ci/AL18g_Tn4W8hh68ZdOSMVfpwO69xf8HeFlr4LzzKX4ufeX_eC5FfIaje6S6O4mDGbK9pGuBpSJ49zg=w128-h128-c,#e0beb8,224,190,184,1.0014741,RED,#D50000,213,0,0,9
9wGbGepZ3-iR7A.jpg,9wGbGepZ3-iR7A,Madonna and Child,Michele Pannonio (Hungary? end of the 16th century - Ferrara? 1463/1464,Museo di Castelvecchio,/asset/madonna-and-child-michele-pannonio-hungary-end-of-the-16th-century-ferrara-1463-1464/9wGbGepZ3-iR7A,https://lh3.googleusercontent.com/ci/AL18g_TL9qkMGIQ8PPAuE6ATgNRHIUIlxURkMgcT7SljrejlNjk9gJFLf65J0SLcrSidVHUzR1Fdq4Zu=w128-h128-c,#e0b8b8,224,184,184,0.6039559,RED,#D50000,213,0,0,9
cwHVpT2dylPozQ.jpg,cwHVpT2dylPozQ,Pink Clown. Head of the Little Clown,Mikuláš Galanda,Turiec Gallery,/asset/pink-clown-head-of-the-little-clown-mikuláš-galanda/cwHVpT2dylPozQ,https://lh3.googleusercontent.com/ci/AL18g_RGaECpScTf2P-k_js_CwiAz_QnA7E91BwviPDBTQK1s5iHVOORj6sSymRCWBB0BCGbwl9VaBY=w128-h128-c,#e0b8b8,224,184,184,0.8898457,RED,#D50000,213,0,0,9
zwEvgl9QlOP1dg.jpg,zwEvgl9QlOP1dg,Summer with Cynical Fish,Hung Liu,National Museum of Women in the Arts,/asset/summer-with-cynical-fish-hung-liu/zwEvgl9QlOP1dg,https://lh3.googleusercontent.com/ci/AL18g_SvLGkJpwuKdTBgA2ajoLAvsQsVmVNzBZudmdVKzct0SnQSTgeP9PTcpg6VwJleaxEHndA31A=w128-h128-c,#e0b9b8,224,185,184,1.2073572,RED,#D50000,213,0,0,9
rQGn1DTbVWl3Yw.jpg,rQGn1DTbVWl3Yw,Train de Banlieue (Commuter Train),Józef Czapski,The National Museum in Krakow,/asset/train-de-banlieue-commuter-train-józef-czapski/rQGn1DTbVWl3Yw,https://lh3.googleusercontent.com/ci/AL18g_SNCW15-WjYPW86K8CCMqrXGAaEkr-SMxeHW4Gp3_SCdurLB5rdIuJV1nkpX8MxGiXBCNCibII=w128-h128-c,#e0bbb8,224,187,184,1.3139578,RED,#D50000,213,0,0,9
eQFt8bgigwNqIA.jpg,eQFt8bgigwNqIA,The Red Carpet,Lesser Ury,"The Israel Museum, Jerusalem",/asset/the-red-carpet-lesser-ury/eQFt8bgigwNqIA,https://lh3.googleusercontent.com/ci/AL18g_QPRgBSl01Vb_0qDRFjdbpkwE91o2wC17L9YfkxLFakwLY4dRjO22UoSg3cxq7_Ff2c2lcTE5g=w128-h128-c,#e0b8b8,224,184,184,0.6604492,RED,#D50000,213,0,0,9
5wFf68BJED0Z9A.jpg,5wFf68BJED0Z9A,Manuel Rodríguez Torices,Luis García Hevia,Museo de la Universidad del Rosario,/asset/manuel-rodríguez-torices-luis-garcía-hevia/5wFf68BJED0Z9A,https://lh3.googleusercontent.com/ci/AL18g_QSgvWRgDSf2rSCztuxARszcgmnfsohZ5PnYrAU3MNZcKhOmYjJCKVNc-mR_9-dexrRt1eBsg=w128-h128-c,#e0b8b9,224,184,185,0.80473375,RED,#D50000,213,0,0,9
_QEl1JH6xZUD8Q.jpg,_QEl1JH6xZUD8Q,"Elizabeth, Countess of Effingham",Benjamin West,"National Gallery of Art, Washington DC",/asset/elizabeth-countess-of-effingham-benjamin-west/_QEl1JH6xZUD8Q,https://lh3.googleusercontent.com/ci/AL18g_R2ZzSMQlFSLVUWbPU9dSn1_PRJVsEt8U25CmLY0uJ1chwAi13tjrBIvuaAMlAGrjH-kIst_mw=w128-h128-c,#e0bfb8,224,191,184,0.7775879,RED,#D50000,213,0,0,9
XgFsTGIWik00Gg.jpg,XgFsTGIWik00Gg,A Course in Miracles,Audrey Flack (1931- ),Hudson River Museum,/asset/a-course-in-miracles-audrey-flack-1931/XgFsTGIWik00Gg,https://lh3.googleusercontent.com/ci/AL18g_TyLH-LbLsnlSXTdNNdxcJyMy1qee7ITUhXE9In6wu7_zX3wRY404FNJlHBg4ynYWFkoDmGoMw=w128-h128-c,#e0b8b8,224,184,184,1.2356954,RED,#D50000,213,0,0,9
KwHdjOhJWrN6Cg.jpg,KwHdjOhJWrN6Cg,At the Temple [Au Tanpe],Hector Hyppolite,Milwaukee Art Museum,/asset/at-the-temple-au-tanpe-hector-hyppolite/KwHdjOhJWrN6Cg,https://lh3.googleusercontent.com/ci/AL18g_RWClmekBzRPNAHvpQsWqp33TwuRXmoEQFV6r-ptmusYSFjnp1rDer7A_utfsbmTr5Wds0A1jA=w128-h128-c,#e0c2b8,224,194,184,0.73421437,RED,#D50000,213,0,0,9
qwERYeRdTsQ-1g.jpg,qwERYeRdTsQ-1g,Projet pour un monument à W.C. Fields,Max Ernst,Bechtler Museum of Modern Art,/asset/projet-pour-un-monument-à-w-c-fields-max-ernst/qwERYeRdTsQ-1g,https://lh3.googleusercontent.com/ci/AL18g_TQ6AaJovtxNa5yt6WmhtoSe_8VwmT1UxE_NnmST6MNw9e15436fJdLDsDI9tXwav-ZEpSPwIFQ=w128-h128-c,#e0b8b8,224,184,184,0.8137809,RED,#D50000,213,0,0,9
aAGlEiSp37Az0Q.jpg,aAGlEiSp37Az0Q,Self-Portrait with Easel,Amrita Sher-gil,Kiran Nadar Museum of Art,/asset/self-portrait-with-easel-amrita-sher-gil/aAGlEiSp37Az0Q,https://lh3.googleusercontent.com/ci/AL18g_SAxi7_xvTjYpAC40NB8p4LOJ-Dk8ECqGXzvbTMHWOwqpEC8-1dDqf0solBq7aUhx8o73j8pw=w128-h128-c,#e0b8b8,224,184,184,0.8116,RED,#D50000,213,0,0,9
YAGSmwLsUMI9WA.jpg,YAGSmwLsUMI9WA,The Hourglass,Evelyn De Morgan,De Morgan Collection,/asset/the-hourglass-evelyn-de-morgan/YAGSmwLsUMI9WA,https://lh3.googleusercontent.com/ci/AL18g_Rd_Djbd4-eTrd5dhJ2PHjXfjOVx404gRwCQdp30hcELCBwWEO1gD07EYzWoEiWce8AsfoLJNg=w128-h128-c,#e0c2b8,224,194,184,0.8507564,RED,#D50000,213,0,0,9
owGqYFC2Hi4Osg.jpg,owGqYFC2Hi4Osg,Self-Portrait,Kaita Murayama,Osaka City Museum of Fine Arts,/asset/self-portrait-kaita-murayama/owGqYFC2Hi4Osg,https://lh3.googleusercontent.com/ci/AL18g_Ty1JDZtJQgOzZHXhj3e_a6LkM97bqs7YDe60id-y3bFmUzyobCr1btw-LK_ql9vWbNg9vYriY=w128-h128-c,#e0b8b8,224,184,184,0.85070425,RED,#D50000,213,0,0,9
VgE4Eu-9aTAwSA.jpg,VgE4Eu-9aTAwSA,"Jesus is Stripped of His Garments, Tenth Station of the Via Crucis",Unknown,Projeto Portinari,/asset/jesus-is-stripped-of-his-garments-tenth-station-of-the-via-crucis/VgE4Eu-9aTAwSA,https://lh3.googleusercontent.com/ci/AL18g_QiNLvPF8YH2IeO5smTMzRmKo7pG0OVYHgfERItiyGSU86UmZEOpifr2dTMicMFfDmgjNwpxr-s=w128-h128-c,#dcbcc6,220,188,198,0.79577756,RED,#D50000,213,0,0,9
AAFnNLiJoAzINQ.jpg,AAFnNLiJoAzINQ,Peasant Women,Unknown,The State Russian Museum,/asset/peasant-women/AAFnNLiJoAzINQ,https://lh3.googleusercontent.com/ci/AL18g_R2qiaueu3Ih0N_MJ8w6bNVQgFpAvSG_oQyJVSbDddJZ8-S_uretJzFCl9tXQmJyEcxCP3-6Q=w128-h128-c,#e0b8b8,224,184,184,0.76421547,RED,#D50000,213,0,0,9
6AHw3XMaIui-zA.jpg,6AHw3XMaIui-zA,Passing Angel; A Life; Summer Diary,Unknown,Peabody Essex Museum,/asset/passing-angel-a-life-summer-diary/6AHw3XMaIui-zA,https://lh3.googleusercontent.com/ci/AL18g_SYf3LIpkjcsCBK0g3umjpKN8o-3RjB_CJ-uZttYFOCgqWm_eLT6IPcImB-qYuygtzCHCpnTQ=w128-h128-c,#e0b8b8,224,184,184,1.5158077,RED,#D50000,213,0,0,9
8gHzfZtQ1OC67w.jpg,8gHzfZtQ1OC67w,"Black Roses, Rocks on the Road",Unknown,MAC-Lima,/asset/black-roses-rocks-on-the-road/8gHzfZtQ1OC67w,https://lh3.googleusercontent.com/ci/AL18g_T2J8C5zU0X0812k2lN2lUcBP4r91cdo7a840yc1hbPPwrkHxI_ruDV5BCwnSEayL8NCPADnw=w128-h128-c,#e0bbb8,224,187,184,1.2400794,RED,#D50000,213,0,0,9
VQFaPaodHEG9kw.jpg,VQFaPaodHEG9kw,The Saint Anne Altarpiece: Saint Anne with the Virgin and Child [middle panel],Gerard David and Workshop,"National Gallery of Art, Washington DC",/asset/the-saint-anne-altarpiece-saint-anne-with-the-virgin-and-child-middle-panel-gerard-david-and-workshop/VQFaPaodHEG9kw,https://lh3.googleusercontent.com/ci/AL18g_TBYRUy2pySNQGKDMX-QWuU0x0KXSaqX34aSbiKHTViseFXshTF_tWUpl5kEX4APxgUF1n4M_U=w128-h128-c,#e0beb8,224,190,184,0.40600586,RED,#D50000,213,0,0,9
CAGSUtTmA2Y2sA.jpg,CAGSUtTmA2Y2sA,Self-portrait,Rita Angus,Te Papa,/asset/self-portrait-rita-angus/CAGSUtTmA2Y2sA,https://lh3.googleusercontent.com/ci/AL18g_Qv1ThoGdun5Z8Et8IG-41K36LM3AKP9OAnvFLieWk34ra9T21LwkiDLkLyOV83LQbobgWk7kY=w128-h128-c,#e0b8b8,224,184,184,0.58365595,RED,#D50000,213,0,0,9
zAERsW3ZXiCzKQ.jpg,zAERsW3ZXiCzKQ,Portrait of Maria Amélia Whitaker de Queiroz,Unknown,Projeto Portinari,/asset/portrait-of-maria-amélia-whitaker-de-queiroz/zAERsW3ZXiCzKQ,https://lh3.googleusercontent.com/ci/AL18g_RSBqoiqeSC-beryZDMzJyQF-epTNq_Al5HocQOznu0f-L-1jOuY54LneAmTrob56hSj_hNQA=w128-h128-c,#e0b8b8,224,184,184,0.8098264,RED,#D50000,213,0,0,9
IgEBRFsY8Z4lmQ.jpg,IgEBRFsY8Z4lmQ,The Holy Family with Saints Elizabeth and John the Baptist,"Peter Paul Rubens (Flemish, 1577–1640)",The Art Institute of Chicago,/asset/the-holy-family-with-saints-elizabeth-and-john-the-baptist-peter-paul-rubens-flemish-1577–1640/IgEBRFsY8Z4lmQ,https://lh3.googleusercontent.com/ci/AL18g_Td4kJDzF56aCXq0wLRENLn_GOkySByHoRl1xF8v3JWrljr5OLPqaWnBeTMtMzyzJ7PyPLOI84=w128-h128-c,#e0b8b8,224,184,184,0.79866666,RED,#D50000,213,0,0,9
cgHHbDQ1vni75w.jpg,cgHHbDQ1vni75w,Peasant in Rome,Arcadi Mas i Fondevila,"Museu Nacional d'Art de Catalunya - MNAC, Barcelona",/asset/peasant-in-rome-arcadi-mas-i-fondevila/cgHHbDQ1vni75w,https://lh3.googleusercontent.com/ci/AL18g_R7tltIJwW_Sc7ExyIIG6A_V8j-HtcJeDGnGjmM7nZjxu-OntOgjLziiKSgbPwIU4sZ8YI3EPk=w128-h128-c,#e0b8b8,224,184,184,0.7507272,RED,#D50000,213,0,0,9
6gFdV6uBPzs-Hw.jpg,6gFdV6uBPzs-Hw,"Icon, St. George the Dragon Slayer.",Anonymous,"National Center of Folk Culture ""Ivan Honchar Museum""",/asset/icon-st-george-the-dragon-slayer-anonymous/6gFdV6uBPzs-Hw,https://lh3.googleusercontent.com/ci/AL18g_SCZxqkdMDr-Wue8dHI_JHyJT2O3xd6JUXqsuW_j7Es0Ys45ncJ8hBlPXYgXEiZyifuUqHKiMU=w128-h128-c,#e0c2b8,224,194,184,0.7566222,RED,#D50000,213,0,0,9
CgFHoNawzsFfwA.jpg,CgFHoNawzsFfwA,"Leconte's Rebels, July, 1911 (Les Cacos de Loconte, Juillet, 1911)",Philomé Obin,Milwaukee Art Museum,/asset/leconte-s-rebels-july-1911-les-cacos-de-loconte-juillet-1911-philomé-obin/CgFHoNawzsFfwA,https://lh3.googleusercontent.com/ci/AL18g_Sj4jKNs5eHqo03Vh1l3s2MmtiEMC4FJsFxAf6XtHbytQaznbppVyWh1sjbB_ckuNtsquO62a4=w128-h128-c,#e0b8b8,224,184,184,1.49575,RED,#D50000,213,0,0,9
vwHca_a-ogTKhg.jpg,vwHca_a-ogTKhg,Nosangun,Suh Yongsun,Korean Art Museum Association,/asset/nosangun-suh-yongsun/vwHca_a-ogTKhg,https://lh3.googleusercontent.com/ci/AL18g_SMlGOe23Ey_DxXOXxuXkNxH4IkwQXJDAKBmP5KrSV4tDSdd_jQjctjoC8xy3nK6wj0sawDqjPZ=w128-h128-c,#e0b9b8,224,185,184,0.749,RED,#D50000,213,0,0,9
zwHEEI8Ocjrb_A.jpg,zwHEEI8Ocjrb_A,The Adoration of the Magi with Saint Anthony Abbot,Franco-Flemish Master,The J. Paul Getty Museum,/asset/the-adoration-of-the-magi-with-saint-anthony-abbot-franco-flemish-master/zwHEEI8Ocjrb_A,https://lh3.googleusercontent.com/ci/AL18g_T9Y1yWxlsvLKzLwydxTApjhV7Tby4UgV22F8mkCSBWqQ3H3GM1OiPdZdkmlv_ZbjZu3Sha7g-R=w128-h128-c,#e0beb8,224,190,184,1.9301056,RED,#D50000,213,0,0,9
ewFQqDu2tYgvyg.jpg,ewFQqDu2tYgvyg,Portrait of a Woman,Robert Rafailovich Falk,Museum of Fine Arts of Tatarstan,/asset/portrait-of-a-woman-robert-rafailovich-falk/ewFQqDu2tYgvyg,https://lh3.googleusercontent.com/ci/AL18g_RkWMLhRI01FVSAk-gOaTNga5Ghad_bcHZ9CgrwBd5c-HTE3fAOKtd4xeg5QDfU2jknbGuppVg=w128-h128-c,#e0b8bd,224,184,189,1.1157771,RED,#D50000,213,0,0,9
WAGjEYFx_yCjFw.jpg,WAGjEYFx_yCjFw,Self-Portrait with Fish and Cat,Joan Brown,Crystal Bridges Museum of American Art,/asset/self-portrait-with-fish-and-cat-joan-brown/WAGjEYFx_yCjFw,https://lh3.googleusercontent.com/ci/AL18g_SakEmTcW04VZsyRUrORXcOoVh52sEohFBsVjIo-8yyYLFPIoXEfDBVEiHDK84lyu1QmNjFst0=w128-h128-c,#e0b9b8,224,185,184,0.50223017,RED,#D50000,213,0,0,9
jwHDtuyOK8OR7w.jpg,jwHDtuyOK8OR7w,Dance attempt,Christian Rohlfs,Oldenburg State Museum for Art and Cultural History,/asset/dance-attempt-christian-rohlfs/jwHDtuyOK8OR7w,https://lh3.googleusercontent.com/ci/AL18g_RxAA0XO7E0wWakokxMLfP115tlAi1XLQ522ovtVVyfHpJQGP9es_KYONeeIkuk9ZR6Q4OrAew=w128-h128-c,#e0b8b8,224,184,184,0.79616547,RED,#D50000,213,0,0,9
3AFrMIyUAeXczQ.jpg,3AFrMIyUAeXczQ,Beale Street Blues,Palmer C. Hayden,The Museum of African American Art,/asset/beale-street-blues-palmer-c-hayden/3AFrMIyUAeXczQ,https://lh3.googleusercontent.com/ci/AL18g_TdXU4FWs1_7eXJd7Lj57IS5vLZbIc-7dD8L-G4-P7H9U-euw_HSMCpIi1YFIRm2-0V5MboCgg=w128-h128-c,#e0b8b8,224,184,184,1.3255906,RED,#D50000,213,0,0,9
DgENoeuegiSUGg.jpg,DgENoeuegiSUGg,PH-1007,Clyfford Still,Clyfford Still Museum,/asset/ph-1007-clyfford-still/DgENoeuegiSUGg,https://lh3.googleusercontent.com/ci/AL18g_R_iPihWE6BMMC28tpxbQkqqzh93UOjE7nJlqRwBa11Mngw8Q0SluklVWrI7i0KeKP6IqsW2rvr=w128-h128-c,#e0b8b8,224,184,184,0.8528994,RED,#D50000,213,0,0,9
fQEwkTXnkMvdnQ.jpg,fQEwkTXnkMvdnQ,Blood Covering,Ameh Egwuh,Rele Arts Foundation,/asset/blood-covering-ameh-egwuh/fQEwkTXnkMvdnQ,https://lh3.googleusercontent.com/ci/AL18g_SS4QWp2eLv8Ubm77GTBrblYmChpQSKDFeVlYbClkEXe1SG8B9UoSnqbgNkNZCDJIFfyUWWVw=w128-h128-c,#e0b8bd,224,184,189,0.75452524,RED,#D50000,213,0,0,9
cwH0EQ7hEaRWcg.jpg,cwH0EQ7hEaRWcg,Portrait of Berta Singerman,Carlos Mérida,MALBA – Museo de Arte Latinoamericano de Buenos Aires,/asset/portrait-of-berta-singerman-carlos-mérida/cwH0EQ7hEaRWcg,https://lh3.googleusercontent.com/ci/AL18g_QDBcwEYJqFDfOvdTUpSv5kIWSvrezoFhn1AS66wclqAb_te5f3n_7H1hCpFPq0TnNSGmL9b4Q=w128-h128-c,#e0b8b8,224,184,184,0.83986264,RED,#D50000,213,0,0,9
2QEV9qyK7rExGw.jpg,2QEV9qyK7rExGw,Portrait of a Girl,Dimitar Dobrovich (1816 - 1905),National Gallery of Bulgaria,/asset/portrait-of-a-girl-dimitar-dobrovich-1816-1905/2QEV9qyK7rExGw,https://lh3.googleusercontent.com/ci/AL18g_RW98q3GIYLJEO9td7VBnXNj8JPsrkcE9T-bRBixhcWBkX4L8yGftqXqx1g7d6FV2c-YcdUWFQB=w128-h128-c,#e0bbb8,224,187,184,0.7732214,RED,#D50000,213,0,0,9
aAECKaRv3qJK2g.jpg,aAECKaRv3qJK2g,The discovery of the land,Candido Portinari,Museu de Valores do Banco Central do Brasil,/asset/the-discovery-of-the-land-candido-portinari/aAECKaRv3qJK2g,https://lh3.googleusercontent.com/ci/AL18g_T9xTDEQ2aEFkt5exWaTnK4yG33y2n2IMKojrK4QHQBdcgTaKYqHXtSrtlSqJCsyeCzTS2XL8UP=w128-h128-c,#e0c2b8,224,194,184,0.839107,RED,#D50000,213,0,0,9
uwHITZTxowdh0w.jpg,uwHITZTxowdh0w,Multiplied,Philip Guston,Buffalo AKG Art Museum,/asset/multiplied-philip-guston/uwHITZTxowdh0w,https://lh3.googleusercontent.com/ci/AL18g_TxRDWAoBHz5tEuuItIce2azgheTZCuP0XU0E-HUorBgQ7joJQziKLz55HJy4bdAfT_ULNEgw=w128-h128-c,#e0bbb8,224,187,184,1.2163367,RED,#D50000,213,0,0,9
2QFF-1uQ2J023Q.jpg,2QFF-1uQ2J023Q,Portrait of Hetman Petro Konashevych-Sahaidachnyi,Havrylo Vasko,National Museum of the History of Ukraine,/asset/portrait-of-hetman-petro-konashevych-sahaidachnyi-havrylo-vasko/2QFF-1uQ2J023Q,https://lh3.googleusercontent.com/ci/AL18g_SvP1BIBTJYQs37rXeMCd1XrpRnkuTaJ7G4LakcJDdndK_pcyPBr9fNBiv978mXIkJyU_lXOv4=w128-h128-c,#e0b8b8,224,184,184,0.689465,RED,#D50000,213,0,0,9
xAFJ4iT6S0rD5w.jpg,xAFJ4iT6S0rD5w,The Florentines,Alfred H. Maurer,The Phillips Collection,/asset/the-florentines-alfred-h-maurer/xAFJ4iT6S0rD5w,https://lh3.googleusercontent.com/ci/AL18g_QYq39OezgPGpglQZSsDeVchCwB_hXJ_ucFI3LkE-S6l-x0nM6zL2elTvm4M7nayRMBqFFnxnE=w128-h128-c,#e0b8b8,224,184,184,0.69625,RED,#D50000,213,0,0,9
JQFu4kWg1chUdA.jpg,JQFu4kWg1chUdA,Baigneuses [Bathers],Vicente do Rego Monteiro,MAM Rio,/asset/baigneuses-bathers-vicente-do-rego-monteiro/JQFu4kWg1chUdA,https://lh3.googleusercontent.com/ci/AL18g_R7SzaEPvtdZJVCp_f5nUwg5IFbovgKHTgJ-AadiHPLF7y2nxw9F3i3mpUODH2QZKsSm53bdGSJ=w128-h128-c,#e0b8b8,224,184,184,1.1004714,RED,#D50000,213,0,0,9
ZgFOyokAQW25lA.jpg,ZgFOyokAQW25lA,Maiden with a bunch of flowers,Federico Zandomeneghi,"Pinacoteca Metropolitana ""Corrado Giaquinto""",/asset/maiden-with-a-bunch-of-flowers-federico-zandomeneghi/ZgFOyokAQW25lA,https://lh3.googleusercontent.com/ci/AL18g_T4dGnbyEpLFtmag2Fp0RCn-XwaTE5tv2E-vURQu4Q272apb2wkRkR7-gStZDWsf07n1Pzw5Q=w128-h128-c,#e0b8b8,224,184,184,1.178,RED,#D50000,213,0,0,9
DQETMsSzQimK4Q.jpg,DQETMsSzQimK4Q,Inventio,Laureano Cao Cordido,The Catedral de Santiago Foundation,/asset/inventio-laureano-cao-cordido/DQETMsSzQimK4Q,https://lh3.googleusercontent.com/ci/AL18g_RFNQmruxLZAmtf7mICQBRI7ugjU9fr4KYbeoq9Y1-OGB7Q-V9p3mr0zEoW24DgARThSzmnR-U=w128-h128-c,#e0c2b8,224,194,184,0.72299653,RED,#D50000,213,0,0,9
dgEY_-bJgCcpVQ.jpg,dgEY_-bJgCcpVQ,Mountain,Yoo Youngkuk,"National Museum of Modern and Contemporary Art, Korea",/asset/mountain-yoo-youngkuk/dgEY_-bJgCcpVQ,https://lh3.googleusercontent.com/ci/AL18g_RBXW5dAYPASzcAsEys7U8_UyDZTLkc_ka-4EAoNPnZj_9uzZ8FpJHrx5TnmbBbqecmJqYdM78=w128-h128-c,#e0b8b8,224,184,184,1.0014948,RED,#D50000,213,0,0,9
HgF6qeoDONtWpw.jpg,HgF6qeoDONtWpw,"Icon, Christ the Pantocrator.",Anonymous,"National Center of Folk Culture ""Ivan Honchar Museum""",/asset/icon-christ-the-pantocrator-anonymous/HgF6qeoDONtWpw,https://lh3.googleusercontent.com/ci/AL18g_S4a83a_n6_NdvwN_kshL-LdX6KgUOeLv0t5aVIxevKVq-CMOBrJ-ifjeArbq6vQBYhf-P8Haw=w128-h128-c,#e0b8b8,224,184,184,0.7344025,RED,#D50000,213,0,0,9
mwH_UI7O0DpkvQ.jpg,mwH_UI7O0DpkvQ,Control Tower,Jeffrey SMART,Art Gallery of South Australia,/asset/control-tower-jeffrey-smart/mwH_UI7O0DpkvQ,https://lh3.googleusercontent.com/ci/AL18g_QqoF35ZRJhBXxaIQea3Le3rTzR85Md1AkfxSUCJQnZvMSIkuhGUGY8S0OruCPjkZDNWxfdOgxw=w128-h128-c,#e0c2b8,224,194,184,0.7797779,RED,#D50000,213,0,0,9
BwEMkgL7Fgwu4Q.jpg,BwEMkgL7Fgwu4Q,The Expulsion from Paradise,Unknown,MAC-Lima,/asset/the-expulsion-from-paradise/BwEMkgL7Fgwu4Q,https://lh3.googleusercontent.com/ci/AL18g_RNqL3sOLYi5dQLo_m__4XymzgrfK8MZpeRjiGEP-TduIEeL71fV0i8IuZ7Wl12zcFA7AVAU98=w128-h128-c,#e0b8bd,224,184,189,1.0883762,RED,#D50000,213,0,0,9
zwFNwXbLmMg1-Q.jpg,zwFNwXbLmMg1-Q,Four Calaveras,Patssi Valdez,The Mexican Museum,/asset/four-calaveras-patssi-valdez/zwFNwXbLmMg1-Q,https://lh3.googleusercontent.com/ci/AL18g_TzmFwQhLnfzLIKfDRVHAePCwW1PkJdk0PL3vsc60b71lBX50782i5h9dliot38FqRmubsG9w=w128-h128-c,#e0bbb8,224,187,184,0.73200995,RED,#D50000,213,0,0,9
KgFtaOb5OzUo2A.jpg,KgFtaOb5OzUo2A,Cosimo I de’ Medici as San Damiano,Giorgio Vasari,Palazzo Vecchio Museum,/asset/cosimo-i-de’-medici-as-san-damiano-giorgio-vasari/KgFtaOb5OzUo2A,https://lh3.googleusercontent.com/ci/AL18g_RA33I6CasoiOg23Ke_TEoSJwdn_ROkAdS7pXLkU239biXez4hVgl8DnsOYOTMs2zBBv_g-ieo=w128-h128-c,#e0b8b8,224,184,184,0.37351853,RED,#D50000,213,0,0,9
qQEzJl05fPwjQA.jpg,qQEzJl05fPwjQA,Relación de formas,Unknown,"Museo de Arte Contemporáneo Ateneo de Yucatán, MACAY, Fernando García Ponce",/asset/relación-de-formas/qQEzJl05fPwjQA,https://lh3.googleusercontent.com/ci/AL18g_TqLgiXuMb9l4uKr4dpQEJid4KHoMonXV3LkImDxK21wPyFymX4Y8JRKLQQLYplHuR5welSPHA=w128-h128-c,#e0b8be,224,184,190,0.80475,RED,#D50000,213,0,0,9
xgHLxcjkKuiccw.jpg,xgHLxcjkKuiccw,Still Life with Red Wine,Roy Lichtenstein,Sezon Museum of Modern Art,/asset/still-life-with-red-wine-roy-lichtenstein/xgHLxcjkKuiccw,https://lh3.googleusercontent.com/ci/AL18g_RkLE3pKwmXo1ht6_DwSL56QU6RDhXLmJxWFrbb__r6iEcK9QN-Wvbjo1HIdnEjm7GBDxnhECw=w128-h128-c,#e0b8b8,224,184,184,0.60144305,RED,#D50000,213,0,0,9
HgHTofNW5aDB9w.jpg,HgHTofNW5aDB9w,Artist.,Unknown,NASA,/asset/artist/HgHTofNW5aDB9w,https://lh3.googleusercontent.com/ci/AL18g_S4x2Vdwi4fx730AMTGChdaOrpLjpZGgmaamDVKwANPKYt9mZXnAdrYk725bXakLgvzu7_xsns=w128-h128-c,#e0b8b8,224,184,184,1.5,RED,#D50000,213,0,0,9
4QHG82L6SjjDaw.jpg,4QHG82L6SjjDaw,Untitled,Fateh Moudarres,Atassi Foundation for Art and Culture,/asset/untitled-fateh-moudarres/4QHG82L6SjjDaw,https://lh3.googleusercontent.com/ci/AL18g_RDd7B8cAhZIaXevrro_vbceNJnmRBPpCB9w6QkGvuQq4WF8GLoS2Dca1_JZe1P9a_2dLukmp4=w128-h128-c,#e0c2b8,224,194,184,0.79461986,RED,#D50000,213,0,0,9
3wFXsYqmoLj9UA.jpg,3wFXsYqmoLj9UA,PH-1034,Clyfford Still,Clyfford Still Museum,/asset/ph-1034-clyfford-still/3wFXsYqmoLj9UA,https://lh3.googleusercontent.com/ci/AL18g_SX74-6OhG3PI2DeTq_5rerpdqLF6L7_i6xeHYwu3PWWndK5VGIxdfsoku2V-WIfC0-uLdyLGc=w128-h128-c,#e0b8b8,224,184,184,0.85402584,RED,#D50000,213,0,0,9
3QHzjTx6WvHxNQ.jpg,3QHzjTx6WvHxNQ,In and Out of Story,Unknown,Peabody Essex Museum,/asset/in-and-out-of-story/3QHzjTx6WvHxNQ,https://lh3.googleusercontent.com/ci/AL18g_RqiLqWPMuiNMvlI5H49sFfxZhmZ09nYPHaSKh66GNMjkGJIIKB7r8ixBGI6Jsv1tCRL4jBajpn=w128-h128-c,#e0b8b8,224,184,184,0.75314283,RED,#D50000,213,0,0,9
JgFRt7QW4zMR-Q.jpg,JgFRt7QW4zMR-Q,Roller Coaster,Rafael Silveira,Oscar Niemeyer Museum,/asset/roller-coaster-rafael-silveira/JgFRt7QW4zMR-Q,https://lh3.googleusercontent.com/ci/AL18g_RCES1UQanngDhTgK9QHffCDydekSFmiyC7td-jEQQD03XVI4F5UfO4HH8GElqR6MH7s_HRSQ=w128-h128-c,#e0c2b8,224,194,184,0.666,RED,#D50000,213,0,0,9
IgFIkzAdMcXkfQ.jpg,IgFIkzAdMcXkfQ,Pink Dress,Uman,Shah Garg Foundation,/asset/pink-dress-uman/IgFIkzAdMcXkfQ,https://lh3.googleusercontent.com/ci/AL18g_Q_Q5RgLGoQc5NRodT0KbJ9Nhpzsqi6TSC3ueYtm-DnE02Nsc041V2sceXqWmjOoMEmo-6kFJI=w128-h128-c,#e0b8b8,224,184,184,1.0016981,RED,#D50000,213,0,0,9
BQGy0YzUymSjwQ.jpg,BQGy0YzUymSjwQ,Bench and Tropical Plants,Unknown,Projeto Portinari,/asset/bench-and-tropical-plants/BQGy0YzUymSjwQ,https://lh3.googleusercontent.com/ci/AL18g_RTMM_JqvZ60qrTomfsASR_j8u2-IKd6Djr23SQGtp51nvfLCtXFzFf007Kwg0L6jETBEwCjnA=w128-h128-c,#e0b8b8,224,184,184,1.9480838,RED,#D50000,213,0,0,9
ZgFdXARnaW-hLQ.jpg,ZgFdXARnaW-hLQ,Homenaje a una reliquia,Enrique Grau,The Tertulia Museum,/asset/homenaje-a-una-reliquia-enrique-grau/ZgFdXARnaW-hLQ,https://lh3.googleusercontent.com/ci/AL18g_S6OtEBQc5G3f7h9an_JUB7LNmdS3PHFmr7cA65fhu0Xo2sodpYgGHBnVRFRxLabUHyywdMdg=w128-h128-c,#e0bfb8,224,191,184,1.1452367,RED,#D50000,213,0,0,9
GQGTyMzwFpmEjg.jpg,GQGTyMzwFpmEjg,Wedding in the Country,Unknown,Projeto Portinari,/asset/wedding-in-the-country/GQGTyMzwFpmEjg,https://lh3.googleusercontent.com/ci/AL18g_RHp70xHQ8BTQrxFdph5sVbkje5j7ot9vrAUnZPnnfCmhdND7V48lA-sENoc1nOfog1mIZlD00=w128-h128-c,#e0bfb8,224,191,184,1.1755192,RED,#D50000,213,0,0,9
TAHig3hIzRae8A.jpg,TAHig3hIzRae8A,Living Fire,Ociepka Teofil,The State Ethnographic Museum in Warsaw,/asset/living-fire-ociepka-teofil/TAHig3hIzRae8A,https://lh3.googleusercontent.com/ci/AL18g_QNC3E0HXn9S83h10Ce3GF7w7zViD5F_iQjpI65-HwKIiiWEHBK2MWgCrXtbSaiE7R2-3So4A=w128-h128-c,#e0b8b8,224,184,184,1.3139001,RED,#D50000,213,0,0,9
sQEUoUVcfbQktg.jpg,sQEUoUVcfbQktg,Pintura,Unknown,Museo Nacional de Bellas Artes de Argentina,/asset/pintura/sQEUoUVcfbQktg,https://lh3.googleusercontent.com/ci/AL18g_SriFZ4TW8KcUeJ02EHkkWU3V4JAtzNSIoHxQRwTuiCNKZYqsCEQFQv3igK3WSg5PnDJZhsyg=w128-h128-c,#e0c1b8,224,193,184,0.6595099,RED,#D50000,213,0,0,9
nQGQXoTwlo-RRQ.jpg,nQGQXoTwlo-RRQ,Painterly Architectonic,Lyubov Popova,National Galleries Scotland: Modern,/asset/painterly-architectonic-lyubov-popova/nQGQXoTwlo-RRQ,https://lh3.googleusercontent.com/ci/AL18g_Te8FjOaKsD5AFvuBcBOdf9oC-zhnjTRaECTx230zrOFaVAdV2_mL42Ygw1jBjidQYmq9l3m7l6=w128-h128-c,#e0beb8,224,190,184,0.65631646,RED,#D50000,213,0,0,9
agFvsAYicUFPdQ.jpg,agFvsAYicUFPdQ,Self-portrait with hat and veil,Paula Modersohn-Becker,Kunstmuseum,/asset/self-portrait-with-hat-and-veil-paula-modersohn-becker/agFvsAYicUFPdQ,https://lh3.googleusercontent.com/ci/AL18g_Rlu8yHlW6B1Jsd8tNxcMwQsS7hTxogMcW5o1NK0Ei85ZlEB-PtoGzeilsmpZN4U_wAbs9Xfg=w128-h128-c,#e0b8b8,224,184,184,0.830442,RED,#D50000,213,0,0,9
HQGbeYAscsPDiA.jpg,HQGbeYAscsPDiA,"Icon, St. Nicholas.",Anonymous,"National Center of Folk Culture ""Ivan Honchar Museum""",/asset/icon-st-nicholas-anonymous/HQGbeYAscsPDiA,https://lh3.googleusercontent.com/ci/AL18g_R7nMt8JuK_9mS-E0TUMHzcPF-Q_9r1WyHzMa63dua3lw0G_DV5sxwjAhv4ck__bkETk0OEaW-V=w128-h128-c,#e0b8b8,224,184,184,0.787526,RED,#D50000,213,0,0,9
NwGMcuMyXqfEkw.jpg,NwGMcuMyXqfEkw,Page Boy at Maxim's,Chaïm Soutine,Buffalo AKG Art Museum,/asset/page-boy-at-maxim-s-chaïm-soutine/NwGMcuMyXqfEkw,https://lh3.googleusercontent.com/ci/AL18g_Sku6vO4WtqcZ7FvsEaLQYK28q17Fd4dOnHJmGmG0pQSejSIp1wWSZFKW7voumZ05suwmBsTUI=w128-h128-c,#e0b8b8,224,184,184,0.5083282,RED,#D50000,213,0,0,9
