filename,asset_id,title,artist,museum,asset_path,thumbnail_url,dominant_hex,dom_r,dom_g,dom_b,aspect_ratio,color_label,color_hex,color_r,color_g,color_b,color_value
egEsaSX979J8mw.jpg,egEsaSX979J8mw,"Symphony in White, No. 1: The White Girl",James McNeill Whistler,"National Gallery of Art, Washington DC",/asset/symphony-in-white-no-1-the-white-girl-james-mcneill-whistler/egEsaSX979J8mw,https://lh3.googleusercontent.com/ci/AL18g_S19gT2tl23VKiLh_xKkdfKjxw-rGMMn-93p5709w2eGbguYMf_YbGgZBdsKDLpMU-pUAQAtA=w128-h128-c,#dcd3bc,220,211,188,0.49874234,WHITE,#FFFFFF,255,255,255,0
_gEOHIMEsC_EQg.jpg,_gEOHIMEsC_EQg,Summer evening on Skagen Sønderstrand,Peder Severin Krøyer,Skagens Museum,/asset/summer-evening-on-skagen-sønderstrand-peder-severin-krøyer/_gEOHIMEsC_EQg,https://lh3.googleusercontent.com/ci/AL18g_S94rZ2FGFdeKa8IozKK7HagNO5fqFFNoag_M_f3qSln8w3IT4Zp3fceyoXOd2f55CEAjbVaA=w128-h128-c,#dcd3bc,220,211,188,1.536754,WHITE,#FFFFFF,255,255,255,0
nAF-iUwGNXFdNA.jpg,nAF-iUwGNXFdNA,A View from Dosseringen near the Sortedam Lake Looking towards the Suburb Nørrebro outside Copenhagen,Christen Købke,SMK - Statens Museum for Kunst,/asset/a-view-from-dosseringen-near-the-sortedam-lake-looking-towards-the-suburb-nørrebro-outside-copenhagen-christen-købke/nAF-iUwGNXFdNA,https://lh3.googleusercontent.com/ci/AL18g_TpFjrdfZXvxP1gE-pd-tVl1GagSzU2FPzvFQMtz4AvN0zEzIZl-KQWAKJQbCBqBbX35ox6HQ=w128-h128-c,#e9e2cc,233,226,204,1.3762755,WHITE,#FFFFFF,255,255,255,0
5QGb1iFy1OuvgA.jpg,5QGb1iFy1OuvgA,The Cornfield,John Constable,"The National Gallery, London",/asset/the-cornfield-john-constable/5QGb1iFy1OuvgA,https://lh3.googleusercontent.com/ci/AL18g_RpSR-UAQvEQY8uup6mebYgATX9OQv_lg6a2rYlG-UcrxM7A5YpCAsBebB_QztKymvDVixj=w128-h128-c,#dcd3bc,220,211,188,0.8916846,WHITE,#FFFFFF,255,255,255,0
GgE8CbhnqhxFVg.jpg,GgE8CbhnqhxFVg,Frosty sunrise,Elioth Gruner,Art Gallery of New South Wales,/asset/frosty-sunrise-elioth-gruner/GgE8CbhnqhxFVg,https://lh3.googleusercontent.com/ci/AL18g_Q-jKTDTIMIuo9-VIGr1sfK-8JDaIWNm0nIpq3yix0piMf1tOCxNP1xKxBOFOzzwZYzR9ZsuQ=w128-h128-c,#dcd3bc,220,211,188,1.078516,WHITE,#FFFFFF,255,255,255,0
LQHOj97opxuVzg.jpg,LQHOj97opxuVzg,The violist,Almeida Júnior,Museu de Arte Moderna de São Paulo - MAM São Paulo,/asset/the-violist-almeida-júnior/LQHOj97opxuVzg,https://lh3.googleusercontent.com/ci/AL18g_So0WznxxFipUSy7msS1cYnV-bz71ER-GZpl9KkoSeCmmNPjKkpUjYkl1Z9X3ALFheKHQKRtDw=w128-h128-c,#ffffff,255,255,255,1.4980927,WHITE,#FFFFFF,255,255,255,0
_QHkhfnDU4FHBQ.jpg,_QHkhfnDU4FHBQ,"Boston Harbor, Sunset",Fitz Henry Lane,Los Angeles County Museum of Art,/asset/boston-harbor-sunset-fitz-henry-lane/_QHkhfnDU4FHBQ,https://lh3.googleusercontent.com/ci/AL18g_Qf6bhQzVsUZfuHdoBZz_ROylcifguhSrwxsyHsdIdwzEfN-z_Ouh353g0aZqc99jPOpmgjo8I=w128-h128-c,#e9e2cc,233,226,204,1.6461165,WHITE,#FFFFFF,255,255,255,0
0gFycfnB-HorCA.jpg,0gFycfnB-HorCA,Washing on the Ice,Pekka Halonen,Ateneum Art Museum,/asset/washing-on-the-ice-pekka-halonen/0gFycfnB-HorCA,https://lh3.googleusercontent.com/ci/AL18g_TtDuiQzQIixOyVQrMwqdJeH-_L-L0G7qyWBRIU70ktha3dWnPBc-qnCXOB1-Z-iOM5vaYl9A=w128-h128-c,#e9e2cc,233,226,204,1.4104372,WHITE,#FFFFFF,255,255,255,0
HAE6GfXk50UkeA.jpg,HAE6GfXk50UkeA,Self-Portrait with Raised Bare Shoulder,Egon Schiele,Leopold Museum,/asset/self-portrait-with-raised-bare-shoulder-egon-schiele/HAE6GfXk50UkeA,https://lh3.googleusercontent.com/ci/AL18g_SzmjKf6iUJhBtMpWcAcnWc7lNEvfw4PA27YlQVa27JHZodpNIAoxdT-D-BGh5hJI2veDolqg=w128-h128-c,#dcd3bc,220,211,188,0.79713035,WHITE,#FFFFFF,255,255,255,0
gQEER_1tjd7E3A.jpg,gQEER_1tjd7E3A,Winter Harmony,John Henry Twachtman,"National Gallery of Art, Washington DC",/asset/winter-harmony-john-henry-twachtman/gQEER_1tjd7E3A,https://lh3.googleusercontent.com/ci/AL18g_TFAxV9WQ7aRTCn53Fi-5osHEEwpM5JwOyonUyM2dU6KRGZxwz0ijfGJGCJooRM3oVYUvwzAyA=w128-h128-c,#ffffff,255,255,255,1.2519513,WHITE,#FFFFFF,255,255,255,0
oQHyXnDT8A4USw.jpg,oQHyXnDT8A4USw,Waiting for William,John George Brown,Chrysler Museum of Art,/asset/waiting-for-william-john-george-brown/oQHyXnDT8A4USw,https://lh3.googleusercontent.com/ci/AL18g_S_wPNxyLL2P6H0S0kz269wZUNiVeluUEgLxLjvVVhKNnv_REyJKB_JJVUKiNU_vNPu7eV8Tg=w128-h128-c,#dcd3bc,220,211,188,0.6647216,WHITE,#FFFFFF,255,255,255,0
cgFHp7W2Otp5jg.jpg,cgFHp7W2Otp5jg,Composition in Colours / Composition No. I with Red and Blue,Piet Mondrian,Museo Nacional Thyssen-Bornemisza,/asset/composition-in-colours-composition-no-i-with-red-and-blue-piet-mondrian/cgFHp7W2Otp5jg,https://lh3.googleusercontent.com/ci/AL18g_RVNq-mtJrgs_gxNSY2KTHkbOkoOtSm3esJNX5GI5OK08qERmnOdsfE1izuKSjTAKAc77Ok0io=w128-h128-c,#e9e2cc,233,226,204,0.9965288,WHITE,#FFFFFF,255,255,255,0
aAG3C6QFmVZYtg.jpg,aAG3C6QFmVZYtg,Oregon City on the Willamette River,John Mix Stanley,Amon Carter Museum of American Art,/asset/oregon-city-on-the-willamette-river-john-mix-stanley/aAG3C6QFmVZYtg,https://lh3.googleusercontent.com/ci/AL18g_TaQqfhmGq8VOyQK9QI-DDoL_0qowiIciGYqgZyc-LAV9wxtEwcSkoOoR_JtSNnR29nn9HebyA=w128-h128-c,#ffffff,255,255,255,1.5210265,WHITE,#FFFFFF,255,255,255,0
LQGQSqi9YLXWJA.jpg,LQGQSqi9YLXWJA,The West Façade of the Church of Saint Mary in Utrecht,Pieter Jansz. Saenredam,Museo Nacional Thyssen-Bornemisza,/asset/the-west-façade-of-the-church-of-saint-mary-in-utrecht-pieter-jansz-saenredam/LQGQSqi9YLXWJA,https://lh3.googleusercontent.com/ci/AL18g_Rn-qK-ZCJrjKcAvC06bJWM3WbW4Ow2kfCBSmopSNTeQ8Y5AgZJnOKSw1qwumMk_ooh6o-P-i0=w128-h128-c,#ffffff,255,255,255,0.7850932,WHITE,#FFFFFF,255,255,255,0
0AEcjdvrkjPfdg.jpg,0AEcjdvrkjPfdg,A Scene on the Ice,Hendrick Avercamp,"National Gallery of Art, Washington DC",/asset/a-scene-on-the-ice-hendrick-avercamp/0AEcjdvrkjPfdg,https://lh3.googleusercontent.com/ci/AL18g_TFQf-Do3rbZXQKoA8qCxknsjdYRJZCnaGXy5509gHsFmojHi-RgItEe4ES2x63GLm6aF7vf10=w128-h128-c,#dcd3bc,220,211,188,1.9702293,WHITE,#FFFFFF,255,255,255,0
aQGyeZjcfdFvnw.jpg,aQGyeZjcfdFvnw,Portrait of a Young Woman with a White Coif,Hans Holbein the Younger,Los Angeles County Museum of Art,/asset/portrait-of-a-young-woman-with-a-white-coif-hans-holbein-the-younger/aQGyeZjcfdFvnw,https://lh3.googleusercontent.com/ci/AL18g_RIuFk73KDfkPmWju7IGjPjP9hYbecZHbB4bGKlrv4ayRxFAchkj7Hd7uwbJ3sOl6wqEt8TAdpk=w128-h128-c,#e9e2cc,233,226,204,1.0095359,WHITE,#FFFFFF,255,255,255,0
ywELmDdrh8eM9A.jpg,ywELmDdrh8eM9A,Portrait of Princess Elisabeth of Saxony,Lucas Cranach the Younger,"Kupferstichkabinett, Staatliche Museen zu Berlin",/asset/portrait-of-princess-elisabeth-of-saxony-lucas-cranach-the-younger/ywELmDdrh8eM9A,https://lh3.googleusercontent.com/ci/AL18g_TrmV-JCXqPZ5ZoInDjgHvwHZASrooXLN0sLLLjDQwxOoouFQAJl11mt9WUkYu4KTi715xv7LY=w128-h128-c,#dcd3bc,220,211,188,0.7364,WHITE,#FFFFFF,255,255,255,0
BQFmh9LTZQl8HA.jpg,BQFmh9LTZQl8HA,In the Garden of Haminalahti,Ferdinand von Wright,Ateneum Art Museum,/asset/in-the-garden-of-haminalahti-ferdinand-von-wright/BQFmh9LTZQl8HA,https://lh3.googleusercontent.com/ci/AL18g_QMagvkhsmBosLc7KoHOOOjijzzxnNGaoJLN4xEoXuEiDcAL6xHElEAt8KPWEAO3ksaPQlNiZ4=w128-h128-c,#dcd3bc,220,211,188,1.346348,WHITE,#FFFFFF,255,255,255,0
GgGdEre_NdxkNA.jpg,GgGdEre_NdxkNA,Black Warrior (No. 18),John James Audubon,The Metropolitan Museum of Art,/asset/black-warrior-no-18-john-james-audubon/GgGdEre_NdxkNA,https://lh3.googleusercontent.com/ci/AL18g_RWUBjcpETrO8tQRkhvpnAroXlkDry8dLdQz_NLHPM5L8c1rP0Q0qFx5mI_kUIjYr8oMoEj9A=w128-h128-c,#ffffff,255,255,255,0.68573046,WHITE,#FFFFFF,255,255,255,0
TAEAgoz0ZEP-6Q.jpg,TAEAgoz0ZEP-6Q,The Five Windmills,Jacob Maris,Centraal Museum,/asset/the-five-windmills-jacob-maris/TAEAgoz0ZEP-6Q,https://lh3.googleusercontent.com/ci/AL18g_RlqsmsZXjn8E1pN3DtlzrNqW03RfY169c0UzIrKY1CkmC6yYfGA2Toty6rM6nqWFnaB1Q9cAOO=w128-h128-c,#ffffff,255,255,255,1.5855035,WHITE,#FFFFFF,255,255,255,0
ygErP9XCVo8h6Q.jpg,ygErP9XCVo8h6Q,Mill of Edam,Paul Signac,Museum Barberini,/asset/mill-of-edam-paul-signac/ygErP9XCVo8h6Q,https://lh3.googleusercontent.com/ci/AL18g_QLcOS0YzV2d083kUZ8LLzEL2j-NGA6At7EtzRSZahr9SktYS7if_WoPDuC5kRjA8N5xG0YCak=w128-h128-c,#ffffff,255,255,255,1.2435185,WHITE,#FFFFFF,255,255,255,0
nAH9PH51kUTV7g.jpg,nAH9PH51kUTV7g,Estado mayor de bufones,José Clemente Orozco,Museum of Latin American Art,/asset/estado-mayor-de-bufones-josé-clemente-orozco/nAH9PH51kUTV7g,https://lh3.googleusercontent.com/ci/AL18g_QMkFlt4bIUpe1-sxKoTvkuecYFAZleu3WT7ynCNoxvLJAiTfp6odQG-cQ__9CmYmYwC0pqGJH-=w128-h128-c,#dcd3bc,220,211,188,1.2589195,WHITE,#FFFFFF,255,255,255,0
XAEKKA1Cd1s6Vg.jpg,XAEKKA1Cd1s6Vg,Saint Werner,Master of Messkirch,Bonnefantenmuseum,/asset/saint-werner-master-of-messkirch/XAEKKA1Cd1s6Vg,https://lh3.googleusercontent.com/ci/AL18g_RjlGlcEkEyHbYzU5ZXPsSveXZ7mlH5J8fpM1KDg-HIZLPn6KJHFJX_pMxcF8TuCQbPTjyhaPk=w128-h128-c,#ffffff,255,255,255,0.6673349,WHITE,#FFFFFF,255,255,255,0
UgGfgDP1bpLz-w.jpg,UgGfgDP1bpLz-w,Summer Day on Conesus Lake,John Frederick Kensett,The Metropolitan Museum of Art,/asset/summer-day-on-conesus-lake-john-frederick-kensett/UgGfgDP1bpLz-w,https://lh3.googleusercontent.com/ci/AL18g_QQT0vGqoE6bWYm9HlxryaCth5mUXhjRgCAyNFBzkiWptbo24Hq6n7sLGQILigp5hP2VeNhbEom=w128-h128-c,#dcd3bc,220,211,188,1.5220588,WHITE,#FFFFFF,255,255,255,0
4QHRPvzeSJLPRw.jpg,4QHRPvzeSJLPRw,A Dragoon on Horseback,Édouard Detaille,The Metropolitan Museum of Art,/asset/a-dragoon-on-horseback-Édouard-detaille/4QHRPvzeSJLPRw,https://lh3.googleusercontent.com/ci/AL18g_RVSV7WRH9YOu70A6NTPqzHAF4RaPEv8j7ON3KR03Huy4mc7h_0iCNLkXQ_Ch3bWcn_O0qf8BE=w128-h128-c,#ffffff,255,255,255,0.54989386,WHITE,#FFFFFF,255,255,255,0
lQHu8cZ05mHoZg.jpg,lQHu8cZ05mHoZg,Coastal Landscape with Wreck,Peder Balke,"The National Museum of Art, Architecture and Design, Norway",/asset/coastal-landscape-with-wreck-peder-balke/lQHu8cZ05mHoZg,https://lh3.googleusercontent.com/ci/AL18g_RVW7CO_L3oQmiHI9iHM2V2DuMxcifOroYViBn5Bf1Dyqn6EiMiWi0GeqK6cGI3wfVlwyLztns=w128-h128-c,#ffffff,255,255,255,0.7008525,WHITE,#FFFFFF,255,255,255,0
2QEjbgnQo_ZsVQ.jpg,2QEjbgnQo_ZsVQ,Seated Male Nude (Self-Portrait),Egon Schiele,Leopold Museum,/asset/seated-male-nude-self-portrait-egon-schiele/2QEjbgnQo_ZsVQ,https://lh3.googleusercontent.com/ci/AL18g_RvGsGFDbaX9_ZGxC5rXBSElZCoxc80ZIpE9GxrIW4T7MniEf6A3FzzjcNbCo0B6C_TQgth2Kqq=w128-h128-c,#ffffff,255,255,255,0.9781199,WHITE,#FFFFFF,255,255,255,0
uQEcalE8ZQcTPA.jpg,uQEcalE8ZQcTPA,Scene from Ancient History,Giovanni Battista Tiepolo,"National Gallery of Art, Washington DC",/asset/scene-from-ancient-history-giovanni-battista-tiepolo/uQEcalE8ZQcTPA,https://lh3.googleusercontent.com/ci/AL18g_RuUg41rT4ce9ioVWn6GZMvVt-L9UQAMd7CH_E9lJfm2ej9zQXpODGKxg_RMJlPjs9thUmBI2s=w128-h128-c,#ffffff,255,255,255,0.79475,WHITE,#FFFFFF,255,255,255,0
yAGOAstSb0wqgQ.jpg,yAGOAstSb0wqgQ,The Disillusioned One,Ferdinand Hodler,Los Angeles County Museum of Art,/asset/the-disillusioned-one-ferdinand-hodler/yAGOAstSb0wqgQ,https://lh3.googleusercontent.com/ci/AL18g_RrqUbmihace_jCB3lhMcE2lnKeH_1mejMp-zC6ERNMlsQhpkJHYZ6HN4Wv4KKBvP_ooFz94UY_=w128-h128-c,#dcd3bc,220,211,188,0.8097826,WHITE,#FFFFFF,255,255,255,0
AQEb3r6K6YYwjQ.jpg,AQEb3r6K6YYwjQ,The Advent of Art and Culture,Giulio Aristide Sartorio,Biennale Internazionale dell'Antiquariato di Firenze,/asset/the-advent-of-art-and-culture-giulio-aristide-sartorio/AQEb3r6K6YYwjQ,https://lh3.googleusercontent.com/ci/AL18g_TqY-3OcFE3uVnoTdT1y_btHWKWKuZwYgdm4TJr_eH28ilJlp7Z2fbFDAqK1Bji0Q=w128-h128-c,#ffffff,255,255,255,2.3125482,WHITE,#FFFFFF,255,255,255,0
iAHdPxCvjahVZw.jpg,iAHdPxCvjahVZw,Portrait of Lydia Welti-Escher,Karl Stauffer-Bern,Kunsthaus Zürich,/asset/portrait-of-lydia-welti-escher-karl-stauffer-bern/iAHdPxCvjahVZw,https://lh3.googleusercontent.com/ci/AL18g_QWYkc5CnIPF-zgqLGtFW-0Rarg_LL_LWec88ps3GXZuR6uJaklNOTqUy0YtNJDBwSs7_1S=w128-h128-c,#dcd3bc,220,211,188,0.65575,WHITE,#FFFFFF,255,255,255,0
AgEz7lvryvB3MQ.jpg,AgEz7lvryvB3MQ,The Fall of the Cowboy,Frederic Remington,Amon Carter Museum of American Art,/asset/the-fall-of-the-cowboy-frederic-remington/AgEz7lvryvB3MQ,https://lh3.googleusercontent.com/ci/AL18g_QLpjgzxLlXXa0NVozz4skNbPVqBnG6nzwdUB3Ay1x44qPpYnhRJnVXCKChHbWyx9oftTM=w128-h128-c,#ffffff,255,255,255,1.4405167,WHITE,#FFFFFF,255,255,255,0
KwFo4_hiXKodhg.jpg,KwFo4_hiXKodhg,Rue Eugène Moussoir at Moret: Winter,Alfred Sisley,The Metropolitan Museum of Art,/asset/rue-eugène-moussoir-at-moret-winter-alfred-sisley/KwFo4_hiXKodhg,https://lh3.googleusercontent.com/ci/AL18g_Ryc0KxlTxdj-XdVx1oOqBxCmmrvTR35R7XpjEiyu40lZmSy3Us-1RcSAkZTMhsJBpj9Qw=w128-h128-c,#ffffff,255,255,255,1.2027198,WHITE,#FFFFFF,255,255,255,0
MQHfQZ453DV_0Q.jpg,MQHfQZ453DV_0Q,Moret in Winter,Alfred Sisley,Museum Barberini,/asset/moret-in-winter-alfred-sisley/MQHfQZ453DV_0Q,https://lh3.googleusercontent.com/ci/AL18g_TZCh_6loipb3qiJi39Cw2Ng7fcSBJubiIk_COvK-3C35pPg24DvrKJxliWcmpsVTqsFg0-xE8=w128-h128-c,#ffffff,255,255,255,1.2074074,WHITE,#FFFFFF,255,255,255,0
9AFxnVWEeG71Rg.jpg,9AFxnVWEeG71Rg,Departure,Józef Chełmoński (1849-1914),The Polish Museum in Rapperswil,/asset/departure-józef-chełmoński-1849-1914/9AFxnVWEeG71Rg,https://lh3.googleusercontent.com/ci/AL18g_QDhtbrU-u7WkXWsZrEckyYzYMgyGIiJysLIPtmd5JygeHtsPmX1wNS9qLd56UggkE7KpCIepo=w128-h128-c,#e9e2cc,233,226,204,1.9548388,WHITE,#FFFFFF,255,255,255,0
HAHkUUmkrolv_Q.jpg,HAHkUUmkrolv_Q,Small Tree in Late Autumn,Egon Schiele,Leopold Museum,/asset/small-tree-in-late-autumn-egon-schiele/HAHkUUmkrolv_Q,https://lh3.googleusercontent.com/ci/AL18g_SZnkc-k_w0CPducCR0SGdY6UaCPDmXf0rO3k62LuyXOdBQBnZQ813XmK88QArn0iTSQ4kpLg=w128-h128-c,#ffffff,255,255,255,0.79285717,WHITE,#FFFFFF,255,255,255,0
8QF2ZAGk3VnbsA.jpg,8QF2ZAGk3VnbsA,Cows in a River,Aelbert Cuyp,Dordrechts Museum,/asset/cows-in-a-river-aelbert-cuyp/8QF2ZAGk3VnbsA,https://lh3.googleusercontent.com/ci/AL18g_R6aiZB8eNODjhv3pDOJPwDUFpTSz_V13Cky0CVqjR73TPq4o2U5pOkw2t1pfxyySn7slGvig=w128-h128-c,#e9e2cc,233,226,204,1.2533797,WHITE,#FFFFFF,255,255,255,0
DwHxHGrfWDyQfQ.jpg,DwHxHGrfWDyQfQ,Pitahayas,Frida Kahlo,Madison Museum of Contemporary Art,/asset/pitahayas-frida-kahlo/DwHxHGrfWDyQfQ,https://lh3.googleusercontent.com/ci/AL18g_Q0Tjn1wXbsmaCBF9nTkR0AT9QGrOspBtDBKtuz68bECpBmv318fSszXBNk2-ziok-6JTpWtdE=w128-h128-c,#dcd3bc,220,211,188,1.2179762,WHITE,#FFFFFF,255,255,255,0
IQFtFHCgzQK7tA.jpg,IQFtFHCgzQK7tA,Study of a Dead Heron,Edwin Landseer,"The Museum of Fine Arts, Houston",/asset/study-of-a-dead-heron-edwin-landseer/IQFtFHCgzQK7tA,https://lh3.googleusercontent.com/ci/AL18g_Tsiah3lm64OshTKaLz1gIWnz8O9-neXERlC3pNAWhnr1YqO0dF2DTs77GozJqiCCuDR3PNJWkG=w128-h128-c,#e9e2cc,233,226,204,0.73905796,WHITE,#FFFFFF,255,255,255,0
WQFjZgeyf7BC2A.jpg,WQFjZgeyf7BC2A,Image of the oil portrait of Emperor Maximilian on horseback,François Aubert,Fundación Televisa Collection and Archive,/asset/image-of-the-oil-portrait-of-emperor-maximilian-on-horseback-françois-aubert/WQFjZgeyf7BC2A,https://lh3.googleusercontent.com/ci/AL18g_QjucG6Nqzs8l5gVzwOq31YC5okAR-CxTCDEaoZ6HSgXffBOQNXmlEgMQ3spQOszIXq1hg-VUcU=w128-h128-c,#e9e2cc,233,226,204,0.59672725,WHITE,#FFFFFF,255,255,255,0
-wFb9AYDDAMysQ.jpg,-wFb9AYDDAMysQ,Baía Cabrália [Cabrália Bay],Antonio Parreiras,Pinacoteca de São Paulo,/asset/baía-cabrália-cabrália-bay-antonio-parreiras/-wFb9AYDDAMysQ,https://lh3.googleusercontent.com/ci/AL18g_T0dlf1RBnHnep3s2vbtuy3LnVFD5oMa5lmHFOET2mjyBLFbjuU3yVMAaz09FqFhHhzulP7wg=w128-h128-c,#dcd3bc,220,211,188,0.7077994,WHITE,#FFFFFF,255,255,255,0
OQF5o9uJYrHQ0Q.jpg,OQF5o9uJYrHQ0Q,Scene near the Limeworks with a View of Copenhagen,Christen Købke,The Nivaagaard Collection,/asset/scene-near-the-limeworks-with-a-view-of-copenhagen-christen-købke/OQF5o9uJYrHQ0Q,https://lh3.googleusercontent.com/ci/AL18g_R9qcwUv3-pMzzFojWJQS6rsJPOQcowhcrUfpD2bj0mu349J_Kk3noEgEtXiDByRTa08Fbpf_U=w128-h128-c,#dcd3bc,220,211,188,1.6173615,WHITE,#FFFFFF,255,255,255,0
tgH25Q8sxD5yiw.jpg,tgH25Q8sxD5yiw,Out of Work or Nothing Doing,Ralph Hedley,Discovery Museum,/asset/out-of-work-or-nothing-doing-ralph-hedley/tgH25Q8sxD5yiw,https://lh3.googleusercontent.com/ci/AL18g_TU966w2GNDfmLTwAou8j05bpLUeGB_jyfAVSb3GPfZmKLPaSRrKlNBY0CBH0amTgdRpN1cGNI=w128-h128-c,#dcd3bc,220,211,188,1.4646018,WHITE,#FFFFFF,255,255,255,0
3gEClFGbH-Ge6Q.jpg,3gEClFGbH-Ge6Q,The Snow Trail,Frederic Remington,Frederic Remington Art Museum,/asset/the-snow-trail-frederic-remington/3gEClFGbH-Ge6Q,https://lh3.googleusercontent.com/ci/AL18g_TxcXvDCC_2qDhGK7hSvFRzYRjaSBprzytroQcxSqvca02o0w6kxjXdbkIEMvoMFxSt1RWB5En_=w128-h128-c,#e9e2cc,233,226,204,1.4709812,WHITE,#FFFFFF,255,255,255,0
zQGCndYM6rlcgA.jpg,zQGCndYM6rlcgA,The Mule Pack,Frederic Remington,"The Museum of Fine Arts, Houston",/asset/the-mule-pack-frederic-remington/zQGCndYM6rlcgA,https://lh3.googleusercontent.com/ci/AL18g_Ty_xP9iEbrbENHkuqmbDk7aN4mmvbK0N9pkiE6TxuRYlU-mvbz58oXd6L-SRXLCJRZZvgMGQ=w128-h128-c,#ffffff,255,255,255,1.4580802,WHITE,#FFFFFF,255,255,255,0
agEBp4wD28aSfg.jpg,agEBp4wD28aSfg,Abstraction,Piet Mondrian,Kimbell Art Museum,/asset/abstraction-piet-mondrian-and-piet-mondrian/agEBp4wD28aSfg,https://lh3.googleusercontent.com/ci/AL18g_Ttx1ckGz-zJXyqpnkOSvs1QD231CXla5oIspratkAGa3WitluuTHj7fEIHhOh2Ep7oVklbmo-o=w128-h128-c,#dcd3bc,220,211,188,0.9029813,WHITE,#FFFFFF,255,255,255,0
pwGV-JIcLQV2YA.jpg,pwGV-JIcLQV2YA,"The United States Frigate ""President"" Engaging the British Squadron, 1815",Fitz Henry Lane,"National Gallery of Art, Washington DC",/asset/the-united-states-frigate-president-engaging-the-british-squadron-1815-fitz-henry-lane/pwGV-JIcLQV2YA,https://lh3.googleusercontent.com/ci/AL18g_RKERbKs7lBI7jji7n9fnZ8Bhy0XNSOVAiLuWym2uZCezsWPQ2EsMjwOCG54vmyPMuQqewqwg=w128-h128-c,#dcd3bc,220,211,188,1.5020169,WHITE,#FFFFFF,255,255,255,0
kQGaJJxVMRVp9w.jpg,kQGaJJxVMRVp9w,Stornoway on the Isle of Lewis,William Daniell (1769-1837),National Library of Scotland,/asset/stornoway-on-the-isle-of-lewis-william-daniell-1769-1837/kQGaJJxVMRVp9w,https://lh3.googleusercontent.com/ci/AL18g_QheZBE5LnLvEItaNjIlt83woAebU0QWhkzceMOlSqWKkT7VfWH5Bubm-khAlFs9TK5aQSTsng=w128-h128-c,#dcd3bc,220,211,188,1.3157895,WHITE,#FFFFFF,255,255,255,0
_gFgRilGfghgSQ.jpg,_gFgRilGfghgSQ,Retrato do Dr. Cesário Motta,Almeida Júnior,Pinacoteca de São Paulo,/asset/retrato-do-dr-cesário-motta-almeida-júnior/_gFgRilGfghgSQ,https://lh3.googleusercontent.com/ci/AL18g_Sm4agr9E_ezzH-56V6jBgFfR6bmerjJTD3xQ-JD_QMYt6hCiRr5g9pwYIFFqxjB4nvSCH0Pb0c=w128-h128-c,#dcd3bc,220,211,188,0.8161351,WHITE,#FFFFFF,255,255,255,0
XgFKAYAF4uiDhA.jpg,XgFKAYAF4uiDhA,Villa Luigi Faccanoni,Giuseppe Sommaruga,Italia Liberty,/asset/villa-luigi-faccanoni-giuseppe-sommaruga/XgFKAYAF4uiDhA,https://lh3.googleusercontent.com/ci/AL18g_S-x3qqOqsW_q51bFYweDHqsTDUkBGymSKHt2a4c6uFCns1oYiIaiyUfAuZVby_SSC4evOqRQGf=w128-h128-c,#ffffff,255,255,255,1.5,WHITE,#FFFFFF,255,255,255,0
4gEILLMdRiMV5Q.jpg,4gEILLMdRiMV5Q,The Winter,Jacob Grimmer,"Museum of Fine Arts, Budapest",/asset/the-winter-jacob-grimmer/4gEILLMdRiMV5Q,https://lh3.googleusercontent.com/ci/AL18g_R5J1VLV4ldK89uZwQgcIKT4nRZ8Uha2_GI2LJR9Dx1ywrfJw1EXZQ6GAX5zwbLckjFZrbTZV8=w128-h128-c,#dcd3bc,220,211,188,1.6733357,WHITE,#FFFFFF,255,255,255,0
dgHfe8UTlm4ufg.jpg,dgHfe8UTlm4ufg,The Adoration of the Child,"Piero di Cosimo (Italian/Florence, 1462–1521)",The Toledo Museum of Art,/asset/the-adoration-of-the-child-piero-di-cosimo-italian-florence-1462–1521/dgHfe8UTlm4ufg,https://lh3.googleusercontent.com/ci/AL18g_R-wG95i2OyyzVJ_hWZuNMX_ZvlrHZyuA9j_ABiG5clFVArRwpy_84dhYxCIAftcfF0pvnbpg=w128-h128-c,#ffffff,255,255,255,0.8,WHITE,#FFFFFF,255,255,255,0
wQEi8Nvusp4uoA.jpg,wQEi8Nvusp4uoA,Four-horse carriage,Józef Chełmoński (1849-1914),The Polish Museum in Rapperswil,/asset/four-horse-carriage-józef-chełmoński-1849-1914/wQEi8Nvusp4uoA,https://lh3.googleusercontent.com/ci/AL18g_TXIUqN5Z7gO1pfRCa6fNAtcU75mSZLps_G6swLHI9EPufr4CwS8vcoNmmJ6jlBgH58_vNuJA=w128-h128-c,#e9e2cc,233,226,204,1.7264009,WHITE,#FFFFFF,255,255,255,0
agHTcT4RwXlghg.jpg,agHTcT4RwXlghg,Tarde em Toulon,Giovanni Battista Castagneto,Pinacoteca de São Paulo,/asset/tarde-em-toulon-giovanni-battista-castagneto/agHTcT4RwXlghg,https://lh3.googleusercontent.com/ci/AL18g_TMHTHEPzg6oCRUFx5OmiiDKfQsWTcLBFnCCsltylg2TYjSLGuPmYlhxihgL8CaOf-hRZdvmQ=w128-h128-c,#dcd3bc,220,211,188,1.699109,WHITE,#FFFFFF,255,255,255,0
nwFKjhJQ4jFTLg.jpg,nwFKjhJQ4jFTLg,Tortola Valencia and the crow,Rafael Sala Marco,Biblioteca Museu Víctor Balaguer,/asset/tortola-valencia-and-the-crow-rafael-sala-marco/nwFKjhJQ4jFTLg,https://lh3.googleusercontent.com/ci/AL18g_TQnhNQeQFxHz6xdcB_wCqqRS1vtYmGGQwriOalfBkYS01m482pmHp5448VrkQVmasAShoDVSg=w128-h128-c,#e9e2cc,233,226,204,1.0357052,WHITE,#FFFFFF,255,255,255,0
igEK2y_60zgSpA.jpg,igEK2y_60zgSpA,Untitled horse study,Frederic Remington,Frederic Remington Art Museum,/asset/untitled-horse-study-frederic-remington/igEK2y_60zgSpA,https://lh3.googleusercontent.com/ci/AL18g_RCGyBseQsjt7rO-1SKUfF7OsKEfc1SxyGDHYaHO2gs5NuPfhQVjVypw_bNwOtmvMogMEV23sA=w128-h128-c,#ffffff,255,255,255,1.4939966,WHITE,#FFFFFF,255,255,255,0
0AGQ41rsRkR05A.jpg,0AGQ41rsRkR05A,"A mountain scene, Val d'Aosta",J. M. W. Turner,National Gallery of Victoria,/asset/a-mountain-scene-val-d-aosta-j-m-w-turner/0AGQ41rsRkR05A,https://lh3.googleusercontent.com/ci/AL18g_S6FCc_-i-Jj_jD0KUzI3AIGN9jUqgzoYaPYfEKF7eZOXbWW7QUloZsAP_bjPAOGgTd7E8magM=w128-h128-c,#e9e2cc,233,226,204,1.3360357,WHITE,#FFFFFF,255,255,255,0
MgFyU_v07IV2Bg.jpg,MgFyU_v07IV2Bg,"Cairo street [or Mosque, Sultan Hassan]",Arthur STREETON,National Gallery of Australia,/asset/cairo-street-or-mosque-sultan-hassan-arthur-streeton/MgFyU_v07IV2Bg,https://lh3.googleusercontent.com/ci/AL18g_TAH0bFxNuMLhwKTbRqzGujmcF9pIaPNISCCDQ8VYlkQmZwr01RxQ7gmYs0NddpYxX3s4yBx4M=w128-h128-c,#dcd3bc,220,211,188,0.48031497,WHITE,#FFFFFF,255,255,255,0
HAFbsVPXhzyLMg.jpg,HAFbsVPXhzyLMg,Painterly Realism of a Football Player – Color Masses in the 4th Dimension,"Kazimir Malevich (Russian, born Ukraine, 1878–1935)",The Art Institute of Chicago,/asset/painterly-realism-of-a-football-player-–-color-masses-in-the-4th-dimension-kazimir-malevich-russian-born-ukraine-1878–1935/HAFbsVPXhzyLMg,https://lh3.googleusercontent.com/ci/AL18g_QBA6w5BK-UQrj_dGAfFsF6fwJGiYCnHZ1LYygrbXDQjD4CB4Mkyf6CzsxjqWKlTzJr7Huskw=w128-h128-c,#ffffff,255,255,255,0.68264705,WHITE,#FFFFFF,255,255,255,0
iwFANfFXCBa6sQ.jpg,iwFANfFXCBa6sQ,Welsh Drovers,George Baxter,Los Angeles County Museum of Art,/asset/welsh-drovers-george-baxter/iwFANfFXCBa6sQ,https://lh3.googleusercontent.com/ci/AL18g_Q3kCyRX8f7y5mrPPa9Ns-p2CuQGuI4Qt9p6_xZzFhjZB35LlsOpgX6MBVuVTJd1AKzNzZclg=w128-h128-c,#dcd3bc,220,211,188,1.6838602,WHITE,#FFFFFF,255,255,255,0
ygGhL2hiPfT_Vw.jpg,ygGhL2hiPfT_Vw,My Second Shot Sent Him Lining Out After His Brother,Frederic Remington,Frederic Remington Art Museum,/asset/my-second-shot-sent-him-lining-out-after-his-brother-frederic-remington/ygGhL2hiPfT_Vw,https://lh3.googleusercontent.com/ci/AL18g_TZuDPwqKlH0mMykuuWRDeEM8iR5WXYh7x69zttEOY_CMG4we8TGUPBS1eYD9Z8-Q2q9sZPuSx4=w128-h128-c,#ffffff,255,255,255,1.470936,WHITE,#FFFFFF,255,255,255,0
GwGeLNfTSEgo4g.jpg,GwGeLNfTSEgo4g,Standing Nude; Study for Caryatid,Amedeo Modigliani,Nagoya City Art Museum,/asset/standing-nude-study-for-caryatid-amedeo-modigliani/GwGeLNfTSEgo4g,https://lh3.googleusercontent.com/ci/AL18g_Ryc8wrgGsKbdl21WySqUMcr9BRYj9abGPrjxaI389AyWNdIFjCbIkQu94rYGMrjXRdd6iOwl8=w128-h128-c,#dcd3bc,220,211,188,0.5618118,WHITE,#FFFFFF,255,255,255,0
bgHG0NARDQEMEA.jpg,bgHG0NARDQEMEA,Harbor Scene,John Henry Twachtman,Los Angeles County Museum of Art,/asset/harbor-scene-john-henry-twachtman/bgHG0NARDQEMEA,https://lh3.googleusercontent.com/ci/AL18g_TwN5TaFkBen7egnBbZUJPZHaCdOIgo4e9vTXpz2Dh3e3gU8WncoSZND3B3s1AKpaXbxXj6PCME=w128-h128-c,#dcd3bc,220,211,188,0.9964463,WHITE,#FFFFFF,255,255,255,0
VQGvINLHAcjoYw.jpg,VQGvINLHAcjoYw,Drunken Silenus,"Jusepe de Ribera (Spanish, 1590-1652)",Indianapolis Museum of Art at Newfields,/asset/drunken-silenus-jusepe-de-ribera-spanish-1590-1652/VQGvINLHAcjoYw,https://lh3.googleusercontent.com/ci/AL18g_RekHOb4jIo5fietToaitWNctRKdTvEdgecPgUHsrclgzOtFckwvsj-Vb3H6SL04UPcFwZBgdM=w128-h128-c,#e9e2cc,233,226,204,1.2850373,WHITE,#FFFFFF,255,255,255,0
aAEJpE7kUzf_CA.jpg,aAEJpE7kUzf_CA,"Composition with Double Line and Yellow, 1932",Piet Mondrian,National Galleries Scotland: Modern,/asset/composition-with-double-line-and-yellow-1932-piet-mondrian/aAEJpE7kUzf_CA,https://lh3.googleusercontent.com/ci/AL18g_Ru-MIW7UYbJH7ZlbvlQ4qoTmm1l1FXJvXmalOJ9LmwC4rLbVd8kUg6KuROom7it-3TCf7ofmc=w128-h128-c,#dcd3bc,220,211,188,1.0015594,WHITE,#FFFFFF,255,255,255,0
cgGY1fGbTzGBbA.jpg,cgGY1fGbTzGBbA,Woman in Bed — Waking,Henri de Toulouse-Lautrec,The Courtauld Institute of Art,/asset/woman-in-bed-—-waking-henri-de-toulouse-lautrec/cgGY1fGbTzGBbA,https://lh3.googleusercontent.com/ci/AL18g_S_cj_CBCq_jxQroXWN3nVph6PXXVsAaFYT6Jv6ZqyV_Qunm8fA82jii15vb7GcZ4fUK4i1Sw=w128-h128-c,#dcd3bc,220,211,188,1.3011457,WHITE,#FFFFFF,255,255,255,0
bQFArSHhqGsy_A.jpg,bQFArSHhqGsy_A,The Jockey,Henri de Toulouse-Lautrec,Los Angeles County Museum of Art,/asset/the-jockey-henri-de-toulouse-lautrec/bQFArSHhqGsy_A,https://lh3.googleusercontent.com/ci/AL18g_RJmiQ2jlF2DFQuzAEMg8pc7HIyONC80FBa00wS53j0e8g-BsZAbyLGi9EcM8Sca6Gd6ylr2Mk=w128-h128-c,#ffffff,255,255,255,0.7397865,WHITE,#FFFFFF,255,255,255,0
UwHK-ABOQ8ZFYw.jpg,UwHK-ABOQ8ZFYw,The Boardwalk at Sainte-Adresse,Albert Marquet,"The Museum of Fine Arts, Houston",/asset/the-boardwalk-at-sainte-adresse-albert-marquet/UwHK-ABOQ8ZFYw,https://lh3.googleusercontent.com/ci/AL18g_QdkB055BcBJ_78UQUURSXTDnI0CzZmNlf4gcKK8CbE1SHUvrJP7c1znlyc35V2yTmhdG7lfA=w128-h128-c,#e9e2cc,233,226,204,1.6420361,WHITE,#FFFFFF,255,255,255,0
BgGl5hEzO-cQIw.jpg,BgGl5hEzO-cQIw,"Model Ship ""Idlewild""",Frank Gray,"National Gallery of Art, Washington DC",/asset/model-ship-idlewild-frank-gray/BgGl5hEzO-cQIw,https://lh3.googleusercontent.com/ci/AL18g_TRhKHvJSr5kLKdL97TIMFCjHpBP9P_nQzXyU-cxhLCgoyE31keyG1lcAN_G8lyFVM9O9hu7Hw=w128-h128-c,#dcd3bc,220,211,188,1.3440987,WHITE,#FFFFFF,255,255,255,0
5wEUCOlEf-EaVQ.jpg,5wEUCOlEf-EaVQ,Paris Street; Rainy Day,"Gustave Caillebotte (French, 1848–1894)",The Art Institute of Chicago,/asset/paris-street-rainy-day-gustave-caillebotte-french-1848–1894/5wEUCOlEf-EaVQ,https://lh3.googleusercontent.com/ci/AL18g_SxVmsjgJSY3bSAA0TQj6CTOsPnKwK49a25pBxjGM198GbrQl3FiVl8ypGLEAxRYAEkKyyLCHA=w128-h128-c,#cccccc,204,204,204,1.320309,GRAY,#BDBDBD,189,189,189,1
1AHJFNF8OkfG9Q.jpg,1AHJFNF8OkfG9Q,"Interior of the Pantheon, Rome",Giovanni Paolo Panini,"National Gallery of Art, Washington DC",/asset/interior-of-the-pantheon-rome-giovanni-paolo-panini/1AHJFNF8OkfG9Q,https://lh3.googleusercontent.com/ci/AL18g_T8Gy49IS03FzOHvl4MDzphfU0MfXHF2WQQtsUFFGu50ZGNz6C2l6T4JLutzl5gv5IJTpgx3ko=w128-h128-c,#cbcccd,203,204,205,0.7666099,GRAY,#BDBDBD,189,189,189,1
AQEwNvIhY9Jicg.jpg,AQEwNvIhY9Jicg,View from the Artist's Window,Martinus Rørbye,SMK - Statens Museum for Kunst,/asset/view-from-the-artist-s-window-martinus-rørbye/AQEwNvIhY9Jicg,https://lh3.googleusercontent.com/ci/AL18g_S9b2BmLfHOsqndUgqyS0KDtZgosg0sg7xkpBkqGghLtd69pu9cuMWWpsPLxQTAyfVbLvpR=w128-h128-c,#cbcccd,203,204,205,0.7883588,GRAY,#BDBDBD,189,189,189,1
1QExHe1g7j13-Q.jpg,1QExHe1g7j13-Q,Boys Playing on the Shore,Albert Edelfelt,Ateneum Art Museum,/asset/boys-playing-on-the-shore-albert-edelfelt/1QExHe1g7j13-Q,https://lh3.googleusercontent.com/ci/AL18g_SJ_MMQ7B45uEkDQVMywbnJhJp6MwXgW5cFon3oAcsp0XcenC99H691pj6DkRAgFC5sDMfcku4=w128-h128-c,#cccccc,204,204,204,1.2030075,GRAY,#BDBDBD,189,189,189,1
WQGAoHxyYQDzkQ.jpg,WQGAoHxyYQDzkQ,Laocoön,El Greco (Domenikos Theotokopoulos),"National Gallery of Art, Washington DC",/asset/laocoön-el-greco-domenikos-theotokopoulos/WQGAoHxyYQDzkQ,https://lh3.googleusercontent.com/ci/AL18g_TDvOmCT6z7APSJm1WaofPK9oo435TCqrkuqBydfzz4tAoCv_5EpZif7-b2IYIMDnOR1y0S2Q=w128-h128-c,#cbcccd,203,204,205,1.255395,GRAY,#BDBDBD,189,189,189,1
5AGVkIl2OPVUSw.jpg,5AGVkIl2OPVUSw,Princess with a Monkey,Janis Rozentāls,Latvian National Museum of Art,/asset/princess-with-a-monkey-janis-rozentāls/5AGVkIl2OPVUSw,https://lh3.googleusercontent.com/ci/AL18g_R_0rSveoZyIBgrQtRqIgiTHk1f3lEJpmC4ZTwbhiOEwYOjHhrj7r5-_9WKOfsO_HAS4FRxal8=w128-h128-c,#cbcccd,203,204,205,0.4869142,GRAY,#BDBDBD,189,189,189,1
ngE7xGr_3-HNoQ.jpg,ngE7xGr_3-HNoQ,Skeletons Warming Themselves,James Ensor,Kimbell Art Museum,/asset/skeletons-warming-themselves-james-ensor/ngE7xGr_3-HNoQ,https://lh3.googleusercontent.com/ci/AL18g_RcqdssDkHtJJi41JAQDEGCnNlwWYOb83qK6T1apehKfYpPs0gyFJAKeAvDz71-_df0dhaDLcY=w128-h128-c,#cccccc,204,204,204,0.79210526,GRAY,#BDBDBD,189,189,189,1
7gH7bCo70siCAA.jpg,7gH7bCo70siCAA,Napoleon on the Battlefield of Eylau,Antoine-Jean Gros,The Toledo Museum of Art,/asset/napoleon-on-the-battlefield-of-eylau-antoine-jean-gros/7gH7bCo70siCAA,https://lh3.googleusercontent.com/ci/AL18g_Q6VIJNSs4-DNic1apcXXphsf2gUgUu5PCD-ey59bDCF_YXrxSPCRzsBN5XdW-mZOQdBRyaXuM=w128-h128-c,#cccccc,204,204,204,1.4113427,GRAY,#BDBDBD,189,189,189,1
QAF7hs13lzkqSQ.jpg,QAF7hs13lzkqSQ,View of Haarlem with Bleaching Grounds,Jacob van Ruisdael,Kunsthaus Zürich,/asset/view-of-haarlem-with-bleaching-grounds-jacob-van-ruisdael/QAF7hs13lzkqSQ,https://lh3.googleusercontent.com/ci/AL18g_Td1QoMnwtli5NhGmIQKkfGeCEzEms-iNweFcI0sr4L23iqNXWTowXuK5_jvCNUvpgxDYIe=w128-h128-c,#cccccc,204,204,204,0.88975,GRAY,#BDBDBD,189,189,189,1
gQHadsLPG74Ykw.jpg,gQHadsLPG74Ykw,The Bell of Huesca,José Casado del Alisal,Museo de Huesca,/asset/the-bell-of-huesca-josé-casado-del-alisal/gQHadsLPG74Ykw,https://lh3.googleusercontent.com/ci/AL18g_RqCYikL2GoBuprzbjYI7DW-UmNFHaUldD0HFan4Z7aNpr2_Ox3DHkqJzrRTYNeAFBwnhDUXN4=w128-h128-c,#cbcccd,203,204,205,1.3775591,GRAY,#BDBDBD,189,189,189,1
3AELCGI0WHIKsw.jpg,3AELCGI0WHIKsw,Men of the Docks,George Bellows,"The National Gallery, London",/asset/men-of-the-docks-george-bellows/3AELCGI0WHIKsw,https://lh3.googleusercontent.com/ci/AL18g_RU6TKD4kbUXup152Nb86kQKRAMWQR9uOYIpGVf4Sl58ymCsxhX_AnMHRXWLYa-Qz-MRm4xRGo=w128-h128-c,#cccccc,204,204,204,1.3810351,GRAY,#BDBDBD,189,189,189,1
zwHYPGTri_m26g.jpg,zwHYPGTri_m26g,Dempsey and Firpo,George Bellows,Amon Carter Museum of American Art,/asset/dempsey-and-firpo-george-bellows/zwHYPGTri_m26g,https://lh3.googleusercontent.com/ci/AL18g_TNo7pyHV8fNj4ExxmHIpLvhtNaX-Da8zCZHB8WD-DDWasc49JQ0bKjzRTcLXXrMcKnxIeOSg=w128-h128-c,#cbcccd,203,204,205,1.2215451,GRAY,#BDBDBD,189,189,189,1
TgE5-s2gPkOE6Q.jpg,TgE5-s2gPkOE6Q,Under the Yoke (Burning the Brushwood),Eero Järnefelt,Ateneum Art Museum,/asset/under-the-yoke-burning-the-brushwood-eero-järnefelt/TgE5-s2gPkOE6Q,https://lh3.googleusercontent.com/ci/AL18g_TC85Qv8lzpvZK2AhUiWIp2efmCJSfujDa221XJgYV3dyF5tzj6uPNVbYvv7_x8OjMHgf61wA=w128-h128-c,#cccccc,204,204,204,1.2597167,GRAY,#BDBDBD,189,189,189,1
YAHSdyzv7-NvpA.jpg,YAHSdyzv7-NvpA,Proclamação da República,Benedito Calixto,Centro Cultural São Paulo,/asset/proclamação-da-república-benedito-calixto/YAHSdyzv7-NvpA,https://lh3.googleusercontent.com/ci/AL18g_QCuwupV8t5mQJGDuqHltXNbqUM-TJDhHYy6eeuyJSrszfY7fKTeymwZCnagG2ob_ebwRaiWw=w128-h128-c,#cccccc,204,204,204,1.6110203,GRAY,#BDBDBD,189,189,189,1
ZgFteROYPN6p9A.jpg,ZgFteROYPN6p9A,The Punishment of Lust,Giovanni Segantini,"Walker Art Gallery, Liverpool",/asset/the-punishment-of-lust-giovanni-segantini/ZgFteROYPN6p9A,https://lh3.googleusercontent.com/ci/AL18g_Q1BPtEyYjvKn1b1XpxJPwZym6pRLzrnBCgZXKW3NIsNMcr-1HZlSxACcGXyxz5YekYuoJz0oo=w128-h128-c,#cccccc,204,204,204,1.7589654,GRAY,#BDBDBD,189,189,189,1
-AECJQExjyEXKg.jpg,-AECJQExjyEXKg,Portrait of Gerolamo (?) Barbarigo,Titian,"The National Gallery, London",/asset/portrait-of-gerolamo-barbarigo-titian/-AECJQExjyEXKg,https://lh3.googleusercontent.com/ci/AL18g_Rgr7ZZ0mwAERJF3G7Ppe3RDXhoiqsnC7B-hIVxwxbkKb0rlci57VbR5_p4SeKaGW0lXgO8mqY=w128-h128-c,#cbcccd,203,204,205,0.8233333,GRAY,#BDBDBD,189,189,189,1
SwHB-3P5yn6f9A.jpg,SwHB-3P5yn6f9A,Young Lady in 1866,Édouard Manet,The Metropolitan Museum of Art,/asset/young-lady-in-1866-Édouard-manet/SwHB-3P5yn6f9A,https://lh3.googleusercontent.com/ci/AL18g_Ry-KSYjOdoNIcHRkjY3XvduQPdbC8mAgeDFtJE8P4TznqexS2O6jyLgr0dCShjtC6dEaSWo6E=w128-h128-c,#cbcccd,203,204,205,0.6869565,GRAY,#BDBDBD,189,189,189,1
iwEC7hcl0ZCIZg.jpg,iwEC7hcl0ZCIZg,The king is everywhere,Robert Warthmüller,German Historical Museum,/asset/the-king-is-everywhere-robert-warthmüller/iwEC7hcl0ZCIZg,https://lh3.googleusercontent.com/ci/AL18g_SScKGMnEzGIZuLQgOv_UgXGWQBblTl9FvgxBjDFp0dq2boJdR_i4VreHBuiGzcMT_h4n_l8v0=w128-h128-c,#cbcccd,203,204,205,1.7343382,GRAY,#BDBDBD,189,189,189,1
tgHndxiSwDyhJg.jpg,tgHndxiSwDyhJg,The Fall of the Cowboy,Frederic Remington,Amon Carter Museum of American Art,/asset/the-fall-of-the-cowboy-frederic-remington/tgHndxiSwDyhJg,https://lh3.googleusercontent.com/ci/AL18g_RMMcXQkXfEwLpgrPjmFuEKOVde9avvi-cFegZ41GZFO_m6SZWDQ69xqqKhM3IHe2yz14bZtQ=w128-h128-c,#cccccc,204,204,204,1.3999827,GRAY,#BDBDBD,189,189,189,1
rQGrnUpToL1I-A.jpg,rQGrnUpToL1I-A,A Day of Celebration,Fanny Brate,Nationalmuseum Sweden,/asset/a-day-of-celebration-fanny-brate/rQGrnUpToL1I-A,https://lh3.googleusercontent.com/ci/AL18g_RtkC_Fyv3qVpEhmYj6RXVU0jytHbKVxUafp_MZ3aPd1ud7OxQrTqXGKmUpljTX38Prf6xjBVA=w128-h128-c,#cccccc,204,204,204,1.2490216,GRAY,#BDBDBD,189,189,189,1
YgEKgQvFYZ04ag.jpg,YgEKgQvFYZ04ag,Gipsy Woman from Bolduri,Nicolae Grigorescu,”Moldova” National Museum Complex Iași,/asset/gipsy-woman-from-bolduri-nicolae-grigorescu/YgEKgQvFYZ04ag,https://lh3.googleusercontent.com/ci/AL18g_RjPEmAa64havbVmizXwxGe8C3wqKQOJlcakVSAibLmvUJv4Uj12kL24uUkTElcKUC1zYLHEYU=w128-h128-c,#cbcccd,203,204,205,1.4971751,GRAY,#BDBDBD,189,189,189,1
oQErVpDB4Nb_Uw.jpg,oQErVpDB4Nb_Uw,Three Mounted Jockeys,Edgar Degas,Isabella Stewart Gardner Museum,/asset/three-mounted-jockeys-edgar-degas/oQErVpDB4Nb_Uw,https://lh3.googleusercontent.com/ci/AL18g_RXnQpgvlkY9OBcGbFYUjek8b09EabAb4wLDmovIaA6xn2Xr6PMEsIZVos1ov3PlX-zvkKrkno=w128-h128-c,#cccccc,204,204,204,0.8011387,GRAY,#BDBDBD,189,189,189,1
KgGLa_41Z9EZug.jpg,KgGLa_41Z9EZug,The Biglin Brothers Racing,Thomas Eakins,"National Gallery of Art, Washington DC",/asset/the-biglin-brothers-racing-thomas-eakins/KgGLa_41Z9EZug,https://lh3.googleusercontent.com/ci/AL18g_QBI3FkQazd7FvPoxvN22ZqudvRVMje1FOTktbVGFShZYtDBUC076O1XZpvbjut4mYcxv1cFxw=w128-h128-c,#cccccc,204,204,204,1.5133781,GRAY,#BDBDBD,189,189,189,1
fAF_qZJTFzsvJw.jpg,fAF_qZJTFzsvJw,Winter,Vilhelms Purvītis,Latvian National Museum of Art,/asset/winter-vilhelms-purvītis/fAF_qZJTFzsvJw,https://lh3.googleusercontent.com/ci/AL18g_RnaPWRKKtkK9BL6u_cctgnRDDnvqgKZgb-NzENkffACVhqEAo3vw5MV23cmBEWOJV1gL8-BGKB=w128-h128-c,#cbcccd,203,204,205,1.457,GRAY,#BDBDBD,189,189,189,1
mQE4cDfrQJjsFw.jpg,mQE4cDfrQJjsFw,A Stag at Sharkey's,George Bellows,Amon Carter Museum of American Art,/asset/a-stag-at-sharkey-s-george-bellows/mQE4cDfrQJjsFw,https://lh3.googleusercontent.com/ci/AL18g_QFtSv1EQZoSRcwSQIMC-lzIUIazDpEEj-tlOBed4zjeRiRXHzn5rcHTb3BwvxrgfudXIw3Fi4=w128-h128-c,#cbcccd,203,204,205,1.2557608,GRAY,#BDBDBD,189,189,189,1
rwGbdM60Ck8kZQ.jpg,rwGbdM60Ck8kZQ,Ships in a Stormy Sea,Willem van de Velde the Younger,The Toledo Museum of Art,/asset/ships-in-a-stormy-sea-willem-van-de-velde-the-younger/rwGbdM60Ck8kZQ,https://lh3.googleusercontent.com/ci/AL18g_SRh74s4wSIdKnzvbCkymJuxvzhNgw3J8-eA4SZatHrmk3XojpHvI7Jrrg3_M-4VUpmje-qug=w128-h128-c,#cbcccd,203,204,205,1.453115,GRAY,#BDBDBD,189,189,189,1
KAG0W0pUSk8qqQ.jpg,KAG0W0pUSk8qqQ,A Funeral,Frants Henningsen,SMK - Statens Museum for Kunst,/asset/a-funeral-frants-henningsen/KAG0W0pUSk8qqQ,https://lh3.googleusercontent.com/ci/AL18g_RA5XyX3bZRfEYtoAXuv2NIs8lnvqixXuvR3dfw5tds54Sx4dFoHNKfUXF5Qveun84t_tavQOI=w128-h128-c,#cbcccd,203,204,205,1.5065445,GRAY,#BDBDBD,189,189,189,1
HgHayo84J-oc6g.jpg,HgHayo84J-oc6g,Still life with a basket of fruit,Judith Leyster,The Kremer Collection,/asset/still-life-with-a-basket-of-fruit-judith-leyster/HgHayo84J-oc6g,https://lh3.googleusercontent.com/ci/AL18g_RTw-3THWU_zt8jU_sRhJVJGUK9zdHeukBV81piDGwSeNk1ps044LPepyLDBwruGJkbqo5rUIA=w128-h128-c,#cbcccd,203,204,205,0.81287044,GRAY,#BDBDBD,189,189,189,1
-QH8xrVpyCQpcA.jpg,-QH8xrVpyCQpcA,Off Norman's Woe,Edward Moran,High Museum of Art,/asset/off-norman-s-woe-edward-moran/-QH8xrVpyCQpcA,https://lh3.googleusercontent.com/ci/AL18g_TG5aNtlbE5Abc14n_85Ck-ff7DG_vapqwHZIZQQB3o1u6zvwXKgFdAg94SG2HLSSjDomXKRQ=w128-h128-c,#cccccc,204,204,204,2.0563068,GRAY,#BDBDBD,189,189,189,1
FQELIeseH7HdWQ.jpg,FQELIeseH7HdWQ,The Dead Christ with Angels,Édouard Manet,The Metropolitan Museum of Art,/asset/the-dead-christ-with-angels-Édouard-manet/FQELIeseH7HdWQ,https://lh3.googleusercontent.com/ci/AL18g_RHkgEY2hhDBqCKyHILVrM0dDrGa1ta7jS7GK0DY6yCfCztfLdK5OWLD1pFzXCxIldPG5Xe5Q=w128-h128-c,#cbcccd,203,204,205,0.8313123,GRAY,#BDBDBD,189,189,189,1
KAEVYKDUWn4N7A.jpg,KAEVYKDUWn4N7A,Ships in a Storm on a Rocky Coast,Jan Porcellis,Hallwyl Museum,/asset/ships-in-a-storm-on-a-rocky-coast-jan-porcellis/KAEVYKDUWn4N7A,https://lh3.googleusercontent.com/ci/AL18g_R045UwnwNdIRhrMfTn4avYdd3XUquhrCU92DlGMQvX6ERlNv9NJHB_FQk40bvQ0CDci02w8E8=w128-h128-c,#cccccc,204,204,204,1.9255725,GRAY,#BDBDBD,189,189,189,1
8QF8WiI1uWc69Q.jpg,8QF8WiI1uWc69Q,"Far, far away Soria Moria Palace shimmered like Gold",Theodor Kittelsen,"The National Museum of Art, Architecture and Design, Norway",/asset/far-far-away-soria-moria-palace-shimmered-like-gold-theodor-kittelsen/8QF8WiI1uWc69Q,https://lh3.googleusercontent.com/ci/AL18g_Sl9fU6U7r7O8pBSC5a65sbvp3JzPwv933thovbTl_Y0MzjOWmHk5cjj7VStHFluf9YnjogiQ=w128-h128-c,#cccccc,204,204,204,1.5230117,GRAY,#BDBDBD,189,189,189,1
UgFFy1wMmKAQPQ.jpg,UgFFy1wMmKAQPQ,Newport Rocks,John Frederick Kensett,The Metropolitan Museum of Art,/asset/newport-rocks-john-frederick-kensett/UgFFy1wMmKAQPQ,https://lh3.googleusercontent.com/ci/AL18g_RXGsWFLUfOo_GsKlEsAEWfInjrPAhdlpqflyLUvviKW9G-R8BtaPx7m8RjKTzZ6qp0dvGxkrMP=w128-h128-c,#cccccc,204,204,204,1.5509877,GRAY,#BDBDBD,189,189,189,1
ZAHd0RC6Nrk3jw.jpg,ZAHd0RC6Nrk3jw,From Church (After the Service),Janis Rozentāls,Latvian National Museum of Art,/asset/from-church-after-the-service-janis-rozentāls/ZAHd0RC6Nrk3jw,https://lh3.googleusercontent.com/ci/AL18g_R5TCuvviyaqZOe0Ih3cLxjj0byo4Yn6yyc4IvKiJCo8nqNV71ZZ3NurMQFcrk-jBSBIkituw=w128-h128-c,#cccccc,204,204,204,0.69156295,GRAY,#BDBDBD,189,189,189,1
hgEET5g2kOHexg.jpg,hgEET5g2kOHexg,Winter,Vilhelms Purvītis,Latvian National Museum of Art,/asset/winter-vilhelms-purvītis/hgEET5g2kOHexg,https://lh3.googleusercontent.com/ci/AL18g_SpyZxKfLDOQB-ZvILq-B6N9Baj7fwLJ6oNafadE5FH6BptSYd71G9eY5LRYRZhtXiTqXvgNQ=w128-h128-c,#cccccc,204,204,204,1.451952,GRAY,#BDBDBD,189,189,189,1
EQEblHkp1Q9qkQ.jpg,EQEblHkp1Q9qkQ,Chaim Soutine,Amedeo Modigliani,"National Gallery of Art, Washington DC",/asset/chaim-soutine-amedeo-modigliani/EQEblHkp1Q9qkQ,https://lh3.googleusercontent.com/ci/AL18g_QJtEeMn3eZRiZNkWOlgoNgYJrOKx15OvlQaV0OvISfzyKI8owMnVrRtVzNyCl-4Gg0FA_8XMET=w128-h128-c,#cbcccd,203,204,205,0.6442871,GRAY,#BDBDBD,189,189,189,1
VQEVRaaPP6O9tw.jpg,VQEVRaaPP6O9tw,The Maas at Dordrecht,Aelbert Cuyp,Dordrechts Museum,/asset/the-maas-at-dordrecht-aelbert-cuyp/VQEVRaaPP6O9tw,https://lh3.googleusercontent.com/ci/AL18g_RDtglNF844mR6shVUr8aUn0u3IwVY8Ws_1-qad7tpIZ4BTdMYtYwHx9uYXLgmTepdSTlRfVR5v=w128-h128-c,#cccccc,204,204,204,1.4864658,GRAY,#BDBDBD,189,189,189,1
eAG4Z3zI2ZQg9w.jpg,eAG4Z3zI2ZQg9w,Winter at the Sognefjord,Johan Christian Dahl,"The National Museum of Art, Architecture and Design, Norway",/asset/winter-at-the-sognefjord-johan-christian-dahl/eAG4Z3zI2ZQg9w,https://lh3.googleusercontent.com/ci/AL18g_QBgoMhJJnWE-ahsoNpE6c-z_7nRzzXAZPxrHs2e5jSHhuhaLRt7Vvu4mWwhU7VJ3irGXvg9sE=w128-h128-c,#cccccc,204,204,204,1.2416286,GRAY,#BDBDBD,189,189,189,1
wgHMm-eQ_tmj-A.jpg,wgHMm-eQ_tmj-A,"Young woman at a table, 'Poudre de riz'",Henri de Toulouse-Lautrec,Van Gogh Museum,/asset/young-woman-at-a-table-poudre-de-riz-henri-de-toulouse-lautrec/wgHMm-eQ_tmj-A,https://lh3.googleusercontent.com/ci/AL18g_SC9Y9WYObP-4Tc9jSdvLw4PwD7Yqfr9UBUnByuTaM3zN8ndob-B9xeRNVKXLUuNPyu2LwjuQFT=w128-h128-c,#cccccc,204,204,204,0.82915413,GRAY,#BDBDBD,189,189,189,1
ugHX8OP7Y_d-Aw.jpg,ugHX8OP7Y_d-Aw,Going Home,Fritz von Uhde,The Metropolitan Museum of Art,/asset/going-home-fritz-von-uhde/ugHX8OP7Y_d-Aw,https://lh3.googleusercontent.com/ci/AL18g_QrgS9hbSvIQIxDEH93YDJPlfOwsdfiTDrnnXUl58d_JK2fpw2tMRr73L6avBU_Lavc3dCTv9c=w128-h128-c,#e6e8e7,230,232,231,1.2512803,GRAY,#BDBDBD,189,189,189,1
7wEG97Q9zBHaSQ.jpg,7wEG97Q9zBHaSQ,Servants Washing a Deer,"Agostino Brunias, 1728–1796, Italian, active in Britain (1758–70; 1777-80s)",Yale Center for British Art,/asset/servants-washing-a-deer-agostino-brunias-1728–1796-italian-active-in-britain-1758–70-1777-80s/7wEG97Q9zBHaSQ,https://lh3.googleusercontent.com/ci/AL18g_TWOXatwPvkQrhPugEPIibyPCd3XUvbBouBLUqmUCUKfMUs3Mwk-yVMmhCoj2gKG2wD_2iZYg=w128-h128-c,#cccccc,204,204,204,0.90208334,GRAY,#BDBDBD,189,189,189,1
cAF910Nzo00ezw.jpg,cAF910Nzo00ezw,Lumber Schooners at Evening on Penobscot Bay,Fitz Henry Lane,"National Gallery of Art, Washington DC",/asset/lumber-schooners-at-evening-on-penobscot-bay-fitz-henry-lane/cAF910Nzo00ezw,https://lh3.googleusercontent.com/ci/AL18g_RLFLxrX-iF5wh_5fsGkanS-j3R_XjWvZuZg_xbMhcwgvjV-Do-0L2HztKb420MNAwG3-3G7Gz8=w128-h128-c,#cccccc,204,204,204,1.5627623,GRAY,#BDBDBD,189,189,189,1
HgEtxayTVN4LTg.jpg,HgEtxayTVN4LTg,Portrait of Josette Gris,Juan Gris,Museo Reina Sofia,/asset/portrait-of-josette-gris-juan-gris/HgEtxayTVN4LTg,https://lh3.googleusercontent.com/ci/AL18g_Ra-4emrDX4vJvns9ujbLsLSikpFFwNeZvnuttPc7N3YiN3IBP5cCJClAlJPQ-nPnljiqQb6Q=w128-h128-c,#cccccc,204,204,204,0.6443432,GRAY,#BDBDBD,189,189,189,1
NgES7xkxQtdLlw.jpg,NgES7xkxQtdLlw,Gloved woman,Giovanni Boldini,"Gallery of Modern Art ""Empedocle Restivo""",/asset/gloved-woman-giovanni-boldini/NgES7xkxQtdLlw,https://lh3.googleusercontent.com/ci/AL18g_R6UnGAFaPjguYbAssB7t3z3_pZ_Oc2qMdQu3guQA-HkGaLFX_y8Ok7Ot0KcDkfUPEY9M9an5s=w128-h128-c,#cccccc,204,204,204,0.58411235,GRAY,#BDBDBD,189,189,189,1
HwHIlqYIc5aQtQ.jpg,HwHIlqYIc5aQtQ,The Maharani of Travancore,Raja Ravi Varma,"Royal Collection Trust, UK",/asset/the-maharani-of-travancore-raja-ravi-varma/HwHIlqYIc5aQtQ,https://lh3.googleusercontent.com/ci/AL18g_Qzpv26VBAeFFT-LPvJeFQUeHOHGDYbBPTmktVBzZC-bfPb5EVFjp_Jj6gLlF-khfYj1S6b=w128-h128-c,#cbcccd,203,204,205,0.69083333,GRAY,#BDBDBD,189,189,189,1
jAG7MAFcW-zkgg.jpg,jAG7MAFcW-zkgg,Virgem dolorosa,Pedro Américo,Museu Nacional de Belas Artes,/asset/virgem-dolorosa-pedro-américo/jAG7MAFcW-zkgg,https://lh3.googleusercontent.com/ci/AL18g_RT4l2TssB2NjynlzFzUbCSTLKYYgeBWyFWyJ-FTM_9IzKeylSuydOfqY_7ihr2nK0u2T0=w128-h128-c,#cbcccd,203,204,205,0.8402939,GRAY,#BDBDBD,189,189,189,1
qAF9h8gI6HYvSw.jpg,qAF9h8gI6HYvSw,"A Room in the Artist's Home in Strandgade, Copenhagen, with the Artist's Wife",Vilhelm Hammershøi,SMK - Statens Museum for Kunst,/asset/a-room-in-the-artist-s-home-in-strandgade-copenhagen-with-the-artist-s-wife-vilhelm-hammershøi/qAF9h8gI6HYvSw,https://lh3.googleusercontent.com/ci/AL18g_TOiw9Cd2JiUcALeAsXZc5uBCAZqJk785-P5ZoPUgugAZ7T8QJUykJIMtWHBMHi2ujklxFD=w128-h128-c,#cccccc,204,204,204,1.140872,GRAY,#BDBDBD,189,189,189,1
rgFxRApkbU4eYg.jpg,rgFxRApkbU4eYg,The Young Sabot Maker,Henry Ossawa Tanner,The Nelson-Atkins Museum of Art,/asset/the-young-sabot-maker-henry-ossawa-tanner/rgFxRApkbU4eYg,https://lh3.googleusercontent.com/ci/AL18g_RASkZiryGFBFfTfXwrj80Xs1YG0jassPUHp0u-laemPQDG92Y8ki-U8Bed-bEbAJRLA3E2=w128-h128-c,#cccccc,204,204,204,0.74518305,GRAY,#BDBDBD,189,189,189,1
fwFkCOoCZu2L0w.jpg,fwFkCOoCZu2L0w,View from Theo’s Apartment,Vincent van Gogh,Van Gogh Museum,/asset/view-from-theo’s-apartment-vincent-van-gogh/fwFkCOoCZu2L0w,https://lh3.googleusercontent.com/ci/AL18g_RmBhL_8bVUa1CLQvsIkigiSw-GgPGAyS_SDQtadXaO0PawzxsnrXSdKIfi0VqNFLNpm-djHA=w128-h128-c,#cccccc,204,204,204,0.8233732,GRAY,#BDBDBD,189,189,189,1
VwGcHcK8-s05Kw.jpg,VwGcHcK8-s05Kw,"Nocturne, Blue and Silver: Battersea Reach",James McNeill Whistler,Isabella Stewart Gardner Museum,/asset/nocturne-blue-and-silver-battersea-reach-james-mcneill-whistler/VwGcHcK8-s05Kw,https://lh3.googleusercontent.com/ci/AL18g_QSg5WMedgyAbVBjFi_PcojNDzS5_ZDeASTPpjnS3RoP6bwBVjZb1QQ3R9h0LWnPzYX_2rxoQ=w128-h128-c,#cccccc,204,204,204,1.5717093,GRAY,#BDBDBD,189,189,189,1
hQHfzV0x_b-kOQ.jpg,hQHfzV0x_b-kOQ,The Harp of Erin,"Thomas Buchanan Read (American, b.1822, d.1872)",Cincinnati Art Museum,/asset/the-harp-of-erin-thomas-buchanan-read-american-b-1822-d-1872/hQHfzV0x_b-kOQ,https://lh3.googleusercontent.com/ci/AL18g_Sv7gEY66zXogdxKr-OL0YagV_ZiEKkKle6gGnAhJQWjuGlp96HgsdMFvsrRy_wT5uC8IvP=w128-h128-c,#cbcccd,203,204,205,0.8080808,GRAY,#BDBDBD,189,189,189,1
NwHK-NsdInFfMQ.jpg,NwHK-NsdInFfMQ,View of Dresden by Moonlight,Johan Christian Dahl,"The National Museum of Art, Architecture and Design, Norway",/asset/view-of-dresden-by-moonlight-johan-christian-dahl/NwHK-NsdInFfMQ,https://lh3.googleusercontent.com/ci/AL18g_RViQloih4s2hW4GaDSu5zc1_tvkWkAsnTcWJytLxyt162ZyMt9d8_K3SbGb4xH3KdnepP8RQ=w128-h128-c,#cccccc,204,204,204,1.8919419,GRAY,#BDBDBD,189,189,189,1
7gHz0FFaKCOV2w.jpg,7gHz0FFaKCOV2w,Pueblo Indian Village,Frederic Remington,"The Museum of Fine Arts, Houston",/asset/pueblo-indian-village-frederic-remington/7gHz0FFaKCOV2w,https://lh3.googleusercontent.com/ci/AL18g_SdkrIfAII2yLXRqo9uzrrgMRByF2gUXnb6ho2r6inqOkOtIANTkhYMPV2zN8w6P6zJb8kIfso=w128-h128-c,#cbcccd,203,204,205,1.5758371,GRAY,#BDBDBD,189,189,189,1
CAGmAVN8F1kmFA.jpg,CAGmAVN8F1kmFA,Pitched It Sheer into the River . . . Where It Still Is Seen in the Summer,Frederic Remington,The Metropolitan Museum of Art,/asset/pitched-it-sheer-into-the-river-where-it-still-is-seen-in-the-summer-frederic-remington/CAGmAVN8F1kmFA,https://lh3.googleusercontent.com/ci/AL18g_TV9t-932iq9Fs0FXs1HbJgH6Gown4oZNUq119Hh6diF9wBDB86KLCxHO-opxvvsY9pZCBE7xg=w128-h128-c,#cbcccd,203,204,205,1.3890687,GRAY,#BDBDBD,189,189,189,1
MwEf55sb_Aj4Bg.jpg,MwEf55sb_Aj4Bg,A Bolero Dancer,Antonio Cabral Bejarano,Museo Carmen Thyssen Málaga,/asset/a-bolero-dancer-antonio-cabral-bejarano/MwEf55sb_Aj4Bg,https://lh3.googleusercontent.com/ci/AL18g_S_Wjx47y3FMdJISiTxlaMR7tXejBSz_FG6AtjK2d01dEREM6j9lUDTZQJ0Jia5z5-nFBDRBA=w128-h128-c,#cccccc,204,204,204,0.7774441,GRAY,#BDBDBD,189,189,189,1
twFDgt4fEeLCWQ.jpg,twFDgt4fEeLCWQ,A Brazilian Landscape,Frans Post,The Metropolitan Museum of Art,/asset/a-brazilian-landscape-frans-post/twFDgt4fEeLCWQ,https://lh3.googleusercontent.com/ci/AL18g_SfqD6TJK1spi4LH2GPcBmr_h1obKN62vJlGMpkp5dTThFiVNuabre39OHOJca87v1L_zKWEg=w128-h128-c,#cccccc,204,204,204,1.5165142,GRAY,#BDBDBD,189,189,189,1
OQFEZMiH3O4dZg.jpg,OQFEZMiH3O4dZg,"Estudo para ""Passagem de Humaitá""",Victor Meirelles,Pinacoteca de São Paulo,/asset/estudo-para-passagem-de-humaitá-victor-meirelles/OQFEZMiH3O4dZg,https://lh3.googleusercontent.com/ci/AL18g_QJCcOwqVxOduqcSccL7kk8Wy5puTTnNjC6IpA-yUWQYkcI6oiTkXAja4GtcK1GJspYNCa_tQ=w128-h128-c,#cccccc,204,204,204,1.4682118,GRAY,#BDBDBD,189,189,189,1
HgFhYlp_NqtW7A.jpg,HgFhYlp_NqtW7A,"The Terrace at Saint-Germain, Spring",Alfred Sisley,The Walters Art Museum,/asset/the-terrace-at-saint-germain-spring-alfred-sisley/HgFhYlp_NqtW7A,https://lh3.googleusercontent.com/ci/AL18g_QbcZZC55lppGIXFOBj1uEf9tLVSa-HptCo3pPd9TPbjr86E4RrAIpmfys-FD-dL65cmV305Yg=w128-h128-c,#cccccc,204,204,204,1.4403523,GRAY,#BDBDBD,189,189,189,1
LAGPv3gjBWZbiQ.jpg,LAGPv3gjBWZbiQ,Composition with Grid #1,Piet Mondrian,"The Museum of Fine Arts, Houston",/asset/composition-with-grid-1-piet-mondrian/LAGPv3gjBWZbiQ,https://lh3.googleusercontent.com/ci/AL18g_ReFhTSTA6zhj8GhmtQAoTMjxwr4mxkf_wjhdEdI9NPjS8FzpRGOtjs38_yCXm3hoXumMdI-_o=w128-h128-c,#cccccc,204,204,204,0.6279167,GRAY,#BDBDBD,189,189,189,1
4gFhg7f2shCzGA.jpg,4gFhg7f2shCzGA,Snow at Louveciennes,Alfred Sisley,The Phillips Collection,/asset/snow-at-louveciennes-alfred-sisley/4gFhg7f2shCzGA,https://lh3.googleusercontent.com/ci/AL18g_T28NIghV0X78TLZwWu4-veZ3en76nnWSxIBLOcOHK2gEV6XmGi-m7-zukMzPMtJcTm_PK7rQ=w128-h128-c,#cccccc,204,204,204,0.8135,GRAY,#BDBDBD,189,189,189,1
fwGJEDuCV7o34w.jpg,fwGJEDuCV7o34w,Socrates drinks the hemlock,Gioacchino Assereto,Fondazione Cariplo,/asset/socrates-drinks-the-hemlock-gioacchino-assereto/fwGJEDuCV7o34w,https://lh3.googleusercontent.com/ci/AL18g_QMW26vg3RBNsTb_PZJgxeUFi0rndiNRi9NWQE3ZJVVRHAiwuWx6_EFEkXRNCexCPwp7t7rrQ=w128-h128-c,#cbcccd,203,204,205,1.2317709,GRAY,#BDBDBD,189,189,189,1
IwEshKd5zppXyg.jpg,IwEshKd5zppXyg,"View of Bordeaux, from the Quai des Chartrons","Eugène Boudin (French, 1824-1898)",The Cleveland Museum of Art,/asset/view-of-bordeaux-from-the-quai-des-chartrons-eugène-boudin-french-1824-1898/IwEshKd5zppXyg,https://lh3.googleusercontent.com/ci/AL18g_SwWUkFziVpDpUbZxdT8YhDjilwBbBFlJt2i9u4MzkspPxN_qi3aMRRYkfDACbJOStVAhkkfg=w128-h128-c,#cccccc,204,204,204,1.659346,GRAY,#BDBDBD,189,189,189,1
DAEjlo9djQNAaw.jpg,DAEjlo9djQNAaw,Battle between Spaniards and Turks,Juan de la Corte,Naval Museum,/asset/battle-between-spaniards-and-turks-juan-de-la-corte/DAEjlo9djQNAaw,https://lh3.googleusercontent.com/ci/AL18g_S9vt-jo-mlpyDlAOCOfeE9R_GjzvSUR4zFZITTisppbQfKXxcp7RLm-cxnnQVIHpFu2FC4uZw=w128-h128-c,#cccccc,204,204,204,1.6675627,GRAY,#BDBDBD,189,189,189,1
tQFrkK28QHoc9w.jpg,tQFrkK28QHoc9w,Pioneers in Karelia,Pekka Halonen,Ateneum Art Museum,/asset/pioneers-in-karelia-pekka-halonen/tQFrkK28QHoc9w,https://lh3.googleusercontent.com/ci/AL18g_R-mhG2isln7O1zanzjSzQ49jg9s9_g7rUJJiKHaD2wDWtvMlJMkvCjbuF38eT4XbBk8Qiqsg=w128-h128-c,#cbcccd,203,204,205,1.1876484,GRAY,#BDBDBD,189,189,189,1
9wEKtfaZZp4Mqw.jpg,9wEKtfaZZp4Mqw,Shepherd's Idyll,François Boucher,The Metropolitan Museum of Art,/asset/shepherd-s-idyll-françois-boucher/9wEKtfaZZp4Mqw,https://lh3.googleusercontent.com/ci/AL18g_SvNTFjPJGva8k-5wxnB3vLm0UyVJdRJSQEh3yQnpAjmsVS4-Nyvkr56Vj_wo_LZNiEGNRY3Q=w128-h128-c,#cbcccd,203,204,205,0.98220825,GRAY,#BDBDBD,189,189,189,1
CwGF4d41u5HLjQ.jpg,CwGF4d41u5HLjQ,After the Battle of Grunwald,Alphonse Mucha,Prague City Gallery,/asset/after-the-battle-of-grunwald-alphonse-mucha/CwGF4d41u5HLjQ,https://lh3.googleusercontent.com/ci/AL18g_QIRMbIvHhgh2v5DX9DnSwMhADms5n_hlooGHFMzS0IcuoidhgsxueF_qRj5_s0n4eCwC2vfg=w128-h128-c,#cccccc,204,204,204,1.5356473,GRAY,#BDBDBD,189,189,189,1
LQFTLSFMp0cODQ.jpg,LQFTLSFMp0cODQ,There Comes Papa,Raja Ravi Varma,Raja Ravi Varma Heritage Foundation,/asset/there-comes-papa-raja-ravi-varma/LQFTLSFMp0cODQ,https://lh3.googleusercontent.com/ci/AL18g_QG7icKBS8UtL7tGlcGwzzy9u0aaznRvqTreR7L_F7PrMagu2wxT45OAUl95huTFDDLv-VzJg=w128-h128-c,#cbcccd,203,204,205,0.6559853,GRAY,#BDBDBD,189,189,189,1
mQGkldPEgFWsbw.jpg,mQGkldPEgFWsbw,Serena Pulitzer Lederer (1867–1943),Gustav Klimt,The Metropolitan Museum of Art,/asset/serena-pulitzer-lederer-1867–1943-gustav-klimt/mQGkldPEgFWsbw,https://lh3.googleusercontent.com/ci/AL18g_Ts5Y5aIhY1-euWGXzRcGRlE7rs4lP30HPs6gUxsLfqYVOdIaLg3HYImLiPLvLcGzeREoigzNc=w128-h128-c,#cccccc,204,204,204,0.4661572,GRAY,#BDBDBD,189,189,189,1
hAGFwkieNQISjQ.jpg,hAGFwkieNQISjQ,Lady in White,Gustav Klimt,Belvedere,/asset/lady-in-white-gustav-klimt/hAGFwkieNQISjQ,https://lh3.googleusercontent.com/ci/AL18g_TngOdETv9TY10F1yVpPwv8wfxI5eQJwDp_4HV0IZqX_Ba6-D8lmc_4JsisipoQaCoUrRLQiTo=w128-h128-c,#cbcccd,203,204,205,0.9954188,GRAY,#BDBDBD,189,189,189,1
2QE1Tpmr1tOlXQ.jpg,2QE1Tpmr1tOlXQ,Portrait of the Artist’s Son,Pierre-Auguste Renoir,Galleria Civica di Arte Moderna e Contemporanea Torino,/asset/portrait-of-the-artist’s-son-pierre-auguste-renoir/2QE1Tpmr1tOlXQ,https://lh3.googleusercontent.com/ci/AL18g_T_VEFzTxPBxngkUqWqMCp1TswT2_m99svma1qoJwOzpnyRL8kQqr1H1lP7nVWW5-oHlLWv_A=w128-h128-c,#cccccc,204,204,204,0.8336994,GRAY,#BDBDBD,189,189,189,1
dwEDG_K-s35iRw.jpg,dwEDG_K-s35iRw,New York,George Bellows,"National Gallery of Art, Washington DC",/asset/new-york-george-bellows/dwEDG_K-s35iRw,https://lh3.googleusercontent.com/ci/AL18g_RSnWSrYqHyKTOehaeCErxFoW8MpRxJTTnPMLnTi5cZRJGd-OK5mSgyRMhdfJEqD7MJEfx6WrQ=w128-h128-c,#cbcccd,203,204,205,1.4487072,GRAY,#BDBDBD,189,189,189,1
5gGDaX-sm_4ARA.jpg,5gGDaX-sm_4ARA,The Meeting of Alexander the Great and Diogenes,Gaspar de Crayer,The Metropolitan Museum of Art,/asset/the-meeting-of-alexander-the-great-and-diogenes-gaspar-de-crayer/5gGDaX-sm_4ARA,https://lh3.googleusercontent.com/ci/AL18g_QT4T9hXgua3w9zwBSHHq_SP9uUXB8po1WFM67XQvRgyRBdTQ228gKmnjmRad2lN8f9mhpiFlRX=w128-h128-c,#cbcccd,203,204,205,1.4297719,GRAY,#BDBDBD,189,189,189,1
HAGRavI9ENmDAA.jpg,HAGRavI9ENmDAA,Canvassing for a Vote,George Caleb Bingham,The Nelson-Atkins Museum of Art,/asset/canvassing-for-a-vote-george-caleb-bingham/HAGRavI9ENmDAA,https://lh3.googleusercontent.com/ci/AL18g_ScdTQW0gLlbsF1aqCBMM2MkPyiDJFLCB5NoyeIUxlh8DBYKpi9OoGU8Lpus4295dQ9E5vHfvo=w128-h128-c,#cbcccd,203,204,205,1.2078284,GRAY,#BDBDBD,189,189,189,1
gQHl6gnNeEwkyQ.jpg,gQHl6gnNeEwkyQ,Smoke from Cannon Shots,Johan Christian Dahl,"The National Museum of Art, Architecture and Design, Norway",/asset/smoke-from-cannon-shots-johan-christian-dahl/gQHl6gnNeEwkyQ,https://lh3.googleusercontent.com/ci/AL18g_QwPp2cJEd76KVphvKVcnsbQeCIK1ZPKFHQrEfSOo_KTC6L2TxyVkpIFpxhBQkXPDLGwJg9CA=w128-h128-c,#cccccc,204,204,204,2.0693004,GRAY,#BDBDBD,189,189,189,1
JAGf-caVym4I4A.jpg,JAGf-caVym4I4A,"A view on Ararat from Etchmiadzin, collection of the National Gallery of Armenia",Yeghishe Tadevossian (1870-1936),Yerevan Biennial Art Foundation,/asset/a-view-on-ararat-from-etchmiadzin-collection-of-the-national-gallery-of-armenia-yeghishe-tadevossian-1870-1936/JAGf-caVym4I4A,https://lh3.googleusercontent.com/ci/AL18g_QHZIwA6HeqLYPMm5yOoAgVDkFcc9EiPLX9zYtnMzrqi7GL-2OpZBABO_5H6tKrmZ5ukko28w=w128-h128-c,#cccccc,204,204,204,2.2366488,GRAY,#BDBDBD,189,189,189,1
DgHTy2fabPEwow.jpg,DgHTy2fabPEwow,A Musical Gathering at the Court of the Elector Karl Albrecht of Bavaria,Peter Jacob Horemans,The Metropolitan Museum of Art,/asset/a-musical-gathering-at-the-court-of-the-elector-karl-albrecht-of-bavaria-peter-jacob-horemans/DgHTy2fabPEwow,https://lh3.googleusercontent.com/ci/AL18g_SE6NS6KdDiHEbdH_UoLtwg7HZMtmSn_xtSAJMAMWlUJBgDNzIxyr53pFkvJJPG92atZLwwe1k=w128-h128-c,#cccccc,204,204,204,1.200213,GRAY,#BDBDBD,189,189,189,1
yQF4DntOOXhHoA.jpg,yQF4DntOOXhHoA,Mary Elisabeth II,Abraham Bloemaert,Het Markiezenhof Historisch Centrum,/asset/mary-elisabeth-ii-abraham-bloemaert/yQF4DntOOXhHoA,https://lh3.googleusercontent.com/ci/AL18g_Te54FQD5NA2eef4QjW8Wmm_ZTRRgXwd6Vtsg44h8evCdzNuVOHneBSoEzzeZyorkOYcIDiog=w128-h128-c,#cbcccd,203,204,205,0.8781605,GRAY,#BDBDBD,189,189,189,1
gQHdlCKals-Idw.jpg,gQHdlCKals-Idw,View from Vaekero near Christiania,Johan Christian Dahl,"National Gallery of Art, Washington DC",/asset/view-from-vaekero-near-christiania-johan-christian-dahl/gQHdlCKals-Idw,https://lh3.googleusercontent.com/ci/AL18g_QswG5A2iTPuYrek7q-xMi8l59-MGc3NITX1pD9xAJ-UjrsVz5yXrBwO07A3DgpxxU3rDOqvSI=w128-h128-c,#cccccc,204,204,204,1.5864035,GRAY,#BDBDBD,189,189,189,1
bgGvfCBtCtKA9A.jpg,bgGvfCBtCtKA9A,Glacier of Rosenlaui,John Brett,Tate Britain,/asset/glacier-of-rosenlaui-john-brett/bgGvfCBtCtKA9A,https://lh3.googleusercontent.com/ci/AL18g_QBq5u4QWOJwjcjcgCIzpE6EriN9KbRrIxtjrqSTpF3W_5oUIE5dR-a3cgulFjJD-PdscISWw=w128-h128-c,#cccccc,204,204,204,0.8680556,GRAY,#BDBDBD,189,189,189,1
SQGr5JNJ4qXtxQ.jpg,SQGr5JNJ4qXtxQ,Portrait of Thomas Cole,Asher B. Durand,Berkshire Museum,/asset/portrait-of-thomas-cole-asher-b-durand/SQGr5JNJ4qXtxQ,https://lh3.googleusercontent.com/ci/AL18g_Sl8znQUQH3pV77PqXyQOfcMKSKrfN4GurIR2NYVp5St2yLPw966TTL7cWfomCqYcguyT4O9A=w128-h128-c,#cccccc,204,204,204,0.83963054,GRAY,#BDBDBD,189,189,189,1
OAGx1o7mYSQATw.jpg,OAGx1o7mYSQATw,Fra Verdensutstillingen i Paris i 1867,Édouard Manet,"The National Museum of Art, Architecture and Design, Norway",/asset/fra-verdensutstillingen-i-paris-i-1867-Édouard-manet/OAGx1o7mYSQATw,https://lh3.googleusercontent.com/ci/AL18g_QbD9UKZVt0DkMeX4uZpp52x7vmeNCaD-ZN_R24Z-LFGesIQDT2hFgpf2k3pUVEUNupRkU4iPM=w128-h128-c,#cccccc,204,204,204,1.8359892,GRAY,#BDBDBD,189,189,189,1
PQEPGk_vGK2AyA.jpg,PQEPGk_vGK2AyA,Portrait of Hermine Gallia,Gustav Klimt,"The National Gallery, London",/asset/portrait-of-hermine-gallia-gustav-klimt/PQEPGk_vGK2AyA,https://lh3.googleusercontent.com/ci/AL18g_QU_1RgWDsfoEUBCngUb1lvc4s5vO1E726DwiIagyjOAirvRe4B2o5FMioz59a4kwbsTgIoxNuH=w128-h128-c,#cccccc,204,204,204,0.55743,GRAY,#BDBDBD,189,189,189,1
vQEDap_F5HWSEg.jpg,vQEDap_F5HWSEg,The Voice of the City of New York Interpreted: The Skyscrapers (The Prow),Joseph Stella,The Newark Museum of Art,/asset/the-voice-of-the-city-of-new-york-interpreted-the-skyscrapers-the-prow-joseph-stella/vQEDap_F5HWSEg,https://lh3.googleusercontent.com/ci/AL18g_TcVq9GOK7te7n8oEEviZzMBNGeiqrIcd-USpRd0XSyhyfvrq6pWXx1a51T-ZMu2ELoGe9XPVM=w128-h128-c,#cbcccd,203,204,205,0.5316667,GRAY,#BDBDBD,189,189,189,1
ewE3mAskzTtQ7g.jpg,ewE3mAskzTtQ7g,Blackberry Gathering,Elizabeth Forbes,"Walker Art Gallery, Liverpool",/asset/blackberry-gathering-elizabeth-forbes/ewE3mAskzTtQ7g,https://lh3.googleusercontent.com/ci/AL18g_TZwIH3_yjw3PuSXKERovV0CEz_PHqPK0MQR0W2RoWtBnF8c1jXel3_Cn307dpY9C2zVqMPosao=w128-h128-c,#cccccc,204,204,204,1.1726328,GRAY,#BDBDBD,189,189,189,1
WQEEPq4EIORmtA.jpg,WQEEPq4EIORmtA,"Moonlight, Wood Island Light",Winslow Homer,The Metropolitan Museum of Art,/asset/moonlight-wood-island-light-winslow-homer/WQEEPq4EIORmtA,https://lh3.googleusercontent.com/ci/AL18g_TXUXdWVMXOohM1WfDTm_LZNVQouX6RYCuB9Gx-E1eBhHGSYWkKE4NcSD6F6LqAWte-0ylixbiB=w128-h128-c,#cbcccd,203,204,205,1.3161616,GRAY,#BDBDBD,189,189,189,1
qgG_zf1hpM7U4Q.jpg,qgG_zf1hpM7U4Q,Manuel Quezon Portrait,Leon Gordon,Malacañang Museum,/asset/manuel-quezon-portrait-leon-gordon/qgG_zf1hpM7U4Q,https://lh3.googleusercontent.com/ci/AL18g_Rj5k3tgk7fjZmbMxYsXQDm51NF1865uDcfK0ROKdnJGvvkyCstnc1Q26sE1RMf034dAD9l83Qg=w128-h128-c,#cccccc,204,204,204,0.7808219,GRAY,#BDBDBD,189,189,189,1
UwHF3-RKTXC4JA.jpg,UwHF3-RKTXC4JA,"David Sears, Jr.",Gilbert Stuart,The Metropolitan Museum of Art,/asset/david-sears-jr-gilbert-stuart/UwHF3-RKTXC4JA,https://lh3.googleusercontent.com/ci/AL18g_R0E7rlAvrb7vpIeXDKnsrojhIJJyVfffxZQFvtT6pP7P3BzHnjomqRbr-JX2_-mDIQ0oKSCg=w128-h128-c,#cccccc,204,204,204,0.8604762,GRAY,#BDBDBD,189,189,189,1
ZQFdqaoX6NTzIA.jpg,ZQFdqaoX6NTzIA,"""The Right of the Road""--A Hazardous Encounter on a Rocky Mountain Trail",Frederic Remington,Amon Carter Museum of American Art,/asset/the-right-of-the-road-a-hazardous-encounter-on-a-rocky-mountain-trail-frederic-remington/ZQFdqaoX6NTzIA,https://lh3.googleusercontent.com/ci/AL18g_T4hxg2yx5daZwwhHE-aO8mgihOab3tfndrYbGvUf9mdrunDdHEiPpPUAvWJgziUYWvTwBqupc=w128-h128-c,#cccccc,204,204,204,1.4880953,GRAY,#BDBDBD,189,189,189,1
1gHuiuz-ugeCDA.jpg,1gHuiuz-ugeCDA,"Powerscourt, County Wicklow, Ireland","Formerly Thomas Roberts, 1748–1778, Irish",Yale Center for British Art,/asset/powerscourt-county-wicklow-ireland-formerly-thomas-roberts-1748–1778-irish-and-george-barret-ra-ca-1728-32–1784-irish/1gHuiuz-ugeCDA,https://lh3.googleusercontent.com/ci/AL18g_SzdSbDlbPLkBdCH-PHbi4oG2E8krD3n7uU6s1IEPEnM9dAX5XI6oozESl66s6WKhVdTESyVgE=w128-h128-c,#cccccc,204,204,204,1.3361169,GRAY,#BDBDBD,189,189,189,1
GwFr3I_Bq-VFQw.jpg,GwFr3I_Bq-VFQw,Purim (Feast of Esther) (Das Purim-Fest),Moritz Daniel Oppenheim,"The Jewish Museum, New York",/asset/purim-feast-of-esther-das-purim-fest-moritz-daniel-oppenheim/GwFr3I_Bq-VFQw,https://lh3.googleusercontent.com/ci/AL18g_RL_8NlqiOTv3c2iH0Oaqjl5JgDlAvH0yS27fFnINkbObfwpijJE18JmW3b80IeJLdUct7D6LGc=w128-h128-c,#cccccc,204,204,204,1.235712,GRAY,#BDBDBD,189,189,189,1
ewETwKU3Lc8_og.jpg,ewETwKU3Lc8_og,Master Jan Hus Preaching,Alphonse Mucha,Prague City Gallery,/asset/master-jan-hus-preaching-alphonse-mucha/ewETwKU3Lc8_og,https://lh3.googleusercontent.com/ci/AL18g_TVtd7bi1RQrjH-nt48YW8z4hRKM-e_1ILVHPInCA8W0DFn7TYL4SAvgzhdSpmvrgi1vlnlHVyh=w128-h128-c,#cccccc,204,204,204,1.3279176,GRAY,#BDBDBD,189,189,189,1
bAFaEBpJdp6udA.jpg,bAFaEBpJdp6udA,"Henry II (1519–1559), King of France",François Clouet,The Metropolitan Museum of Art,/asset/henry-ii-1519–1559-king-of-france-françois-clouet/bAFaEBpJdp6udA,https://lh3.googleusercontent.com/ci/AL18g_TOcjDEmx7fd9zZ5MhKQEYXaArx567uaaonFxsPwAkk2MwWHkPWcz73Bzr7LmnEEb422tdAU9A=w128-h128-c,#cccccc,204,204,204,0.8727273,GRAY,#BDBDBD,189,189,189,1
7gGwXHcvi5pspg.jpg,7gGwXHcvi5pspg,Kościuszko’s Oath,Michał Stachowicz,The National Museum in Krakow,/asset/kościuszko’s-oath-michał-stachowicz/7gGwXHcvi5pspg,https://lh3.googleusercontent.com/ci/AL18g_SCisuNXr3kYdBGS6novEKbWm6xVJHruob4Ydll8ivL6ea_0hSaxJUingOmfIXIU-aSYrCXL7M=w128-h128-c,#cccccc,204,204,204,1.5270768,GRAY,#BDBDBD,189,189,189,1
1gG-1Ih9pWWTiA.jpg,1gG-1Ih9pWWTiA,Woman with a Fan,Emil Filla,Olomouc Museum of Art,/asset/woman-with-a-fan-emil-filla/1gG-1Ih9pWWTiA,https://lh3.googleusercontent.com/ci/AL18g_Sm-P5VKZRZ5JlInMHDKuTwo-BkCim7zH4ulQwbXidu0xGmDRYq5JLP5SgSO4KAOKOJg0a5cQ=w128-h128-c,#cbcccd,203,204,205,0.70775056,GRAY,#BDBDBD,189,189,189,1
FgHuU7rbjfysSw.jpg,FgHuU7rbjfysSw,Street in Røros in Winter,Harald Sohlberg,"The National Museum of Art, Architecture and Design, Norway",/asset/street-in-røros-in-winter-harald-sohlberg/FgHuU7rbjfysSw,https://lh3.googleusercontent.com/ci/AL18g_QKI5edUskbPZilcVNWPNscY6AaFuXtdfenDuG9jeoD78tbGOc-SnRKvOxX7D8M1xoUieumn-wX=w128-h128-c,#cccccc,204,204,204,1.5104914,GRAY,#BDBDBD,189,189,189,1
YAG9HsweUQX4xA.jpg,YAG9HsweUQX4xA,Peasant from Bronowice,Aleksander Gierymski,The National Museum in Krakow,/asset/peasant-from-bronowice-aleksander-gierymski/YAG9HsweUQX4xA,https://lh3.googleusercontent.com/ci/AL18g_S8GLPkpupHKjLydUJku3yc2dAwT9gAwXv6dcRvnv7VpxMGN4FSyAOUJdbru_YA44rvWHBQHDw=w128-h128-c,#cccccc,204,204,204,0.6534383,GRAY,#BDBDBD,189,189,189,1
KQEvAbZpUGq5sg.jpg,KQEvAbZpUGq5sg,"Spring, Central Park",George Bellows,Amon Carter Museum of American Art,/asset/spring-central-park-george-bellows/KQEvAbZpUGq5sg,https://lh3.googleusercontent.com/ci/AL18g_R_ez7KD_v7JEZxDdT5ZF0EgMmnd_kEs8mzieyD1A3mBZinICCV22MsLPF3mRDZLgO7xG1l-fs=w128-h128-c,#cccccc,204,204,204,0.8132409,GRAY,#BDBDBD,189,189,189,1
jgFF9CAd4HTeOw.jpg,jgFF9CAd4HTeOw,Young Shepherd,Nicolae Grigorescu,”Moldova” National Museum Complex Iași,/asset/young-shepherd-nicolae-grigorescu/jgFF9CAd4HTeOw,https://lh3.googleusercontent.com/ci/AL18g_QWft3qdxyMgBMf28EgXbL1PZctt4m0lYefrOIYT75Enh-2jo4NjPTRWCfgO0962ier7cYDww=w128-h128-c,#cccccc,204,204,204,1.4971751,GRAY,#BDBDBD,189,189,189,1
zAF1uuJLCyXVHA.jpg,zAF1uuJLCyXVHA,Danseuse à la robe bleue et jaune,Jean-Frédéric Schall,Ephrussi de Rothschild Villa & Gardens,/asset/danseuse-à-la-robe-bleue-et-jaune-jean-frédéric-schall/zAF1uuJLCyXVHA,https://lh3.googleusercontent.com/ci/AL18g_Tim816FXx5f50-dP0o8VKnJlU1w3-PZ27Y-RVOPfUhsN_SbwdvjSLCScX1Hfzpf6PfmFMNLcU=w128-h128-c,#cccccc,204,204,204,0.7265752,GRAY,#BDBDBD,189,189,189,1
cgHGW01nmRYuRg.jpg,cgHGW01nmRYuRg,El Divino Pastor,Miguel Cabrera,Museo Soumaya.Fundación Carlos Slim,/asset/el-divino-pastor-miguel-cabrera/cgHGW01nmRYuRg,https://lh3.googleusercontent.com/ci/AL18g_SAqjohzDtUcN3LtUjdowHmo8MH1MVhb4Q-T9Krob1ndGGBvP-xfpU9Olhrq4IIzw5C8sFTDC0=w128-h128-c,#cbcccd,203,204,205,0.7271408,GRAY,#BDBDBD,189,189,189,1
WwGs42moKt6heA.jpg,WwGs42moKt6heA,Dinamismo di una testa d'uomo,Umberto Boccioni,Museo del Novecento,/asset/dinamismo-di-una-testa-d-uomo-umberto-boccioni/WwGs42moKt6heA,https://lh3.googleusercontent.com/ci/AL18g_S6ixaSWJMlH-Wcn1gwMlIq4k4EAMymCxm2xD3P65M8cxn6orakIsh6jRUXGjA3YY8Oo_nEuG7U=w128-h128-c,#cbcccd,203,204,205,1.0053922,GRAY,#BDBDBD,189,189,189,1
4wGVfymXKqo7Gw.jpg,4wGVfymXKqo7Gw,Le Chahut,Georges Seurat,Kröller-Müller Museum,/asset/le-chahut-georges-seurat/4wGVfymXKqo7Gw,https://lh3.googleusercontent.com/ci/AL18g_SuAfvJgrtVeAZtEOIEB0HnTCgHSZWxRo3O4DAAVyYTR-VDzVu-cwt8l_PovaciZ_pxNnH8yQ=w128-h128-c,#e1b9c3,225,185,195,0.8235971,PINK,#F48FB1,244,143,177,2
NwHcGXN9xgacLA.jpg,NwHcGXN9xgacLA,"With Red Swallow-Patterned Wallpaper, 1915",Alexei Jawlensky,Albertina Museum,/asset/with-red-swallow-patterned-wallpaper-1915-alexei-jawlensky/NwHcGXN9xgacLA,https://lh3.googleusercontent.com/ci/AL18g_T_8ajUKl1Cx3-EgDE1VpqvmbWGJYFgCLjjoUB74AcUATcGnvxXLD8i9Sx9gmHu4JWnbuC-WQ=w128-h128-c,#e0b8c5,224,184,197,1.4761544,PINK,#F48FB1,244,143,177,2
4AHL2EWDvLy_QA.jpg,4AHL2EWDvLy_QA,Dove No. 2,Hilma af Klint,Olomouc Museum of Art,/asset/dove-no-2-hilma-af-klint/4AHL2EWDvLy_QA,https://lh3.googleusercontent.com/ci/AL18g_SEMKhJ-k3hfgSiwQET_iL0_l85FXS9Djd0-vCHyhqpJHBw27CrgqLuK7J3eWv3Y5barhvD=w128-h128-c,#e0b8c5,224,184,197,0.756238,PINK,#F48FB1,244,143,177,2
rwHGE7FnTOc2wQ.jpg,rwHGE7FnTOc2wQ,Nature morte aux asphodèles (Still Life with Asphodels),Henri Matisse,Museum Folkwang,/asset/nature-morte-aux-asphodèles-still-life-with-asphodels-henri-matisse/rwHGE7FnTOc2wQ,https://lh3.googleusercontent.com/ci/AL18g_R_leMe9Cm6-l_Ewt8NTWXHbWG5Wqqf8J5inGNmMUai3DRm-upNgUc-F0mRLFti-sYFqAljg-0=w128-h128-c,#e1b9c3,225,185,195,0.77112895,PINK,#F48FB1,244,143,177,2
vgHm0pGk8snjMQ.jpg,vgHm0pGk8snjMQ,Clam Gatherers,Edward Moran,"National Park Service, Museum Management Program",/asset/clam-gatherers-edward-moran/vgHm0pGk8snjMQ,https://lh3.googleusercontent.com/ci/AL18g_RkR05JtFW2FzBmj8Zhm6cRH3kiwCL4w3jTCD2asXyQmGK-75w_7wkrOUQns-7WVjisvFIBR4g=w128-h128-c,#e1b9c3,225,185,195,1.5544041,PINK,#F48FB1,244,143,177,2
1QHIKcJy-1D_Mw.jpg,1QHIKcJy-1D_Mw,Brittany Beach,William Parsons Winchester Dana,"National Park Service, Museum Management Program",/asset/brittany-beach-william-parsons-winchester-dana/1QHIKcJy-1D_Mw,https://lh3.googleusercontent.com/ci/AL18g_T8T7Y0hyshukhALKOOIxb8pAE8bZj34dqoKPb9lbzxgUy1CcGpFSqvHQD8UnQoYCVSXeuKeg=w128-h128-c,#e1b9c3,225,185,195,1.910828,PINK,#F48FB1,244,143,177,2
gwH5ONBsjTJ_pQ.jpg,gwH5ONBsjTJ_pQ,Free Composition of the Color Mass,Aleksandr Drevin,MOMus - Museum of Modern Art - Costakis Collection,/asset/free-composition-of-the-color-mass-aleksandr-drevin/gwH5ONBsjTJ_pQ,https://lh3.googleusercontent.com/ci/AL18g_Shf27V8uDgMWoc0rv3_4vAZbqc2zoCxxug2CtvnBhipo8TV_TNkYHbI_MSnABjALOb-_Wk9A=w128-h128-c,#e0b8c5,224,184,197,1.521927,PINK,#F48FB1,244,143,177,2
pAGS3sqGMMgnrA.jpg,pAGS3sqGMMgnrA,Bathing Men,Kuno Veeber,Art Museum of Estonia,/asset/bathing-men-kuno-veeber/pAGS3sqGMMgnrA,https://lh3.googleusercontent.com/ci/AL18g_R9cfU7DesHIO4gXsTrFee4zXj0gm-r5CUIBSSu6W7uTWZKV6tTlP8d9CqkugLNrJ4fLWZDQw=w128-h128-c,#e0b8c5,224,184,197,1.2187204,PINK,#F48FB1,244,143,177,2
MAGI_3TUoczSbw.jpg,MAGI_3TUoczSbw,Joseph W. Drexel,Jacob Hart Lazarus,The Metropolitan Museum of Art,/asset/joseph-w-drexel-jacob-hart-lazarus/MAGI_3TUoczSbw,https://lh3.googleusercontent.com/ci/AL18g_QUXCu06M9VKqDXmH2wnyRP413Yk0GtdFE4KWOt5EM9GADE1xuaebgPYOkiGDiqzFPVPtdohg=w128-h128-c,#dcb8e0,220,184,224,0.82345134,PINK,#F48FB1,244,143,177,2
bAE9fcwSxFxp4w.jpg,bAE9fcwSxFxp4w,California Spring,Albert Bierstadt (1830–1902),de Young museum,/asset/california-spring-albert-bierstadt-1830–1902/bAE9fcwSxFxp4w,https://lh3.googleusercontent.com/ci/AL18g_Q1a5ve_3AHWU5sqymp0jz_-xEaWxan40AEJt_kvBoozKVl2uiMshDUETza4fCL7IlgIW1g2SjO=w128-h128-c,#cec4d4,206,196,212,1.5640184,PURPLE,#9C27B0,156,39,176,3
PwFCAc1r2PKWuw.jpg,PwFCAc1r2PKWuw,Baño en la playa,Joaquín Sorolla,Real Academia de Bellas Artes de San Fernando,/asset/baño-en-la-playa-joaquín-sorolla/PwFCAc1r2PKWuw,https://lh3.googleusercontent.com/ci/AL18g_RYM8kyfqNqksF5J1tW4mVFbW6Tf0xIVLXAbGYw7HaA_Gn8TMsFKHLbKnxQ7IukKPtJHTyxJ9E=w128-h128-c,#cec2d6,206,194,214,1.396648,PURPLE,#9C27B0,156,39,176,3
gwGwXQrp_G7f3w.jpg,gwGwXQrp_G7f3w,Maharaja Raol Sir Takhtsinhji Jaswantsinhji of Bhavnagar,Raja Ravi Varma,The Ganesh Shivaswamy Foundation,/asset/maharaja-raol-sir-takhtsinhji-jaswantsinhji-of-bhavnagar-raja-ravi-varma/gwGwXQrp_G7f3w,https://lh3.googleusercontent.com/ci/AL18g_S6v4bRDPbS0tTdun-N9-LqFOJ9OGQ5pqoguKUEXCVX9Eg8fHIt-X6SnjyOpMQJPwjtsq1RBdUf=w128-h128-c,#d9bfd4,217,191,212,0.6730807,PURPLE,#9C27B0,156,39,176,3
wgGhTpK-scQKXw.jpg,wgGhTpK-scQKXw,Peinture/Nature Morte,Patrick Henry Bruce,"The Museum of Fine Arts, Houston",/asset/peinture-nature-morte-patrick-henry-bruce/wgGhTpK-scQKXw,https://lh3.googleusercontent.com/ci/AL18g_S8lugv4soxtfMZV-DE5pVzqxeo8S_Ew9k0oPUY_74TYUC9lPELRT1g98_fziJd6gTQnq8mSNlF=w128-h128-c,#cec2d6,206,194,214,1.3015184,PURPLE,#9C27B0,156,39,176,3
AAGzxt6u3IX49g.jpg,AAGzxt6u3IX49g,A palavra aos surdos-mudos,Oscar Pereira da Silva,Museu Nacional de Belas Artes,/asset/a-palavra-aos-surdos-mudos-oscar-pereira-da-silva/AAGzxt6u3IX49g,https://lh3.googleusercontent.com/ci/AL18g_QlGbCbBfBEhoKyZMsVQoLjAo4YlpKxRAb2zV9vMJ6lS4uYPTDHxWxrFNrzlXQhXiZQ3MxmHsc=w128-h128-c,#cec4d4,206,196,212,0.8043048,PURPLE,#9C27B0,156,39,176,3
BAHaxM2pqFVKDg.jpg,BAHaxM2pqFVKDg,John Haviland,John Neagle,The Metropolitan Museum of Art,/asset/john-haviland-john-neagle/BAHaxM2pqFVKDg,https://lh3.googleusercontent.com/ci/AL18g_SBEnFdsngJIOytbNwATWaY33lEgxEfXdsQYQafwfWgAwwiFg6P55SO3Z_pC5hTDDJaJU1fv_wD=w128-h128-c,#dab8e0,218,184,224,0.7861365,PURPLE,#9C27B0,156,39,176,3
1QHO04SRFYRCNw.jpg,1QHO04SRFYRCNw,White World,Walter Launt Palmer (1854-1932),Albany Institute of History & Art,/asset/white-world-walter-launt-palmer-1854-1932/1QHO04SRFYRCNw,https://lh3.googleusercontent.com/ci/AL18g_RRMGvK3syxhkAep3AYjLkT91fEnUxzQkCgQMrV-jYNQ6HIUmJwQDnwoKwa2AHfy3zHCeksaVd2=w128-h128-c,#cfc0d8,207,192,216,1.0047727,PURPLE,#9C27B0,156,39,176,3
xQF_BtFIRFsePA.jpg,xQF_BtFIRFsePA,Símbolo das praias,Pedro Bruno,Museu Nacional de Belas Artes,/asset/símbolo-das-praias-pedro-bruno/xQF_BtFIRFsePA,https://lh3.googleusercontent.com/ci/AL18g_ShWBYJ8wLMOWaOWaCsmoFfQ2ZmnK3E6_PtV0L956kjB3Mv0gJwNQHksGkMk4xsUcKF2XNvHgM=w128-h128-c,#cfc0d8,207,192,216,0.5781783,PURPLE,#9C27B0,156,39,176,3
ewFP_qAINAAN3A.jpg,ewFP_qAINAAN3A,"""Quiet with all Road Nuisances""","Robert Polhill Bevan, 1865–1925, British",Yale Center for British Art,/asset/quiet-with-all-road-nuisances-robert-polhill-bevan-1865–1925-british/ewFP_qAINAAN3A,https://lh3.googleusercontent.com/ci/AL18g_SkZ4rGqgG8WRp8moPAowu-mEgqtzcc5EOYqQXkQvzFnORtdaeORfRn6p4j6A1thMExUFhe2EyR=w128-h128-c,#dab8e0,218,184,224,1.2598425,PURPLE,#9C27B0,156,39,176,3
twGtmMrrRJ1wsQ.jpg,twGtmMrrRJ1wsQ,Portrait of Harriet Low in a Blue Dress with White Collar,George Chinnery,Hong Kong Maritime Museum,/asset/portrait-of-harriet-low-in-a-blue-dress-with-white-collar-george-chinnery/twGtmMrrRJ1wsQ,https://lh3.googleusercontent.com/ci/AL18g_T84LMnclkyfOv0MU0EsNUSyTBqI-ikXhP9Nvky8nKp6f_SpiZUJPfqEhL8EW5WEmiUPjlN0BQ=w128-h128-c,#cfbeda,207,190,218,0.768,PURPLE,#9C27B0,156,39,176,3
eQEZlwi-pWm8Hg.jpg,eQEZlwi-pWm8Hg,"Paisagem de Vila Isabel, Rio de Janeiro",João Batista Bordon,Museu Nacional de Belas Artes,/asset/paisagem-de-vila-isabel-rio-de-janeiro-joão-batista-bordon/eQEZlwi-pWm8Hg,https://lh3.googleusercontent.com/ci/AL18g_QOKwZnNvo0GmSnNaccD9L8gFk_KGeYG2XTKe8KtTDp0LXEX5mKVjFD1g3az6ZH9KSx8X_mhxI=w128-h128-c,#cfbeda,207,190,218,1.4318181,PURPLE,#9C27B0,156,39,176,3
mQHPkI6MG-ufAw.jpg,mQHPkI6MG-ufAw,Sierra Nevada,Antonio Muñoz Degrain (1840-1924),Museo de Bellas Artes de Granada,/asset/sierra-nevada-antonio-muñoz-degrain-1840-1924/mQHPkI6MG-ufAw,https://lh3.googleusercontent.com/ci/AL18g_T6R3mve_VWrPRSjoD7o9i_-1AXfJUtQLGU_UvAVXeurp2oFebfx6Sx2S9ggdMTpTkSlfqsvk_v=w128-h128-c,#cfc0d8,207,192,216,1.5078892,PURPLE,#9C27B0,156,39,176,3
egEgTaac_rWs3w.jpg,egEgTaac_rWs3w,The Lucky Hand (scene 1),Arnold Schönberg,Arnold Schönberg Center,/asset/the-lucky-hand-scene-1-arnold-schönberg/egEgTaac_rWs3w,https://lh3.googleusercontent.com/ci/AL18g_QL1n1JwdSFMmMuUO5lWYOqZ7CRZCyju9fnmhe-sS7SBvPf6hrue6g3luWfUyqz_o0c8Aez=w128-h128-c,#dab8e0,218,184,224,1.37852,PURPLE,#9C27B0,156,39,176,3
agGxzhAvcVgrYw.jpg,agGxzhAvcVgrYw,Landscape,Hachiro Nakagawa,"The Museum of Art, Ehime",/asset/landscape-hachiro-nakagawa/agGxzhAvcVgrYw,https://lh3.googleusercontent.com/ci/AL18g_Qync8PfKHhCv44c4jMeU1EpZsDxA0w3jLVSztPRLnULRePpYSf9RwwX5jLc1nU0nH9vzQq=w128-h128-c,#cfc0d8,207,192,216,1.2370154,PURPLE,#9C27B0,156,39,176,3
_wFrrtjN5hZ7aA.jpg,_wFrrtjN5hZ7aA,Castle Wall of Iken,Hachiro Nakagawa,"The Museum of Art, Ehime",/asset/castle-wall-of-iken-hachiro-nakagawa/_wFrrtjN5hZ7aA,https://lh3.googleusercontent.com/ci/AL18g_SZ4XkMCuMW6-6OBqVwx4FX2DmZCcHqUTInMRDnc0z1xE3oKMvs7_ZIlmynl4pwpgQc_aKLSA=w128-h128-c,#bebddb,190,189,219,0.7197987,PURPLE,#9C27B0,156,39,176,3
LQELtshC9ka4KQ.jpg,LQELtshC9ka4KQ,Mt. Asama in Autumn,Hachiro Nakagawa,"The Museum of Art, Ehime",/asset/mt-asama-in-autumn-hachiro-nakagawa/LQELtshC9ka4KQ,https://lh3.googleusercontent.com/ci/AL18g_SrEiCZO882VFmQc2uBSrEzR4OmBfvFMgy4h77KvdxRQqi3GD1rBj84na4LquLEEkSxRoCqM54=w128-h128-c,#bebddb,190,189,219,1.3618615,PURPLE,#9C27B0,156,39,176,3
8gFMyjxdfrZJsA.jpg,8gFMyjxdfrZJsA,Cover of 'The Song and the Shadow' by Sophie Cole,"Cole, Sophie, 1862-1947.",University of Reading Special Collections,/asset/cover-of-the-song-and-the-shadow-by-sophie-cole-cole-sophie-1862-1947/8gFMyjxdfrZJsA,https://lh3.googleusercontent.com/ci/AL18g_Q8uad1ZU78NNivsOet3rS32Dt9jUATjdBcP-HLcSHWUDuvAFJHgw1c2YYuysmWn0SWs-4ORQ=w128-h128-c,#cfbeda,207,190,218,0.7545321,PURPLE,#9C27B0,156,39,176,3
LwFku-McRAodoA.jpg,LwFku-McRAodoA,Landscape of Ochanomizu,Masamu Yanase,"The Museum of Art, Ehime",/asset/landscape-of-ochanomizu-masamu-yanase/LwFku-McRAodoA,https://lh3.googleusercontent.com/ci/AL18g_TCjoa7JgMCRoZOTmeaeuqxaemwruSxl9wdy2Wj6nuRI46cn0_NXA03ZcGE4Y1_YW8FB7Qxiw=w128-h128-c,#cec2d6,206,194,214,0.749522,PURPLE,#9C27B0,156,39,176,3
YgFVoWZBy7xADg.jpg,YgFVoWZBy7xADg,Mountains and Houses,Masamu Yanase,"The Museum of Art, Ehime",/asset/mountains-and-houses-masamu-yanase/YgFVoWZBy7xADg,https://lh3.googleusercontent.com/ci/AL18g_SLIW6fuGi_jyIN_Ulv7Wl0yVEbmjVO8p2z6NX6KgP0Y2GwqQbibqJOLDwRWB7-FR6fibf7LV0-=w128-h128-c,#cec2d6,206,194,214,0.7405797,PURPLE,#9C27B0,156,39,176,3
gwFhsiqg5PmaSg.jpg,gwFhsiqg5PmaSg,Evening Sun（Setting over Mt. Ontake）,Masamu Yanase,"The Museum of Art, Ehime",/asset/evening-sun（setting-over-mt-ontake）-masamu-yanase/gwFhsiqg5PmaSg,https://lh3.googleusercontent.com/ci/AL18g_Sz2QAoK3kMJLQiRwtwd4iqsqkTuMfuW0XyXuprmvQegamGT5OcdRrYq7sbFiUhQTKnDYBSXaGJ=w128-h128-c,#cec2d6,206,194,214,1.2720488,PURPLE,#9C27B0,156,39,176,3
bgEuwDxel93-Pg.jpg,bgEuwDxel93-Pg,The Starry Night,Vincent van Gogh,MoMA The Museum of Modern Art,/asset/the-starry-night-vincent-van-gogh/bgEuwDxel93-Pg,https://lh3.googleusercontent.com/ci/AL18g_SJIanJjldFT9xGxUFlyKtVzYo_GxFPXccNLsxjD3rN2uYGk55T4XgdUOYJhwkOx2JFw7T06A=w128-h128-c,#c2cad6,194,202,214,1.2628433,BLUE,#2A56C6,42,86,198,4
dwFdD5AMQfpSew.jpg,dwFdD5AMQfpSew,Wheatfield with crows,Vincent van Gogh,Van Gogh Museum,/asset/wheatfield-with-crows-vincent-van-gogh/dwFdD5AMQfpSew,https://lh3.googleusercontent.com/ci/AL18g_RIFczV4Frxl0O-L8OZmI66bZ16ZxjhbMteWoIB1lJP5pIvZANTBgmSz66zI2GJevEEMpkqjBM=w128-h128-c,#b8cce0,184,204,224,2.102518,BLUE,#2A56C6,42,86,198,4
4gEx_EL470OSUw.jpg,4gEx_EL470OSUw,The yellow house (`The street'),Vincent van Gogh,Van Gogh Museum,/asset/the-yellow-house-the-street-vincent-van-gogh/4gEx_EL470OSUw,https://lh3.googleusercontent.com/ci/AL18g_RmbdieJ_9lKjgTs0bpTsPedG-HyFepoV3oV6Lc9X2rH2Tn7pSOVejhVEyQVVPMov37B64RNUM=w128-h128-c,#b8cce0,184,204,224,1.2762097,BLUE,#2A56C6,42,86,198,4
4wEXP9j2v6hpYw.jpg,4wEXP9j2v6hpYw,Country road in Provence by night,Vincent van Gogh,Kröller-Müller Museum,/asset/country-road-in-provence-by-night-vincent-van-gogh/4wEXP9j2v6hpYw,https://lh3.googleusercontent.com/ci/AL18g_QEbysNp4YKokvQV34ccgU3T1wmOSahFnBST65W15axkJDeDRoj7MtUjO4CG7xrA6LwWE5ulak=w128-h128-c,#c2cad6,194,202,214,0.79351777,BLUE,#2A56C6,42,86,198,4
5wGHW8o0QOcQ3g.jpg,5wGHW8o0QOcQ3g,The Boating Party,Mary Cassatt,"National Gallery of Art, Washington DC",/asset/the-boating-party-mary-cassatt/5wGHW8o0QOcQ3g,https://lh3.googleusercontent.com/ci/AL18g_Q2JzDrLqZuHyzPm61oI4fRDW6L-g_K0D-EPfjGeztcO_Lm6cev6ETa0ks8E29neXMtr9qkig=w128-h128-c,#b8cbe0,184,203,224,1.3039979,BLUE,#2A56C6,42,86,198,4
MwFEMcfFsoXeXA.jpg,MwFEMcfFsoXeXA,The Boating Party,Mary Cassatt,"National Gallery of Art, Washington DC",/asset/the-boating-party-mary-cassatt/MwFEMcfFsoXeXA,https://lh3.googleusercontent.com/ci/AL18g_TUIg9aVKE237Ac84TkZNeyp3_TZJ-w3-WiUpinz0qmaJPnhqiE_mQUzeIk3SGfHRqJGwAgX1sM=w128-h128-c,#b8cbe0,184,203,224,1.2974375,BLUE,#2A56C6,42,86,198,4
kAErTfh0dORNwQ.jpg,kAErTfh0dORNwQ,Wheatfield under Thunderclouds,Vincent van Gogh,Van Gogh Museum,/asset/wheatfield-under-thunderclouds-vincent-van-gogh/kAErTfh0dORNwQ,https://lh3.googleusercontent.com/ci/AL18g_TlmVpeNt3xeH2KHcvcs6NTwkraXS60eDNezTQIz9ImiS_-kV8RoNLDchpqKkGdiAzMd000nIAo=w128-h128-c,#b8cce0,184,204,224,2.0354033,BLUE,#2A56C6,42,86,198,4
nwEw_d8jN9jVbw.jpg,nwEw_d8jN9jVbw,Postman Joseph Roulin,Vincent van Gogh,"Museum of Fine Arts, Boston",/asset/postman-joseph-roulin-vincent-van-gogh/nwEw_d8jN9jVbw,https://lh3.googleusercontent.com/ci/AL18g_R23FDHAgXW40Qg8rCCz1vcOn7xoUsWWL0WqtiYa0l3gIv-yv0s4_ms2riudnmRz47Wx4OTxw=w128-h128-c,#b8cae0,184,202,224,0.80078125,BLUE,#2A56C6,42,86,198,4
WAFRh_vU9ZvTPg.jpg,WAFRh_vU9ZvTPg,"Pont Neuf, Paris",Auguste Renoir,"National Gallery of Art, Washington DC",/asset/pont-neuf-paris-auguste-renoir/WAFRh_vU9ZvTPg,https://lh3.googleusercontent.com/ci/AL18g_S81PhM6MZ9YDDYE3l21uo7AUkHWvyL9EqojgPoVFtfMWCtCvohwQJUQXyJSz2jsyhNCB3c0Q=w128-h128-c,#b8cae0,184,202,224,1.252289,BLUE,#2A56C6,42,86,198,4
CAGqkSZxXVjDwg.jpg,CAGqkSZxXVjDwg,Battle of Cowpens (1781),William Ranney,The White House,/asset/battle-of-cowpens-1781-william-ranney/CAGqkSZxXVjDwg,https://lh3.googleusercontent.com/ci/AL18g_SAoB42BA4LC0_JqFbVAH0HC0l7tjdwelxa7Wn_sM9zrVnJSlvcD6UbnWJiMLe2aWYL9K9X5vk=w128-h128-c,#b8c8e0,184,200,224,1.5,BLUE,#2A56C6,42,86,198,4
gwFRsyXtRprA5g.jpg,gwFRsyXtRprA5g,Virgin and Child with the Young Saint John the Baptist (The Esterházy Madonna),Raphael,"Museum of Fine Arts, Budapest",/asset/virgin-and-child-with-the-young-saint-john-the-baptist-the-esterházy-madonna-raphael/gwFRsyXtRprA5g,https://lh3.googleusercontent.com/ci/AL18g_TfDgnUpTBVanS1kOTEM8b_0uoeA4517EkrmY6AHkTa4_miMIXpnoWNtlLcKDBPvo75qsc6-qbY=w128-h128-c,#c2cad6,194,202,214,0.7348665,BLUE,#2A56C6,42,86,198,4
dQGSvz9nCSYxgw.jpg,dQGSvz9nCSYxgw,The Olive Trees,Vincent van Gogh,MoMA The Museum of Modern Art,/asset/the-olive-trees-vincent-van-gogh/dQGSvz9nCSYxgw,https://lh3.googleusercontent.com/ci/AL18g_SY7yPH2l0L_BnzcPeSrikLi7rtg5NtgRHghttV3qUY5IV1fnobxGiVV0PaGVPFtTwCK1b8wOE=w128-h128-c,#b8cce0,184,204,224,1.2591901,BLUE,#2A56C6,42,86,198,4
6AEoMBEEGYcIRA.jpg,6AEoMBEEGYcIRA,The Bridge at Villeneuve-la-Garenne,Alfred Sisley,The Metropolitan Museum of Art,/asset/the-bridge-at-villeneuve-la-garenne-alfred-sisley/6AEoMBEEGYcIRA,https://lh3.googleusercontent.com/ci/AL18g_SHvC2uQraL-qlbLTQvJQ73CB2TKyjGQcho5ChaA3NJCMnPk4rGu0-IRu-fGXJIWrm0HXjf36oD=w128-h128-c,#becada,190,202,218,1.3091722,BLUE,#2A56C6,42,86,198,4
XwHuufJZYFvUnA.jpg,XwHuufJZYFvUnA,Sunflowers,Vincent van Gogh,The Metropolitan Museum of Art,/asset/sunflowers-vincent-van-gogh/XwHuufJZYFvUnA,https://lh3.googleusercontent.com/ci/AL18g_RgCyEz1eJNVSOoR9PfIJAzIea6x0ixKtRrJqBGj3Z8q_X_fytFAUtQuZl2isTvKdbAUUsC9Ux5=w128-h128-c,#becbda,190,203,218,1.4122553,BLUE,#2A56C6,42,86,198,4
wwHZ6eVf6zFxEw.jpg,wwHZ6eVf6zFxEw,Virgin of the Apocalypse,Miguel Cabrera,Colección Blaisten,/asset/virgin-of-the-apocalypse-miguel-cabrera/wwHZ6eVf6zFxEw,https://lh3.googleusercontent.com/ci/AL18g_SFomlDzv5pITaQN52vcBW0lunZijbPYLFrp4WlMs4Mfw6INbMzcsyKmiq77nScQALw7OIz3ZKd=w128-h128-c,#b8cbe0,184,203,224,0.74853516,BLUE,#2A56C6,42,86,198,4
NQG5XIIvdkbigA.jpg,NQG5XIIvdkbigA,Winter Night in the Mountains,Harald Sohlberg,"The National Museum of Art, Architecture and Design, Norway",/asset/winter-night-in-the-mountains-harald-sohlberg/NQG5XIIvdkbigA,https://lh3.googleusercontent.com/ci/AL18g_Q2DkYYeGGiw2NN2rCdJz9mp-HuW6A_wxVAH0vuf9g7upeJ63UNfQl40Uzmje1Cjhd00tVNdrc=w128-h128-c,#b8cae0,184,202,224,1.1355331,BLUE,#2A56C6,42,86,198,4
zAFdL1SpZE0r-A.jpg,zAFdL1SpZE0r-A,Self-Portrait,Vincent van Gogh,"National Gallery of Art, Washington DC",/asset/self-portrait-vincent-van-gogh/zAFdL1SpZE0r-A,https://lh3.googleusercontent.com/ci/AL18g_Tpv5ZrYA7vbCX4vARrn-b5lB6qm7cQk08g10T8ssBf3bba-DYa9Ya7APNIOo0guFXXx5llz1w=w128-h128-c,#becbda,190,203,218,0.76706856,BLUE,#2A56C6,42,86,198,4
mwE3yo7ZLwPcHA.jpg,mwE3yo7ZLwPcHA,Sunlight in the blue room,Anna Ancher,Skagens Museum,/asset/sunlight-in-the-blue-room-anna-ancher/mwE3yo7ZLwPcHA,https://lh3.googleusercontent.com/ci/AL18g_Sus93T8U9HRLspV_f4tbkNVV3VS1MHIKkcWIYa_Ga4VOjdRQlX5oBtuL2Z9Hkaw6lXgc1clRk=w128-h128-c,#b8cce0,184,204,224,0.8906623,BLUE,#2A56C6,42,86,198,4
jwGXX-1h0n7Pig.jpg,jwGXX-1h0n7Pig,"The dining room, Opus 152",Paul Signac,Kröller-Müller Museum,/asset/the-dining-room-opus-152-paul-signac/jwGXX-1h0n7Pig,https://lh3.googleusercontent.com/ci/AL18g_RyCGgijvgMI3gsT3c59e5ZgI2WAuTJuEO_HPRuTVMl-_R7w0yKU25Hb_7WfxEF3WlsjSokCsmx=w128-h128-c,#b8bbe0,184,187,224,1.3095499,BLUE,#2A56C6,42,86,198,4
JQEtl5x5-Dgi7Q.jpg,JQEtl5x5-Dgi7Q,Festa Escolar no Ipiranga,Agustín Salinas y Teruel,Pinacoteca de São Paulo,/asset/festa-escolar-no-ipiranga-agustín-salinas-y-teruel/JQEtl5x5-Dgi7Q,https://lh3.googleusercontent.com/ci/AL18g_RkHfJrqkHJ9w7M-paMVXqdvoSuJ90vkbN0PQjIwzDWxjVDLXtGP-RZSayoWTlG58UNDgfcbw=w128-h128-c,#b8d7e0,184,215,224,1.5127597,BLUE,#2A56C6,42,86,198,4
jAE07Cw-nu4-og.jpg,jAE07Cw-nu4-og,On the Pont de l’Europe,Gustave Caillebotte,Kimbell Art Museum,/asset/on-the-pont-de-l’europe-gustave-caillebotte/jAE07Cw-nu4-og,https://lh3.googleusercontent.com/ci/AL18g_QB508vfhiYfoWBlkDoSRem4Z2po0EvGyOf6SJzmXX2KvlviX4fIg-_jDQFv_QPSuhGaAsuPxI=w128-h128-c,#c2cad6,194,202,214,1.2481573,BLUE,#2A56C6,42,86,198,4
LQFgiSTtr-Walg.jpg,LQFgiSTtr-Walg,Venus of Poetry,Julio Romero de Torres,Bilboa Museoa. Museo de Bellas Artes de Bilbao,/asset/venus-of-poetry-julio-romero-de-torres/LQFgiSTtr-Walg,https://lh3.googleusercontent.com/ci/AL18g_S4yL63CVNYnRclzU8HfY_QAtUS9N9JFyqLnA30O1TLvZV_DhjpBf1ik9I8WYnmSVxrVxrZEJM=w128-h128-c,#b8c3e0,184,195,224,1.6185436,BLUE,#2A56C6,42,86,198,4
3QFU0Vl38eLOcA.jpg,3QFU0Vl38eLOcA,Starry Night,Edvard Munch,The J. Paul Getty Museum,/asset/starry-night-edvard-munch/3QFU0Vl38eLOcA,https://lh3.googleusercontent.com/ci/AL18g_R44oEc0bE46v4VJ9dNSVVXXZ2eexGuWlCobecq9Ye1R5J6K6ZSFnE07PSvCc5FsYtaGVmNj5Q=w128-h128-c,#becbda,190,203,218,1.0304974,BLUE,#2A56C6,42,86,198,4
OwG-PyJ-5pbf8A.jpg,OwG-PyJ-5pbf8A,The blue Kitchen,Ludvig Karsten,"The National Museum of Art, Architecture and Design, Norway",/asset/the-blue-kitchen-ludvig-karsten/OwG-PyJ-5pbf8A,https://lh3.googleusercontent.com/ci/AL18g_SBiOuWT8FMM799b9hCiYOG1W2J4RbabexEMtYq2cjFA_7kcRvtnvb0iUvSHPdU0V1VFaKxLFA=w128-h128-c,#b8cce0,184,204,224,1.2826656,BLUE,#2A56C6,42,86,198,4
hQFYFYqBAXTSug.jpg,hQFYFYqBAXTSug,Woman in a Chemise,André Derain,SMK - Statens Museum for Kunst,/asset/woman-in-a-chemise-andré-derain/hQFYFYqBAXTSug,https://lh3.googleusercontent.com/ci/AL18g_S3UGA98yACDAgr58if3BzdfihvSrDpsR41Ou8UuFe0aTyO6vDkSKhb4nGELDl1lZqZ2yIk8O8=w128-h128-c,#b8cce0,184,204,224,0.8080489,BLUE,#2A56C6,42,86,198,4
SAFhIKAr_n0oUg.jpg,SAFhIKAr_n0oUg,The Seed of the Areoi,Paul Gauguin,MoMA The Museum of Modern Art,/asset/the-seed-of-the-areoi-paul-gauguin/SAFhIKAr_n0oUg,https://lh3.googleusercontent.com/ci/AL18g_S27DTkM7gkb_7cfXVmOAgeBnirfjmmK5iPeUFXEU6QU4Q3o4UrRFDhoT5-kgxSYuth_TYY=w128-h128-c,#becada,190,202,218,0.77503854,BLUE,#2A56C6,42,86,198,4
YgG_lk-tyTVL6A.jpg,YgG_lk-tyTVL6A,Contes barbares (Barbarian Tales),Paul Gauguin,Museum Folkwang,/asset/contes-barbares-barbarian-tales-paul-gauguin/YgG_lk-tyTVL6A,https://lh3.googleusercontent.com/ci/AL18g_QC-7PvL9k22zqs598FQr8NNLd3ak3y2z32WPuUPuEAocQGcrPA0xVMGA9J1yOCGWnqBN0Hpg=w128-h128-c,#b8cbe0,184,203,224,0.684,BLUE,#2A56C6,42,86,198,4
UwHdAp_HJhwOOg.jpg,UwHdAp_HJhwOOg,The Red Tower in Halle,Ernst Ludwig Kirchner,Museum Folkwang,/asset/the-red-tower-in-halle-ernst-ludwig-kirchner/UwHdAp_HJhwOOg,https://lh3.googleusercontent.com/ci/AL18g_TLiExpl1ehkwDBy4dRc3RKtXH42Qg58YLY8AJuV8cYKbh-SRpeUeUlBD9tonqkThfPX3Inpg=w128-h128-c,#becada,190,202,218,0.73877066,BLUE,#2A56C6,42,86,198,4
CwGy5-7ArKVRqw.jpg,CwGy5-7ArKVRqw,Flags,Theodore Earl Butler,Birmingham Museum of Art,/asset/flags-theodore-earl-butler/CwGy5-7ArKVRqw,https://lh3.googleusercontent.com/ci/AL18g_S1vDcwSxXROx-_YJI_xmtJcvDgV9F6xGCAMCbZdwcNcevf73P-9_jF1GXHhG56nE4U7X1Z=w128-h128-c,#becada,190,202,218,0.6539466,BLUE,#2A56C6,42,86,198,4
VAHxvTDzGMlyjA.jpg,VAHxvTDzGMlyjA,"The Voice of the City of New York Interpreted: The Port (The Harbor, The Battery)",Joseph Stella,The Newark Museum of Art,/asset/the-voice-of-the-city-of-new-york-interpreted-the-port-the-harbor-the-battery-joseph-stella/VAHxvTDzGMlyjA,https://lh3.googleusercontent.com/ci/AL18g_T8hWuCK9G2JKKNJTaVPz2HvwXi7Cj_ngOFHa-55WTkfTGEbTNrCUG83fULc3gPvAZO5CBv=w128-h128-c,#b8cbe0,184,203,224,0.59566665,BLUE,#2A56C6,42,86,198,4
vgGFcqtgPtu3Yg.jpg,vgGFcqtgPtu3Yg,The Bonaventure Pine,Paul Signac,"The Museum of Fine Arts, Houston",/asset/the-bonaventure-pine-paul-signac/vgGFcqtgPtu3Yg,https://lh3.googleusercontent.com/ci/AL18g_SYWUl8eFw5ZU0pRe3HAS5MBWRaVPLUKRt-RbZSm7L-wMxCI5v-qrPoCwr9FKwtzkolvor7ZQ=w128-h128-c,#c2cad6,194,202,214,1.2371134,BLUE,#2A56C6,42,86,198,4
9QEsDwDER2_ubQ.jpg,9QEsDwDER2_ubQ,Gothic Church on a Rock by the Sea,Karl Friedrich Schinkel,"Alte Nationalgalerie, Staatliche Museen zu Berlin",/asset/gothic-church-on-a-rock-by-the-sea-karl-friedrich-schinkel/9QEsDwDER2_ubQ,https://lh3.googleusercontent.com/ci/AL18g_S-vHOLGNl8ZESuwh74D1ozG8BqA3FzLXK5Hx-ZLOchgItXwQryFcz7QxeoZ_0Tbgh06rASOg=w128-h128-c,#c2cad6,194,202,214,1.3517741,BLUE,#2A56C6,42,86,198,4
IAGuNzCxt6U84w.jpg,IAGuNzCxt6U84w,Vahine no te vi (Woman of the Mango),Paul Gauguin,The Baltimore Museum of Art,/asset/vahine-no-te-vi-woman-of-the-mango-paul-gauguin/IAGuNzCxt6U84w,https://lh3.googleusercontent.com/ci/AL18g_Te1EapD_1nXn83_dsFGyp1XBEJB5lWi2pfiwYIL0QqM5jWJr01pXWOdAFdjyUnimhE7Xh_=w128-h128-c,#b8cbe0,184,203,224,0.6142857,BLUE,#2A56C6,42,86,198,4
OgGSG-1TC_nbgQ.jpg,OgGSG-1TC_nbgQ,Rochefort’s Escape,Édouard Manet,Kunsthaus Zürich,/asset/rochefort’s-escape-Édouard-manet/OgGSG-1TC_nbgQ,https://lh3.googleusercontent.com/ci/AL18g_RS8gvVQsrNcNrnvlETF61TFSXGC3F-Jb09GBbGIMy-Ii0naAvk3aCYzywx0Tj8MRqUIfdE=w128-h128-c,#b8cbe0,184,203,224,0.79025,BLUE,#2A56C6,42,86,198,4
0QH6wvxikg8YWA.jpg,0QH6wvxikg8YWA,A Study for 'Une Baignade',Georges Seurat,National Galleries Scotland: National,/asset/a-study-for-une-baignade-georges-seurat/0QH6wvxikg8YWA,https://lh3.googleusercontent.com/ci/AL18g_S1Ly-TkH2EUvKrM3207S6LaSdJWxgP_fUpl12v0XoiIyUOOMEhVbtr0q-EWLBXFll9JMMghA=w128-h128-c,#becada,190,202,218,1.5968763,BLUE,#2A56C6,42,86,198,4
SQETGu-_8u_tgw.jpg,SQETGu-_8u_tgw,The Lock of Saint-Mammès (L'ecluse de Saint-Mammès),Alfred Sisley,The Nelson-Atkins Museum of Art,/asset/the-lock-of-saint-mammès-l-ecluse-de-saint-mammès-alfred-sisley/SQETGu-_8u_tgw,https://lh3.googleusercontent.com/ci/AL18g_SQTZgnBliFWPMO0TsvvC6vAfGZc9Jv7wuzBydbOA5T-o0CUJsdNHIA5imsFUZKYu8IKhVE=w128-h128-c,#becada,190,202,218,1.4868739,BLUE,#2A56C6,42,86,198,4
7QGi6LO9tghIsw.jpg,7QGi6LO9tghIsw,Milliner's Shop,August Macke,Museum Folkwang,/asset/milliner-s-shop-august-macke/7QGi6LO9tghIsw,https://lh3.googleusercontent.com/ci/AL18g_RWsSDi9URXOQzuN8VuKd8OLpNERFrVS1ttVyvqWpsU6vY_YfMjTbiRN0wYKzruf4ElQ3v0Sg=w128-h128-c,#becada,190,202,218,0.8244,BLUE,#2A56C6,42,86,198,4
yQE-4Kxbbk-Szg.jpg,yQE-4Kxbbk-Szg,Stati d'animo - Quelli che vanno,Umberto Boccioni,Museo del Novecento,/asset/stati-d-animo-quelli-che-vanno-umberto-boccioni/yQE-4Kxbbk-Szg,https://lh3.googleusercontent.com/ci/AL18g_RjnRqRk6zrjoyLNh1kQsgoFnKat7SXmwmaInxM-G1P4iFtWbIRtQhnAvHJQjGec52D2LTs6Q=w128-h128-c,#b8cbe0,184,203,224,1.3786762,BLUE,#2A56C6,42,86,198,4
uAFGVAmXDXyX2Q.jpg,uAFGVAmXDXyX2Q,Elijah Fed by the Raven,Giovanni Girolamo Savoldo,"National Gallery of Art, Washington DC",/asset/elijah-fed-by-the-raven-giovanni-girolamo-savoldo/uAFGVAmXDXyX2Q,https://lh3.googleusercontent.com/ci/AL18g_S-Vh6v8jJyIdiadRCagOnolOkN51tEm91zZElwH25HngyJI7ZUPycAfYrPpF9HuGIqdnyAoA=w128-h128-c,#c2cad6,194,202,214,0.8039551,BLUE,#2A56C6,42,86,198,4
ugEmWcTocbWs2g.jpg,ugEmWcTocbWs2g,Backstage―Symphony in Blue,Jean-Louis Forain,Ohara Museum of Art,/asset/backstage―symphony-in-blue-jean-louis-forain/ugEmWcTocbWs2g,https://lh3.googleusercontent.com/ci/AL18g_T74tQI7sjo0gUTvfI-cOWLWUXG3dcJw5MlVZLeb0XqT9yqF0BCk3iaBp0kY7h8RSz6kH22jg=w128-h128-c,#becbda,190,203,218,1.2184176,BLUE,#2A56C6,42,86,198,4
8AHSAmNzdf7yew.jpg,8AHSAmNzdf7yew,Saint Veronica [obverse],Hans Memling,"National Gallery of Art, Washington DC",/asset/saint-veronica-obverse-hans-memling/8AHSAmNzdf7yew,https://lh3.googleusercontent.com/ci/AL18g_TWCOUCEiYASZwoUvkdx3KO8V-03i6FN-7S_Li-GrEu-vx4wEOAQl0JsyLiaqlQKKSRb7Sn=w128-h128-c,#b8cbe0,184,203,224,0.7503347,BLUE,#2A56C6,42,86,198,4
tgGlWW6yn0E0yg.jpg,tgGlWW6yn0E0yg,Composition of Circles and Overlapping Angles,Sophie Taeuber-Arp,MoMA The Museum of Modern Art,/asset/composition-of-circles-and-overlapping-angles-sophie-taeuber-arp/tgGlWW6yn0E0yg,https://lh3.googleusercontent.com/ci/AL18g_R3SYlZMm8UIOUINKZL8j1bT2pJiudv85Gjbd1mXiW9CKav9NBesZscyXtXuoc0sx-zLvPLg3Y=w128-h128-c,#becada,190,202,218,1.3201483,BLUE,#2A56C6,42,86,198,4
fAFZCLur0wdRPQ.jpg,fAFZCLur0wdRPQ,Cider Making,William Sidney Mount,The Metropolitan Museum of Art,/asset/cider-making-william-sidney-mount/fAFZCLur0wdRPQ,https://lh3.googleusercontent.com/ci/AL18g_Sj37Cee6hUT41cvasgPjm3Fc9968A1RWc9feZbWoz2PE11vfiTY1hCx_uiuyzqGpLoox8Q=w128-h128-c,#becada,190,202,218,1.2677977,BLUE,#2A56C6,42,86,198,4
EgGisadheozIlg.jpg,EgGisadheozIlg,Saint Boniface,Alfred Rethel,"Alte Nationalgalerie, Staatliche Museen zu Berlin",/asset/saint-boniface-alfred-rethel/EgGisadheozIlg,https://lh3.googleusercontent.com/ci/AL18g_QAapY_z-jvPnpaN0hQKJSzcfiug0QISOtajmam9MRD-F2ftEdJfzNRUQMmA4QS2j9Yk0sC=w128-h128-c,#b8c8e0,184,200,224,0.625909,BLUE,#2A56C6,42,86,198,4
7QHlwBuaZYOk5w.jpg,7QHlwBuaZYOk5w,White Cottages at Saintes-Maries,Vincent van Gogh,Kunsthaus Zürich,/asset/white-cottages-at-saintes-maries-vincent-van-gogh/7QHlwBuaZYOk5w,https://lh3.googleusercontent.com/ci/AL18g_SvGRp5azTJdFZncn2Tq2ClWlVhIDfhzu7nea2n43iMM-3i6CxfIH4LfIAue_SozM0sLbqy=w128-h128-c,#b8cce0,184,204,224,1.257071,BLUE,#2A56C6,42,86,198,4
0gHlflLW5w6N-w.jpg,0gHlflLW5w6N-w,Head of a Woman,Alexej von Jawlensky,National Galleries Scotland: Modern,/asset/head-of-a-woman-alexej-von-jawlensky/0gHlflLW5w6N-w,https://lh3.googleusercontent.com/ci/AL18g_Q5qEIuUhP8nDysUg6cR8GXkGPmphOr3lbN5Z7csQtL5QBsnOfnpSNAh8uQockTorWpuRmh4w=w128-h128-c,#b8bbe0,184,187,224,0.9527923,BLUE,#2A56C6,42,86,198,4
aAEYqVBH8E_iLQ.jpg,aAEYqVBH8E_iLQ,Street in Tahiti,Paul Gauguin,The Toledo Museum of Art,/asset/street-in-tahiti-paul-gauguin/aAEYqVBH8E_iLQ,https://lh3.googleusercontent.com/ci/AL18g_R1blKPZ3EE2J2lA-7Vhz0LJ1buiHPiQMh01bc0j9UqTSQb26xhFx0VQ-vTQVxeH8H7kvr_=w128-h128-c,#b8c3e0,184,195,224,0.7663567,BLUE,#2A56C6,42,86,198,4
8wE3fjSYq3EMZw.jpg,8wE3fjSYq3EMZw,Study for 'Le Chahut',Georges Seurat,The Courtauld Institute of Art,/asset/study-for-le-chahut-georges-seurat/8wE3fjSYq3EMZw,https://lh3.googleusercontent.com/ci/AL18g_QkkIy6e9t0ozIo1X9OkiOAJZGmcHt03-tuHbSpZDxKLPLSkzldBBvF5pbs-DDNr__haxbMRyY=w128-h128-c,#b8c4e0,184,196,224,0.7204969,BLUE,#2A56C6,42,86,198,4
jAHlqSN1CVdFmQ.jpg,jAHlqSN1CVdFmQ,Madonna Adoring the Child with Five Angels,Sandro Botticelli,The Baltimore Museum of Art,/asset/madonna-adoring-the-child-with-five-angels-sandro-botticelli/jAHlqSN1CVdFmQ,https://lh3.googleusercontent.com/ci/AL18g_SNMdOvYCPcdVJg5p5vJ9g4Ea2KxPs2uZmYCf4MA-2V4dpOyBa2lvrUipwip7ZTF2eymwYAcg=w128-h128-c,#becbda,190,203,218,1.1115786,BLUE,#2A56C6,42,86,198,4
6AF2HIXMHTAB_Q.jpg,6AF2HIXMHTAB_Q,Girl in Blue Arranging Flowers,Frederick Carl Frieseke,"The Museum of Fine Arts, Houston",/asset/girl-in-blue-arranging-flowers-frederick-carl-frieseke/6AF2HIXMHTAB_Q,https://lh3.googleusercontent.com/ci/AL18g_S-j6rbAodeFtP2tpxw_VlLTyuAGJJxHwe8KlUBd0BmPMdMZEPTWhC2oCNhFm2O4aaUtZYeQ_A=w128-h128-c,#becada,190,202,218,0.99666667,BLUE,#2A56C6,42,86,198,4
uQE8lP1m43Hfqw.jpg,uQE8lP1m43Hfqw,La sibilla cumana,Tullio Garbari,"Mart, Museum of modern and contemporary art of Trento and Rovereto",/asset/la-sibilla-cumana-tullio-garbari/uQE8lP1m43Hfqw,https://lh3.googleusercontent.com/ci/AL18g_R7gzT4uFjkvTX1bdMK9T6d77YM4gsNKTzg2p4iOftIiFxHjMKv7qXp_IOxwtcg6hDf8-LsQA=w128-h128-c,#b8cae0,184,202,224,0.8130202,BLUE,#2A56C6,42,86,198,4
kAEhZEyD_7XrWw.jpg,kAEhZEyD_7XrWw,From McMahon's Point - fare one penny,Arthur STREETON,National Gallery of Australia,/asset/from-mcmahon-s-point-fare-one-penny-arthur-streeton/kAEhZEyD_7XrWw,https://lh3.googleusercontent.com/ci/AL18g_QbP_8W18LFJOyklpn6A6OWzfqMfCFD6s4SZc3TYmb57ZlxJOl-Nd9aGmdvWPGXaHxQPCVgGw=w128-h128-c,#b8cce0,184,204,224,0.7726496,BLUE,#2A56C6,42,86,198,4
0AGvxV-Uy8L7XA.jpg,0AGvxV-Uy8L7XA,From Mleta to Gudauri,Ivan Aivazovsky,Dagestan Museum of Fine Arts named after P. S. Gamzatova,/asset/from-mleta-to-gudauri-ivan-aivazovsky/0AGvxV-Uy8L7XA,https://lh3.googleusercontent.com/ci/AL18g_TZV5iQEPAqQx8j8IPTPUiBLeOYFt4DchHPSyHvk3dX-q97k2s9fG8wd_MBg_E-m4zkuHWCmA=w128-h128-c,#c2cad6,194,202,214,1.4553336,BLUE,#2A56C6,42,86,198,4
hgH9i3P4RjgaIw.jpg,hgH9i3P4RjgaIw,Washington at the Delaware,Edward Hicks,Chrysler Museum of Art,/asset/washington-at-the-delaware-edward-hicks/hgH9i3P4RjgaIw,https://lh3.googleusercontent.com/ci/AL18g_Tz8iy79W_EBjFK-rZSqqjsofSpFCLxhScQppW4Z9U2RILn38xgyVpQ-q0vicolg4aFZvX0wg=w128-h128-c,#b8cbe0,184,203,224,1.2886598,BLUE,#2A56C6,42,86,198,4
oAE-jwUd-XL1hQ.jpg,oAE-jwUd-XL1hQ,Dance in the Country,Auguste Renoir (1841-1919),Rmn-Grand Palais,/asset/dance-in-the-country-auguste-renoir-1841-1919-and-paris-orsay-museum/oAE-jwUd-XL1hQ,https://lh3.googleusercontent.com/ci/AL18g_Tu4S4PqL_86biRXg3ywOaiIZj3l9Qnq-cO6y5KDcjM_48xNbXJOTQPU2GjR6qII-kELf9fdA=w128-h128-c,#b8cbe0,184,203,224,0.487,BLUE,#2A56C6,42,86,198,4
DAFzqZF3x21gQA.jpg,DAFzqZF3x21gQA,"Misty Day, Venice",John Leslie Breck,Georgia Museum of Art,/asset/misty-day-venice-john-leslie-breck/DAFzqZF3x21gQA,https://lh3.googleusercontent.com/ci/AL18g_QsoQtRccT1G8k2l64M5x0yPvVmjvtm8EqTiVGyrdRYedUqXuuXpopMV90iU-HTFEHZdpZPwpY=w128-h128-c,#b8d8e0,184,216,224,0.86294645,BLUE,#2A56C6,42,86,198,4
CgHZl3om_1ZANg.jpg,CgHZl3om_1ZANg,Ladies at the Seaside,Jēkabs Kazaks,Latvian National Museum of Art,/asset/ladies-at-the-seaside-jēkabs-kazaks/CgHZl3om_1ZANg,https://lh3.googleusercontent.com/ci/AL18g_RD0sryboqjiZDPbemTm22lLVed5bZAUkJtMpMdVbB9GLUUybNYIaTgruvOeMARajXVK-Qokw=w128-h128-c,#b8cce0,184,204,224,0.8994828,BLUE,#2A56C6,42,86,198,4
2wFfKLX2-Q8Fmw.jpg,2wFfKLX2-Q8Fmw,Brighton Beach,John Constable,The Victoria and Albert Museum,/asset/brighton-beach-john-constable/2wFfKLX2-Q8Fmw,https://lh3.googleusercontent.com/ci/AL18g_TGtzFvWiQ2InQGMr34-2OhY2BSEw6RiaGbajeVMaSpR7QR6Z-atFuEAxurgQxg9LvEVih1iQ=w128-h128-c,#becbda,190,203,218,2.4711368,BLUE,#2A56C6,42,86,198,4
jQF4_n0_uz2ROA.jpg,jQF4_n0_uz2ROA,Blue Self-Portrait,Arnold Schönberg,Arnold Schönberg Center,/asset/blue-self-portrait-arnold-schönberg/jQF4_n0_uz2ROA,https://lh3.googleusercontent.com/ci/AL18g_QiK9XgqW1cu9FVDlpi97WvtFZcRJ0XNiEvjsHaWnWKwSyiOKpXMzXJzkAWeYTDibB_uF8tdw=w128-h128-c,#becbda,190,203,218,0.70422536,BLUE,#2A56C6,42,86,198,4
OAHZLwKhM_iG6w.jpg,OAHZLwKhM_iG6w,Perseus. Triptych,Max Beckmann,Museum Folkwang,/asset/perseus-triptych-max-beckmann/OAHZLwKhM_iG6w,https://lh3.googleusercontent.com/ci/AL18g_RCqeZs2azeJ8Nr78XT_6pZCHG8jKwRJWIFyk-E2XAee7wc2APRtdAD3Gkqi9zs9PZdtmp8=w128-h128-c,#b8cbe0,184,203,224,1.4898689,BLUE,#2A56C6,42,86,198,4
3AHjCP1i5Lub2A.jpg,3AHjCP1i5Lub2A,The Meadow at Veneux-Nadon,Alfred Sisley,Museum Barberini,/asset/the-meadow-at-veneux-nadon-alfred-sisley/3AHjCP1i5Lub2A,https://lh3.googleusercontent.com/ci/AL18g_RinGtG1XhOG3fiNQ0DVeC0pl2sIVxUHwoYKRu9OidisOupq81c5UhjDqyW_cKPDL04ZzQcsw=w128-h128-c,#becada,190,202,218,1.3675926,BLUE,#2A56C6,42,86,198,4
dgGIxfsIyM3pDw.jpg,dgGIxfsIyM3pDw,The Virgin and Child with St. Anne by Leonardo da Vinci,Leonardo da Vinci,The British Library,/asset/the-virgin-and-child-with-st-anne-by-leonardo-da-vinci-leonardo-da-vinci/dgGIxfsIyM3pDw,https://lh3.googleusercontent.com/ci/AL18g_Ro5PkQhyFgjB-kGOYDdS_wAwZ7bdqgFsqBK1pbC5gXcVwCRVufCwkToJ9TNidjpE2G5wvDsw=w128-h128-c,#b8cae0,184,202,224,0.66481483,BLUE,#2A56C6,42,86,198,4
ewGuGwBSAsx7eg.jpg,ewGuGwBSAsx7eg,"The Ice Hole, Maine",Marsden Hartley,New Orleans Museum of Art,/asset/the-ice-hole-maine-marsden-hartley/ewGuGwBSAsx7eg,https://lh3.googleusercontent.com/ci/AL18g_T26vxT20pFMRRDGYMS6krDK8DciJkw4g0kpE8shRFCwBc1as1c7kRBxM8U91bMFXxPumSsCA=w128-h128-c,#b8bbe0,184,187,224,0.99444443,BLUE,#2A56C6,42,86,198,4
lgEBfeHL6u1riw.jpg,lgEBfeHL6u1riw,At the Seaside,William Merritt Chase,The Metropolitan Museum of Art,/asset/at-the-seaside-william-merritt-chase/lgEBfeHL6u1riw,https://lh3.googleusercontent.com/ci/AL18g_RBUzz4zo6UFa9k5AHPVx28TOoUfCOzOOqMqrubqivv87XC2p1qJ_-juuwIBJrx2TinwIGWcw=w128-h128-c,#b8c3e0,184,195,224,1.6656469,BLUE,#2A56C6,42,86,198,4
nAH0wecnKQB5pw.jpg,nAH0wecnKQB5pw,"Venice, Morning","Félix François Georges Philibert Ziem (French, 1821-1911)",The Walters Art Museum,/asset/venice-morning-félix-françois-georges-philibert-ziem-french-1821-1911/nAH0wecnKQB5pw,https://lh3.googleusercontent.com/ci/AL18g_QByAHZk_Ktv5pRVR6rQ7YP8uiNKlUZTu2BHkVBDNCrxLO2Z-8mH7SKd-BI-kb7op6VqjHDPEk=w128-h128-c,#becada,190,202,218,1.2797558,BLUE,#2A56C6,42,86,198,4
LgFxKCSGQU7lZg.jpg,LgFxKCSGQU7lZg,Garibaldi at Sant’Angelo (Capua),Gerolamo Induno,Fondazione Cariplo,/asset/garibaldi-at-sant’angelo-capua-gerolamo-induno/LgFxKCSGQU7lZg,https://lh3.googleusercontent.com/ci/AL18g_Rd9Z1rh6ndAIpisU0cu8B76p5jG5ftQo6R1AgregDdyHTp49ihE_KwVIeUwb0KzRgRNO6hBZQ=w128-h128-c,#b8c8e0,184,200,224,0.7881811,BLUE,#2A56C6,42,86,198,4
8AElGz8KJ9moiA.jpg,8AElGz8KJ9moiA,The Slav Epic - Cicle I,Alphonse Mucha,Centro Cultural Banco do Brasil Rio de Janeiro,/asset/the-slav-epic-cicle-i-alphonse-mucha/8AElGz8KJ9moiA,https://lh3.googleusercontent.com/ci/AL18g_R8HTeaqhu6GBnucIKmJnGJ3E5YBrkHV7Z38tmfiSUJhYp4sDhgnf8bSSuBth5bZrQpS6znyg=w128-h128-c,#c2cad6,194,202,214,1.4054339,BLUE,#2A56C6,42,86,198,4
9QErsyL2nqCV6Q.jpg,9QErsyL2nqCV6Q,"Bombardment of Fort Moultrie, Charleston Harbor, South Carolina",Conrad Wise Chapman,Gibbes Museum of Art,/asset/bombardment-of-fort-moultrie-charleston-harbor-south-carolina-conrad-wise-chapman/9QErsyL2nqCV6Q,https://lh3.googleusercontent.com/ci/AL18g_SVOtJa5VrVLAl7cJo93I7KWdvlP8xsag8YOpLsrZ_4nVWqQ-DherRPMDRkU28zo1-o_kMmNLE=w128-h128-c,#b8c8e0,184,200,224,2.5454545,BLUE,#2A56C6,42,86,198,4
lwFNMrkGTZ2FKQ.jpg,lwFNMrkGTZ2FKQ,Fisherman in the Lagoon,Guglielmo Ciardi,Fondazione Cariplo,/asset/fisherman-in-the-lagoon-guglielmo-ciardi/lwFNMrkGTZ2FKQ,https://lh3.googleusercontent.com/ci/AL18g_QcEM3M8_92rXLxsSf23LNXwHes1XGNqif_NKwqcr90_twAJQoiCR0_59nNaOhGbZpp5iwRBjk=w128-h128-c,#becada,190,202,218,1.7207228,BLUE,#2A56C6,42,86,198,4
jQG-9EnRxPB1rg.jpg,jQG-9EnRxPB1rg,Tara Bai Old,Raja Ravi Varma,Raja Ravi Varma Heritage Foundation,/asset/tara-bai-old-raja-ravi-varma/jQG-9EnRxPB1rg,https://lh3.googleusercontent.com/ci/AL18g_T6kzkfEqH_fpOmxk3WDv7DeqT7Wr-iSQ-llDVXKHn5eWAMWYnPSWAu1eIihsbkpUzdRWtXfHWg=w128-h128-c,#becbda,190,203,218,0.6590188,BLUE,#2A56C6,42,86,198,4
iQHlQEmOc_PpYw.jpg,iQHlQEmOc_PpYw,Portrait of a Man,Hans Baldung Grien,"The National Gallery, London",/asset/portrait-of-a-man-hans-baldung-grien/iQHlQEmOc_PpYw,https://lh3.googleusercontent.com/ci/AL18g_ST2GHcx8bD0AnkuK_ckhaNvwzptqyCTiSJxWwN6xdkQm3uqmRgSTDpQNkh9-0lK8KWfil9vg=w128-h128-c,#b8cbe0,184,203,224,0.81366664,BLUE,#2A56C6,42,86,198,4
zAE5Vbrct40bLQ.jpg,zAE5Vbrct40bLQ,Rua de Tunis,Georg Grimm,Pinacoteca de São Paulo,/asset/rua-de-tunis-georg-grimm/zAE5Vbrct40bLQ,https://lh3.googleusercontent.com/ci/AL18g_QCImlZdyfKvoRpPOr1C2lGo9ZKWttajrrKI27X3JKG5TGHn-paa1BjD9j-3XzGXWpSn6_ZH6kN=w128-h128-c,#b8c3e0,184,195,224,0.6285,BLUE,#2A56C6,42,86,198,4
7QEr9t7S_sE19g.jpg,7QEr9t7S_sE19g,"Retrato de Dom João IV, infante, duque de Bragança",Pedro Américo,Museu Nacional de Belas Artes,/asset/retrato-de-dom-joão-iv-infante-duque-de-bragança-pedro-américo/7QEr9t7S_sE19g,https://lh3.googleusercontent.com/ci/AL18g_Rxq0nQkwv5NfQimepPj8csUuwUY3XNIf8KKePYYtXWsO7z-J7xxVLdk8O3PshRbk3iTcwkAFo=w128-h128-c,#b8c3e0,184,195,224,0.68665665,BLUE,#2A56C6,42,86,198,4
-gFcJ3sXKLUh9A.jpg,-gFcJ3sXKLUh9A,"Tontine Coffee House, New York City",Francis Guy,The New York Historical,/asset/tontine-coffee-house-new-york-city-francis-guy/-gFcJ3sXKLUh9A,https://lh3.googleusercontent.com/ci/AL18g_QFZWh6wWVhX-LnQf4djNwvDVwE_JZGnEs0pUhn0EKO-CIcV2O8KXJYOjggerBc1U3JdwkhGREp=w128-h128-c,#b8c8e0,184,200,224,1.571365,BLUE,#2A56C6,42,86,198,4
agEtzg02Eh3PuA.jpg,agEtzg02Eh3PuA,The Granite Dish in the Berlin Lustgarten,Johann Erdmann Hummel,"Alte Nationalgalerie, Staatliche Museen zu Berlin",/asset/the-granite-dish-in-the-berlin-lustgarten-johann-erdmann-hummel/agEtzg02Eh3PuA,https://lh3.googleusercontent.com/ci/AL18g_QZMJNQxADE1hb1OOXEFKW0_N277r-ROPDlNFyWnNhBUt4vlAqAS8_WrkPFGA3NcLA6S5kEFJA=w128-h128-c,#becada,190,202,218,1.3890804,BLUE,#2A56C6,42,86,198,4
TwGCxqS9zfcnhA.jpg,TwGCxqS9zfcnhA,"St. Briac, the Cross of the Seamen",Paul Signac,Dixon Gallery and Gardens,/asset/st-briac-the-cross-of-the-seamen-paul-signac/TwGCxqS9zfcnhA,https://lh3.googleusercontent.com/ci/AL18g_SVCanpr7r-tC3a6FeFjt59xNMOn7hyODQE1Z2vt8IF4JnwtRklOBNinKBdeMTF-DRYPvY_SYQ=w128-h128-c,#c2cad6,194,202,214,1.4220183,BLUE,#2A56C6,42,86,198,4
pAGPrKeVxt8wYA.jpg,pAGPrKeVxt8wYA,The Bay of Pozzuoli near Naples,August Wilhelm Julius Ahlborn,"Alte Nationalgalerie, Staatliche Museen zu Berlin",/asset/the-bay-of-pozzuoli-near-naples-august-wilhelm-julius-ahlborn/pAGPrKeVxt8wYA,https://lh3.googleusercontent.com/ci/AL18g_TUn9lmnyQhwo6-76PVSyqcEB6E1Isy7Uh_mQkGSrmAwPAUyL-Jrp4i1y-zhYs_D_kbKs9tN7KC=w128-h128-c,#becbda,190,203,218,3.028396,BLUE,#2A56C6,42,86,198,4
twEXFHLhGbRwXA.jpg,twEXFHLhGbRwXA,Landscape near Červená nad Vltavou,Václav Špála,Olomouc Museum of Art,/asset/landscape-near-Červená-nad-vltavou-václav-Špála/twEXFHLhGbRwXA,https://lh3.googleusercontent.com/ci/AL18g_Q9R6ycwin8xnaPe4COfqrtl0apPpuBlNplqUcFWcFVzd1YpZh67M9GN2LU6HQXJlUW4Xm5vXcm=w128-h128-c,#b8cce0,184,204,224,1.3827727,BLUE,#2A56C6,42,86,198,4
EQFBgmn6omaAaw.jpg,EQFBgmn6omaAaw,The Beach at Fécamp,"Auguste-Emile Flick (French, active 1870-1882)",The Walters Art Museum,/asset/the-beach-at-fécamp-auguste-emile-flick-french-active-1870-1882/EQFBgmn6omaAaw,https://lh3.googleusercontent.com/ci/AL18g_TkZf7q2D4n9phlPUlLVujIYIX1kQWjKshtvk1kjz1eGthi0XV02qvS6XQ8kZZM0DMfyPmLnns=w128-h128-c,#becada,190,202,218,1.9254807,BLUE,#2A56C6,42,86,198,4
rwGIj7LxuFbFYw.jpg,rwGIj7LxuFbFYw,Purissima,Joseph Stella,High Museum of Art,/asset/purissima-joseph-stella/rwGIj7LxuFbFYw,https://lh3.googleusercontent.com/ci/AL18g_SaQlkXxICI6geHGiMHhYVMLkBiMEON9QGVSQ3237kDz2bfux23NEGz-tKTOQxLkN3aukSsih4=w128-h128-c,#b8cce0,184,204,224,0.75584155,BLUE,#2A56C6,42,86,198,4
QQG5_qjFkgubFQ.jpg,QQG5_qjFkgubFQ,Blue Self-Portrait,Arnold Schönberg,UNESCO Memory of the World,/asset/blue-self-portrait-arnold-schönberg/QQG5_qjFkgubFQ,https://lh3.googleusercontent.com/ci/AL18g_T2DplM729rvMii7mZf_v9V7vGGHjvVqtoTU_7bq4rCLAp-gMmV-JnoB5XOoWhtw5NmIOuCt5g=w128-h128-c,#becbda,190,203,218,0.70422536,BLUE,#2A56C6,42,86,198,4
SwExDaR_5MmYRQ.jpg,SwExDaR_5MmYRQ,Jubal and family,Kristian Zahrtmann,Bornholms Kunstmuseum,/asset/jubal-and-family-kristian-zahrtmann/SwExDaR_5MmYRQ,https://lh3.googleusercontent.com/ci/AL18g_SxurgG67mgGjS_-_VXk2m-DvOKkB4WzquoFOAJoi4aQJylWhTjLKgs_OQ7bTVVOCPhpEBs8D8=w128-h128-c,#b8cbe0,184,203,224,1.2546792,BLUE,#2A56C6,42,86,198,4
7QFFuJxOETjE1w.jpg,7QFFuJxOETjE1w,"Notre-Dame, une fin d'après-midi (A Glimpse of Notre Dame in the Late Afternoon)",Henri Matisse,Buffalo AKG Art Museum,/asset/notre-dame-une-fin-d-après-midi-a-glimpse-of-notre-dame-in-the-late-afternoon-henri-matisse/7QFFuJxOETjE1w,https://lh3.googleusercontent.com/ci/AL18g_QxfhkzLWqd9h0dEZOQrVqN_W_G_KhfCR96MmAQ-Ci7JiG-GbdvUH0pahK7phgI1NcJwuG4FA=w128-h128-c,#b8d8e0,184,216,224,0.73205125,BLUE,#2A56C6,42,86,198,4
bgHo47gt3giZ0Q.jpg,bgHo47gt3giZ0Q,Freedom (Helvetia),Arnold Böcklin,"Alte Nationalgalerie, Staatliche Museen zu Berlin",/asset/freedom-helvetia-arnold-böcklin/bgHo47gt3giZ0Q,https://lh3.googleusercontent.com/ci/AL18g_TeUcRiJPxcUfPZXS7hIiDtU8zl9yAB2EE6wT_IM33Cz5vNFvIrnCKirC285KT54NT0AcYEwM8=w128-h128-c,#b8c3e0,184,195,224,0.9876543,BLUE,#2A56C6,42,86,198,4
yQE0rB_dNUdSgw.jpg,yQE0rB_dNUdSgw,"The Molo, Venice",Canaletto (Giovanni Antonio Canale),Kimbell Art Museum,/asset/the-molo-venice-canaletto-giovanni-antonio-canale/yQE0rB_dNUdSgw,https://lh3.googleusercontent.com/ci/AL18g_QUOBUjZ-f7Vurmy3X4k_ksZvvxPyhone153iP709f-8_kFHGEHo84QR6Afw8VRP-zHJyzE3996=w128-h128-c,#b8c8e0,184,200,224,1.638246,BLUE,#2A56C6,42,86,198,4
CAGRaibgIctaJA.jpg,CAGRaibgIctaJA,Dance of Spring (Song of the Birds),Joseph Stella,Kemper Museum of Contemporary Art,/asset/dance-of-spring-song-of-the-birds-joseph-stella/CAGRaibgIctaJA,https://lh3.googleusercontent.com/ci/AL18g_QWj9dzuRFscMWqJkPkPI5ZPCwrXoVm7XMjv7HZhNtsKk7kXIQiw2eonY4AgQo5cbpyUYuFwDN9=w128-h128-c,#b8c8e0,184,200,224,0.7638095,BLUE,#2A56C6,42,86,198,4
_wHb632xk0Hu3w.jpg,_wHb632xk0Hu3w,The Little Maure Mountains,Henri-Edmond Cross,Dixon Gallery and Gardens,/asset/the-little-maure-mountains-henri-edmond-cross/_wHb632xk0Hu3w,https://lh3.googleusercontent.com/ci/AL18g_SshC_E5dWroh7LbLPUafolTxoF4ZjdvCeBjq5ud-s83jrD4259twH7PFaWMojBBncPZgKpYvk=w128-h128-c,#becada,190,202,218,1.6898657,BLUE,#2A56C6,42,86,198,4
FgH6glpnOo3YiA.jpg,FgH6glpnOo3YiA,The Beach at Saint-Clair,Henri-Edmond Cross,Museum Barberini,/asset/the-beach-at-saint-clair-henri-edmond-cross/FgH6glpnOo3YiA,https://lh3.googleusercontent.com/ci/AL18g_QNvhU8I5HHtwTcLhBSRQ7s6cUA01iU7RmNhdJGLYbyxxaIKJImfdeDoKYqHFLe5ubply8ftawN=w128-h128-c,#b8cce0,184,204,224,1.2046297,BLUE,#2A56C6,42,86,198,4
vgHG_0K0phuj_A.jpg,vgHG_0K0phuj_A,Boy with sweets,Ernst Ludwig Kirchner,Oldenburg State Museum for Art and Cultural History,/asset/boy-with-sweets-ernst-ludwig-kirchner/vgHG_0K0phuj_A,https://lh3.googleusercontent.com/ci/AL18g_SvGbXyPu7qux9yGYnhcRXRqZNvDzlDsgBgegYBtNJNzfUN65SOLcrhfKGf9PS3SWmktlRhvKTy=w128-h128-c,#b8cbe0,184,203,224,0.74782085,BLUE,#2A56C6,42,86,198,4
kwHv-u9NtAdHdw.jpg,kwHv-u9NtAdHdw,Portrait of Dr. Gachet (1828-1909),"Vincent Willem van Gogh (1853-1890), Paris, musée d'Orsay",Rmn-Grand Palais,/asset/portrait-of-dr-gachet-1828-1909-vincent-willem-van-gogh-1853-1890-paris-musée-d-orsay/kwHv-u9NtAdHdw,https://lh3.googleusercontent.com/ci/AL18g_QRNIWp7VBMCSSQRnR93B7cxq3ZyHJ3Skkb8WNzYvEzaYhF8kvg_UmtHsmHUvRHPddch_Ndww=w128-h128-c,#becbda,190,203,218,0.8335,BLUE,#2A56C6,42,86,198,4
8QF9I10X7WDdfw.jpg,8QF9I10X7WDdfw,Self-portrait,Ismael Nery,MAM Rio,/asset/self-portrait-ismael-nery/8QF9I10X7WDdfw,https://lh3.googleusercontent.com/ci/AL18g_TQhZstnZWk3cqNw4LMqJZa-h0U8gxidIbRKKugUiH0gOgl7wN4kbrVuzE0IQsGA1CIAUWA1mw=w128-h128-c,#b8cbe0,184,203,224,0.45936665,BLUE,#2A56C6,42,86,198,4
IQHkqsLFrs2SxQ.jpg,IQHkqsLFrs2SxQ,Self-portrait with pipe,Romans Suta,Romans Suta and Aleksandra Beļcova Museum,/asset/self-portrait-with-pipe-romans-suta/IQHkqsLFrs2SxQ,https://lh3.googleusercontent.com/ci/AL18g_SVazndr0A9aTvWoxF3oZvnX8HiKCzA89KQGitOWSlL5A4Glk2KUyOTO_WUNBBwKvlToMLCB-M=w128-h128-c,#becbda,190,203,218,0.9431543,BLUE,#2A56C6,42,86,198,4
-wFUzO09qPhA1g.jpg,-wFUzO09qPhA1g,"Rough sea, Morestil",John Peter Russell,Art Gallery of New South Wales,/asset/rough-sea-morestil-john-peter-russell/-wFUzO09qPhA1g,https://lh3.googleusercontent.com/ci/AL18g_RaOm7oF8xPxXn9JpqBlxkUSh1HlduKQXx6aRrn4Yv6UJjGrbD8umU1w_2mPwTQ4qMIdk0yxw=w128-h128-c,#c2cad6,194,202,214,1.2388504,BLUE,#2A56C6,42,86,198,4
swG1d3ajWsQtpw.jpg,swG1d3ajWsQtpw,St Ives,Alfred Wallis,Tate Britain,/asset/st-ives-alfred-wallis/swG1d3ajWsQtpw,https://lh3.googleusercontent.com/ci/AL18g_S-nrYSt4apcv07xKt7gSB7Lcme3UXeoTmtbNw4QUtWf2_pK93LXuQDH6CVtyawY_VbTr7ahWg=w128-h128-c,#becbda,190,203,218,1.2815037,BLUE,#2A56C6,42,86,198,4
GgGrNMs5SSrPGw.jpg,GgGrNMs5SSrPGw,The Loing at Moret,Alfred Sisley,Museum Barberini,/asset/the-loing-at-moret-alfred-sisley/GgGrNMs5SSrPGw,https://lh3.googleusercontent.com/ci/AL18g_QeFUdUUHgF9Dy7vednN3OZ7rsl-uusuj6No3WLotS_F7aHrhofcJ9IWlgzhfNGa1TQ_BEUM9s=w128-h128-c,#becada,190,202,218,1.2958333,BLUE,#2A56C6,42,86,198,4
dAFXSL9sZ1ulDw.jpg,dAFXSL9sZ1ulDw,Almond Blossom,Vincent van Gogh,Van Gogh Museum,/asset/almond-blossom-vincent-van-gogh/dAFXSL9sZ1ulDw,https://lh3.googleusercontent.com/ci/AL18g_SEQe6IG8Vr8qx8HyjdtmZhAXcbkIG25dHC6AWTtATX2v10S-gMmQvp6ynPjV6P1D7kQIk4Xrk=w128-h128-c,#c2d6d2,194,214,210,1.2657259,TEAL,#2979FF,41,121,255,5
UQGnY73r2uCqBg.jpg,UQGnY73r2uCqBg,Cliff Walk at Pourville,"Claude Monet (French, 1840–1926)",The Art Institute of Chicago,/asset/cliff-walk-at-pourville-claude-monet-french-1840–1926/UQGnY73r2uCqBg,https://lh3.googleusercontent.com/ci/AL18g_Q_-HCeGCX-AfmspkObDwwP5korVP1ygKouQtOuPBpuCPcuT4GKvoEdiyj53Dr-KRauXN6UwZg=w128-h128-c,#b8c7e0,184,199,224,1.2466667,TEAL,#2979FF,41,121,255,5
ywEJUSEHQmoNYw.jpg,ywEJUSEHQmoNYw,Sorrowing old man ('At Eternity's Gate'),Vincent van Gogh,Kröller-Müller Museum,/asset/sorrowing-old-man-at-eternity-s-gate-vincent-van-gogh/ywEJUSEHQmoNYw,https://lh3.googleusercontent.com/ci/AL18g_Q8GKzuqQu-bmaVbxnkIUJX324DhpFHh4IY93i1ns2ZoxlqLOPaUFl9AmC3S4jjX-g8hnLtD7o=w128-h128-c,#b8c7e0,184,199,224,0.7875566,TEAL,#2979FF,41,121,255,5
XgGnVsKm4o3rhw.jpg,XgGnVsKm4o3rhw,Girl with Death Mask [Niña con máscara de calavera],Frida Kahlo,Nagoya City Art Museum,/asset/girl-with-death-mask-niña-con-máscara-de-calavera-frida-kahlo/XgGnVsKm4o3rhw,https://lh3.googleusercontent.com/ci/AL18g_TaH06tdXTMr26KgvFsGa2tKJPwRr34iNa_G23ipn-ewlKKNVhc_1Y0QIcTrNcv5KsytbAOTMO2=w128-h128-c,#b8c7e0,184,199,224,0.70616597,TEAL,#2979FF,41,121,255,5
UwELDD8PvGE1Rg.jpg,UwELDD8PvGE1Rg,Little Girl in a Blue Armchair,Mary Cassatt,"National Gallery of Art, Washington DC",/asset/little-girl-in-a-blue-armchair-mary-cassatt/UwELDD8PvGE1Rg,https://lh3.googleusercontent.com/ci/AL18g_SRBwaPwP7ocMeUEYWyQ3d7_Du4ZxLBN64cb_w0qmy3r2jPOrGOP9mwWhNu3t5RtSK1qZlOLC9f=w128-h128-c,#b8d8e0,184,216,224,1.49274,TEAL,#2979FF,41,121,255,5
PwEMTV_jnF628A.jpg,PwEMTV_jnF628A,Seascape near Les Saintes-Maries-de-la-Mer,Vincent van Gogh,Van Gogh Museum,/asset/seascape-near-les-saintes-maries-de-la-mer-vincent-van-gogh/PwEMTV_jnF628A,https://lh3.googleusercontent.com/ci/AL18g_R4zDrImlQpbMVNV782HdxA4GkzrcgSwkAwLuUzky9FjbGA9oIRsrdItKC2dLcRaScGpfslg9E=w128-h128-c,#c1d7d3,193,215,211,1.29875,TEAL,#2979FF,41,121,255,5
IQGq1G4xUhcRwg.jpg,IQGq1G4xUhcRwg,The Pink Peach Tree,Vincent van Gogh,Van Gogh Museum,/asset/the-pink-peach-tree-vincent-van-gogh/IQGq1G4xUhcRwg,https://lh3.googleusercontent.com/ci/AL18g_RMr8siccxQhwRVt5VmDlXGgxZKuCQgAaPzfDJCfv4u4hET1-KsEV26ekCL0bU1_g1nGU1dffPG=w128-h128-c,#c2d6d2,194,214,210,0.73759913,TEAL,#2979FF,41,121,255,5
eAGmY35REZ3q9w.jpg,eAGmY35REZ3q9w,Festa escolar no Ipiranga [School Festival at Ipiranga],Agustín Salinas y Teruel,Pinacoteca de São Paulo,/asset/festa-escolar-no-ipiranga-school-festival-at-ipiranga-agustín-salinas-y-teruel/eAGmY35REZ3q9w,https://lh3.googleusercontent.com/ci/AL18g_QxOMPj8kRmk145cFotoOG5-yfbcS0XQmD_u8wrS2ada1-1fhxiCG9LrFgJoPLtKWQrCZwnCKw=w128-h128-c,#b8c7e0,184,199,224,1.5145344,TEAL,#2979FF,41,121,255,5
3gHsHiY36iBrkw.jpg,3gHsHiY36iBrkw,The Fountain of Love,François Boucher,The J. Paul Getty Museum,/asset/the-fountain-of-love-françois-boucher/3gHsHiY36iBrkw,https://lh3.googleusercontent.com/ci/AL18g_Rl1llyOqCqZrmpeB_p2eDbcnld7fkRHJaq177RlGeUgaZTS49q3FBHS1FbPnAl4MxmmBwe_FZU=w128-h128-c,#b8d8e0,184,216,224,1.1208416,TEAL,#2979FF,41,121,255,5
JQEyMOet1EnMbQ.jpg,JQEyMOet1EnMbQ,River Landscape,Jan Brueghel the Elder,"National Gallery of Art, Washington DC",/asset/river-landscape-jan-brueghel-the-elder/JQEyMOet1EnMbQ,https://lh3.googleusercontent.com/ci/AL18g_SCtjLkCRYNvZtFUPhIrGmyMYvQ1yzxOqEH75exogajeWt3pFB2F2jNg4a5av-5YRNvbmg4xGA=w128-h128-c,#b8c7e0,184,199,224,1.5607997,TEAL,#2979FF,41,121,255,5
LQHZod0vTUrvNg.jpg,LQHZod0vTUrvNg,Northeaster,Winslow Homer,The Metropolitan Museum of Art,/asset/northeaster-winslow-homer/LQHZod0vTUrvNg,https://lh3.googleusercontent.com/ci/AL18g_SrfQRbeaXFRZhUTrjpCUgrfiEASxVMwfE1NbfxH2xsZ_m4p_hpRjG0KER4ZB7t0JHWH-ZdR20=w128-h128-c,#b8d8e0,184,216,224,1.4584769,TEAL,#2979FF,41,121,255,5
IAGrDZowAWJZ9A.jpg,IAGrDZowAWJZ9A,The Niccolini-Cowper Madonna,Raphael,"National Gallery of Art, Washington DC",/asset/the-niccolini-cowper-madonna-raphael/IAGrDZowAWJZ9A,https://lh3.googleusercontent.com/ci/AL18g_S4BsL2RIbkkkLp0fhZmR6Fp9LlDzqS4f_xBoFFl2zZjL0GyhqSeyS1edXljzWnK3drHPsdDMg=w128-h128-c,#c1d7d3,193,215,211,0.70410156,TEAL,#2979FF,41,121,255,5
mQHBzdzNNEtggw.jpg,mQHBzdzNNEtggw,Boreas Abducting Oreithyia,François Boucher,Kimbell Art Museum,/asset/boreas-abducting-oreithyia-françois-boucher/mQHBzdzNNEtggw,https://lh3.googleusercontent.com/ci/AL18g_Sw7lEVHCxd4N7LFOML6AEirB585Bc7LjjxbCS-la1tdUAnvztkFiU7KitZxpraLipXnxDGa3HI=w128-h128-c,#bbddd8,187,221,216,0.7475617,TEAL,#2979FF,41,121,255,5
7QGfEGeA4wdDGQ.jpg,7QGfEGeA4wdDGQ,The Banks of the Oise,Alfred Sisley,"National Gallery of Art, Washington DC",/asset/the-banks-of-the-oise-alfred-sisley/7QGfEGeA4wdDGQ,https://lh3.googleusercontent.com/ci/AL18g_Qx-GokBRjcQBkZUwIJsnycehdd1vTITBjz_cBS0esztWKFwPKKI1TaW8yqSD8H9aNiV7FRoUo=w128-h128-c,#bbddd8,187,221,216,1.2068356,TEAL,#2979FF,41,121,255,5
WgH0DBHeLWZaAg.jpg,WgH0DBHeLWZaAg,Skiffs,Gustave Caillebotte,"National Gallery of Art, Washington DC",/asset/skiffs-gustave-caillebotte/WgH0DBHeLWZaAg,https://lh3.googleusercontent.com/ci/AL18g_T_6WPfbJU8MZj9kc4YSKbTX-PHdXutrgAzwtbQBrxaZUM7LqMx6cyFrIKSzeiK_5DKOOTPfu4=w128-h128-c,#c1d7d3,193,215,211,1.3103007,TEAL,#2979FF,41,121,255,5
sQEmedyt0Z5X4Q.jpg,sQEmedyt0Z5X4Q,Rinaldo Enchanted by Armida,"Giovanni Battista Tiepolo (Italian, 1696–1770)",The Art Institute of Chicago,/asset/rinaldo-enchanted-by-armida-giovanni-battista-tiepolo-italian-1696–1770/sQEmedyt0Z5X4Q,https://lh3.googleusercontent.com/ci/AL18g_R_AEOhvezaFCksDn4wOPoGtMI2lUKF5O_4DLC909qXPA1EV8fqAnVhDUXPokkS-2I6pHiFRZc=w128-h128-c,#b8c7e0,184,199,224,1.1679711,TEAL,#2979FF,41,121,255,5
igG6kXU1UhT9dw.jpg,igG6kXU1UhT9dw,Interior with clematis,Anna Ancher,Skagens Museum,/asset/interior-with-clematis-anna-ancher/igG6kXU1UhT9dw,https://lh3.googleusercontent.com/ci/AL18g_TqFozZl3YCraUNPm3R-jQJL6B_k5c8XBCmhS6jd7XHLCPwxxJL8gZizDy6bzFCxqjzAAiJdquN=w128-h128-c,#b8c7e0,184,199,224,0.8577826,TEAL,#2979FF,41,121,255,5
WQHA5HglGAJ6HA.jpg,WQHA5HglGAJ6HA,Portrait d'Armand Roulin (Portrait of Armand Roulin),Vincent van Gogh,Museum Folkwang,/asset/portrait-d-armand-roulin-portrait-of-armand-roulin-vincent-van-gogh/WQHA5HglGAJ6HA,https://lh3.googleusercontent.com/ci/AL18g_QFCXZxbOiuu-MXBWfjfY65_nFOq4s9ErgX7BBBTaRi6zJMhrwTvsIbcMth43hs5iNx123ZTmw=w128-h128-c,#b8e0d9,184,224,217,0.8296,TEAL,#2979FF,41,121,255,5
2gE-tfXmAz99tA.jpg,2gE-tfXmAz99tA,Blossoming chestnut trees,Vincent van Gogh,Kröller-Müller Museum,/asset/blossoming-chestnut-trees-vincent-van-gogh/2gE-tfXmAz99tA,https://lh3.googleusercontent.com/ci/AL18g_S6Vr8wjhVIk6ks_y-gfO9czudhJe7Z05LbLKdiJO6qsJTjEihWdg50jqdcPVg1gB1dW-ghLt8=w128-h128-c,#bbddd8,187,221,216,0.7751938,TEAL,#2979FF,41,121,255,5
6QEkizjz4OpCrA.jpg,6QEkizjz4OpCrA,Self-Portrait with Portrait of Gauguin,Émile Bernard,Van Gogh Museum,/asset/self-portrait-with-portrait-of-gauguin-Émile-bernard/6QEkizjz4OpCrA,https://lh3.googleusercontent.com/ci/AL18g_Q1-aV4LFX7PRUov7-uvuaOIhGKmiOAsdBu7ngCpJC9tX3yQ4UGUvEPZHXPQrt-Fmyrr3VDEwhe=w128-h128-c,#b8c7e0,184,199,224,1.2040323,TEAL,#2979FF,41,121,255,5
wwHUsTbLE-Q8Vw.jpg,wwHUsTbLE-Q8Vw,First Landing of Christopher Columbus,Frederick Kemmelmeyer,"National Gallery of Art, Washington DC",/asset/first-landing-of-christopher-columbus-frederick-kemmelmeyer/wwHUsTbLE-Q8Vw,https://lh3.googleusercontent.com/ci/AL18g_SiL8FBUx9IfPpaW682YzvuDoqhuBZPiZ8Av5DSrs0Ehev5YIL4NC8MeiKjGFL1UeteIHnnyvBO=w128-h128-c,#bcdcd5,188,220,213,1.3381248,TEAL,#2979FF,41,121,255,5
DgEp5rZoLKuWWQ.jpg,DgEp5rZoLKuWWQ,London Bridge from Pepper Alley Stairs,Herbert Pugh,Bank of England Museum,/asset/london-bridge-from-pepper-alley-stairs-herbert-pugh/DgEp5rZoLKuWWQ,https://lh3.googleusercontent.com/ci/AL18g_SsUvvCeL2fG2-Z-jc8ZG1g9ra85abGKsoY0ca6j3wnsJvuebhTiK8-ERTk-gVB8etjHNZobuA3=w128-h128-c,#c2d6d2,194,214,210,1.2592742,TEAL,#2979FF,41,121,255,5
wQEPF8WGhQZINA.jpg,wQEPF8WGhQZINA,Evocation of Roussel,Odilon Redon,"National Gallery of Art, Washington DC",/asset/evocation-of-roussel-odilon-redon/wQEPF8WGhQZINA,https://lh3.googleusercontent.com/ci/AL18g_QIyw90SSZe7jkOQHQsjkXpLk0vdawGIxvgYnByNOg8bpyQFd61lfcUg8BeHKMiDQDMkeTfpvM=w128-h128-c,#bcdcd5,188,220,213,0.73095703,TEAL,#2979FF,41,121,255,5
6gEMtzaaOYLSnA.jpg,6gEMtzaaOYLSnA,Juno Asking Aeolus to Release the Winds,François Boucher,Kimbell Art Museum,/asset/juno-asking-aeolus-to-release-the-winds-françois-boucher/6gEMtzaaOYLSnA,https://lh3.googleusercontent.com/ci/AL18g_Ru8H4Bz-RHUoFvb1EPsW_q7GvHztUrT1CX9SjwJLiDAUTE26jq4GJWX6Ur0O2pT6I7bK5W9mM=w128-h128-c,#bbddd8,187,221,216,0.73720473,TEAL,#2979FF,41,121,255,5
JAENkgCmt29yPg.jpg,JAENkgCmt29yPg,Restaurant Rispal at Asnières (Le restaurant Rispal à Asnières),Vincent van Gogh,The Nelson-Atkins Museum of Art,/asset/restaurant-rispal-at-asnières-le-restaurant-rispal-à-asnières-vincent-van-gogh/JAENkgCmt29yPg,https://lh3.googleusercontent.com/ci/AL18g_SMFUDFGmfRNhIl-nQoxzQRV49anX6ycPgLtnB0mmOxWPC50rmke4ABMhj54keZ62AjxK00boc=w128-h128-c,#bcdcd5,188,220,213,0.81847745,TEAL,#2979FF,41,121,255,5
fAGIbB48-M9jDw.jpg,fAGIbB48-M9jDw,Christ rising from the Tomb,Gaudenzio Ferrari,"The National Gallery, London",/asset/christ-rising-from-the-tomb-gaudenzio-ferrari/fAGIbB48-M9jDw,https://lh3.googleusercontent.com/ci/AL18g_RI44Aa80iXC2b89MDMZZtwnQlC_qxFJqDM7Z7WRoYVxX0Scgze1q1NxXgjGLvc0Svqr5E5sbI=w128-h128-c,#bcdcd5,188,220,213,0.5656667,TEAL,#2979FF,41,121,255,5
ywGKe4DCkuL3Og.jpg,ywGKe4DCkuL3Og,Barcelona harbour,Santiago Rusiñol i Prats,Maricel Museum,/asset/barcelona-harbour-santiago-rusiñol-i-prats/ywGKe4DCkuL3Og,https://lh3.googleusercontent.com/ci/AL18g_QzWNun3F_Bhlh6P9XY1Qy864Hj8C4zKBQPWbTDdmek4QpmiwKQyfVUvn1R58JL-u8QSkKxqf5I=w128-h128-c,#b8c7e0,184,199,224,1.5903165,TEAL,#2979FF,41,121,255,5
mQEDJ5CpWpIg3A.jpg,mQEDJ5CpWpIg3A,Path of Gold,Jonas Lie,High Museum of Art,/asset/path-of-gold-jonas-lie/mQEDJ5CpWpIg3A,https://lh3.googleusercontent.com/ci/AL18g_SFOKyL8Qsl5HKLVDl_yDccuRuAOSpANegKyJZbQ2VYxLL8T0u-XsSGJK88VpEc46vCPoQUXHA=w128-h128-c,#c1d7d3,193,215,211,1.0642513,TEAL,#2979FF,41,121,255,5
zAHzx28tAJPqZA.jpg,zAHzx28tAJPqZA,Children Playing on the Beach,Mary Cassatt,"National Gallery of Art, Washington DC",/asset/children-playing-on-the-beach-mary-cassatt/zAHzx28tAJPqZA,https://lh3.googleusercontent.com/ci/AL18g_SspClXONNa5pjiwG95XENItxuqdFNCbFw_SRIWOiUHoiaWeeGGnzArTlbjZdo0Mu6cZ8qmtyA=w128-h128-c,#c2d6d2,194,214,210,0.76171875,TEAL,#2979FF,41,121,255,5
JQGxXDm0lCpVwg.jpg,JQGxXDm0lCpVwg,"Dahlias, Garden at Petit Gennevilliers",Gustave Caillebotte,"National Gallery of Art, Washington DC",/asset/dahlias-garden-at-petit-gennevilliers-gustave-caillebotte/JQGxXDm0lCpVwg,https://lh3.googleusercontent.com/ci/AL18g_QfbjpzQ4yyGlYk-ZJE7fVG4EuHErv9dKHgF11S2f2OJxOFnch4y8NQPOEvXrwTvNkY4tX3gDmY=w128-h128-c,#b8c7e0,184,199,224,0.7163086,TEAL,#2979FF,41,121,255,5
pAFuQJwcfrb43g.jpg,pAFuQJwcfrb43g,Venus on the Waves,François Boucher,The J. Paul Getty Museum,/asset/venus-on-the-waves-françois-boucher/pAFuQJwcfrb43g,https://lh3.googleusercontent.com/ci/AL18g_QNC2-nBqQGOzkrnHU3ZRK80yicvHu1mo_kG78DljVbz7lSc35cAFFluewXA9RbKA0GkamZzOY=w128-h128-c,#c2d6d2,194,214,210,0.28128853,TEAL,#2979FF,41,121,255,5
ygEUZgPEVwnRzQ.jpg,ygEUZgPEVwnRzQ,An extensive landscape near Paris,Hubert Robert,Art Gallery of New South Wales,/asset/an-extensive-landscape-near-paris-hubert-robert/ygEUZgPEVwnRzQ,https://lh3.googleusercontent.com/ci/AL18g_SbAl5MI2ezCB-4PPfDv5zRbmY69-pEsRYI6VoAcctpxMGwUKhLp-omlWqtTKN9d4oBdaeIRpY=w128-h128-c,#b8c7e0,184,199,224,1.1921793,TEAL,#2979FF,41,121,255,5
pwHCzogDmHVuZg.jpg,pwHCzogDmHVuZg,On Lake Attersee,Gustav Klimt,Leopold Museum,/asset/on-lake-attersee-gustav-klimt/pwHCzogDmHVuZg,https://lh3.googleusercontent.com/ci/AL18g_R8DGvfNBbZl1XQ80JmnpBl3h24wW9c5nY6y8vLh1qaeNZbpSF3uBSpAaluN4ayrYD09WGYUQgs=w128-h128-c,#c2d6d2,194,214,210,1.0180162,TEAL,#2979FF,41,121,255,5
QwFV3Wh0y_V6tw.jpg,QwFV3Wh0y_V6tw,"The Close, Salisbury",John Constable,The Victoria and Albert Museum,/asset/the-close-salisbury-john-constable/QwFV3Wh0y_V6tw,https://lh3.googleusercontent.com/ci/AL18g_S9sAiMUHqMr3HcBpRN1Fh8buZ5tCJAarmrJgbrOv1OTfEPZBsr5N9kFaPYzG90PJGcUnYNkDc=w128-h128-c,#b8c7e0,184,199,224,0.76112413,TEAL,#2979FF,41,121,255,5
UAG4--lMmaR6iQ.jpg,UAG4--lMmaR6iQ,Gian Federico Madruzzo,Giovanni Battista Moroni,"National Gallery of Art, Washington DC",/asset/gian-federico-madruzzo-giovanni-battista-moroni/UAG4--lMmaR6iQ,https://lh3.googleusercontent.com/ci/AL18g_SWKjJlSK02myK8y6RRhCuN3OqZZPS2iOOfgS_w2e9ofPqlXtyzOkvmn3TRVLcb2Zl68mvRe8k1=w128-h128-c,#c1d7d3,193,215,211,0.5756836,TEAL,#2979FF,41,121,255,5
HgEYu1mrg2tbkQ.jpg,HgEYu1mrg2tbkQ,"View on the Grand Canal at San Geremia, Venice",Francesco Guardi,The Frick Pittsburgh,/asset/view-on-the-grand-canal-at-san-geremia-venice-francesco-guardi/HgEYu1mrg2tbkQ,https://lh3.googleusercontent.com/ci/AL18g_RJrqFK3o9jq9mxwg5t_p3XbvrfVfq4h0JslGesCxXiE3GC2ZOOhyYTggsUSqT8rww14VoQ_lan=w128-h128-c,#bcdcd5,188,220,213,1.2403333,TEAL,#2979FF,41,121,255,5
sQEUrKa7Whqj5A.jpg,sQEUrKa7Whqj5A,"Beacon Rock, Newport Harbor",John Frederick Kensett,"National Gallery of Art, Washington DC",/asset/beacon-rock-newport-harbor-john-frederick-kensett/sQEUrKa7Whqj5A,https://lh3.googleusercontent.com/ci/AL18g_SR2A6urBoOTe8LYMuaeDgIhggOynUMchfUBKptctXfd7PNZ2W0iC9yFq_mis80_kV1SSloibfm=w128-h128-c,#c2d6d2,194,214,210,1.6253968,TEAL,#2979FF,41,121,255,5
EAFqwzaYPXNHRw.jpg,EAFqwzaYPXNHRw,Warwick Castle,"Canaletto, 1697–1768, Venetian, active in Britain (1746–55)",Yale Center for British Art,/asset/warwick-castle-canaletto-1697–1768-venetian-active-in-britain-1746–55/EAFqwzaYPXNHRw,https://lh3.googleusercontent.com/ci/AL18g_RXjcg4PrIoVJVoAuJNvwrSZQpnspjJI1NyOSkWNeowexBqTUBzfu9yEr8ecbIXNUqQjHKAxsY=w128-h128-c,#b8c7e0,184,199,224,1.6298811,TEAL,#2979FF,41,121,255,5
bgFvhaiG4vLezw.jpg,bgFvhaiG4vLezw,Romantic Landscape,Wassily Kandinsky,Städtische Galerie im Lenbachhaus und Kunstbau,/asset/romantic-landscape-wassily-kandinsky/bgFvhaiG4vLezw,https://lh3.googleusercontent.com/ci/AL18g_QzSUZm2eSpAy2TASGBjxSzTsodLVZC47Re7LNOy7p5SUaCVBj1Q_IEyRNrJlRs2ol4RVF5Dg=w128-h128-c,#b8d8e0,184,216,224,1.3854908,TEAL,#2979FF,41,121,255,5
dgHmnDV2ZszDuw.jpg,dgHmnDV2ZszDuw,Infância de Giotto [Giotto's Childhood],Oscar Pereira da Silva,Pinacoteca de São Paulo,/asset/infância-de-giotto-giotto-s-childhood-oscar-pereira-da-silva/dgHmnDV2ZszDuw,https://lh3.googleusercontent.com/ci/AL18g_Tu9W0tJ8I5Ylmh_UAC9KRbQXfPIlSsjhXtvk2283kqO2fp9FzgsR8y7r5puI9t-hJfkl0Q=w128-h128-c,#b8c7e0,184,199,224,0.55043983,TEAL,#2979FF,41,121,255,5
ogGUZeQsnF7_8A.jpg,ogGUZeQsnF7_8A,The Outlier,Frederic Remington,Frederic Remington Art Museum,/asset/the-outlier-frederic-remington/ogGUZeQsnF7_8A,https://lh3.googleusercontent.com/ci/AL18g_TYFpz9tVSSDX5bZ8xHZnrBl9EW0WHPtdurak-YqItJx608dx4WKa7kH3CgD020sMwdnhaQkgg=w128-h128-c,#c1d7d3,193,215,211,0.90132624,TEAL,#2979FF,41,121,255,5
CQEwIcVlZMuC8A.jpg,CQEwIcVlZMuC8A,The good Samaritan (after Delacroix),Vincent van Gogh,Kröller-Müller Museum,/asset/the-good-samaritan-after-delacroix-vincent-van-gogh/CQEwIcVlZMuC8A,https://lh3.googleusercontent.com/ci/AL18g_Q48XLW8BuzuU1unpajo5GC45sTqvCT6IlCrOTn0hPeu9UQoWNe6Rqsavr8i35UgFrfKbl9lg=w128-h128-c,#c2d6d2,194,214,210,0.8195042,TEAL,#2979FF,41,121,255,5
7QFc-RV59LIA3g.jpg,7QFc-RV59LIA3g,Peasant Woman Binding Sheaves (after Millet),Vincent van Gogh,Van Gogh Museum,/asset/peasant-woman-binding-sheaves-after-millet-vincent-van-gogh/7QFc-RV59LIA3g,https://lh3.googleusercontent.com/ci/AL18g_TZGtDRFgs-VjDYB4mqy6eigZi2gAiZzC-rniuUfXWdwCKFTgIik7g6b7aWv2Mlx0pPiYZo=w128-h128-c,#b8c7e0,184,199,224,0.7586418,TEAL,#2979FF,41,121,255,5
_wEsxK8joa59rA.jpg,_wEsxK8joa59rA,The Huntress of the Andes,Felipe Santiago Gutiérrez,Colección Blaisten,/asset/the-huntress-of-the-andes-felipe-santiago-gutiérrez/_wEsxK8joa59rA,https://lh3.googleusercontent.com/ci/AL18g_QR_a2fwWq7ZAeLkjvg5jr08eDQBQlVw4l57z0kDgo8fmp9lDrrfQXL341uJhvJtXj1pw3eUg=w128-h128-c,#b8c7e0,184,199,224,1.6286347,TEAL,#2979FF,41,121,255,5
JgHZocBQvj1chA.jpg,JgHZocBQvj1chA,"The Stone Quarries at Veneux in the Sun, Morning",Alfred Sisley,Museum Barberini,/asset/the-stone-quarries-at-veneux-in-the-sun-morning-alfred-sisley/JgHZocBQvj1chA,https://lh3.googleusercontent.com/ci/AL18g_TcS-Ym7EraNzWmOupX8m21xwO2Di91PMnJB4Oa2RURD37lT0KWyaJtcbPifnOPe4W-tVf9=w128-h128-c,#b8c7e0,184,199,224,1.462963,TEAL,#2979FF,41,121,255,5
QQEzgp0mnSyvVw.jpg,QQEzgp0mnSyvVw,Canal of Overschie,Paul Signac,Ohara Museum of Art,/asset/canal-of-overschie-paul-signac/QQEzgp0mnSyvVw,https://lh3.googleusercontent.com/ci/AL18g_SAOFCEnorTr09JyTloeJCJ9qRqqPfXSFRG4jkcvjxDSrqXwA6RR-I5IvbJ7w6pcmHEsvRGuQ=w128-h128-c,#bcdcd5,188,220,213,1.2416419,TEAL,#2979FF,41,121,255,5
aQHc-J6GFltJ0Q.jpg,aQHc-J6GFltJ0Q,Children Playing,David Klöcker Ehrenstrahl,Skokloster Castle,/asset/children-playing-david-klöcker-ehrenstrahl/aQHc-J6GFltJ0Q,https://lh3.googleusercontent.com/ci/AL18g_TpRDybbXgsfK8j-cb4A9ZWzXD186PegwVB0IldTP2LbDIAINQNxl2PKc56BW0erdWs0UrChg=w128-h128-c,#b8c7e0,184,199,224,1.3171711,TEAL,#2979FF,41,121,255,5
WAG5sjT4qZAVvg.jpg,WAG5sjT4qZAVvg,Small Table in Evening Dusk,Henri Le Sidaner,Ohara Museum of Art,/asset/small-table-in-evening-dusk-henri-le-sidaner/WAG5sjT4qZAVvg,https://lh3.googleusercontent.com/ci/AL18g_T4b5RG99LhSo7lP0ZKeSB-L-31681GBwSCPxLmGOZUaUvgMMjR1BWWr-ESS-bhxp81tmTO=w128-h128-c,#c1d7d3,193,215,211,0.8077754,TEAL,#2979FF,41,121,255,5
pQGYzhkMJximEg.jpg,pQGYzhkMJximEg,Approaching Storm,Ernest Lawson,The Phillips Collection,/asset/approaching-storm-ernest-lawson/pQGYzhkMJximEg,https://lh3.googleusercontent.com/ci/AL18g_Qla4fGTCM3J3fh_WscFlOdNLWYH6j1nZhW20D43tfIJb5wNRguWg9Syt9-F09Y9CHtERSTYR4=w128-h128-c,#b8c7e0,184,199,224,1.2121212,TEAL,#2979FF,41,121,255,5
3wESl2YeKpFfPQ.jpg,3wESl2YeKpFfPQ,Forester's lodge in Weissenbach I,Gustav Klimt,Belvedere,/asset/forester-s-lodge-in-weissenbach-i-gustav-klimt/3wESl2YeKpFfPQ,https://lh3.googleusercontent.com/ci/AL18g_T4zVeQZ52ijZF-m1oAyqqcl-ZWOnOXev-EVpIiNnqmk1ZHs9d0SE1S87wKDjIGgdS2C165cA=w128-h128-c,#c2d6d2,194,214,210,0.9966386,TEAL,#2979FF,41,121,255,5
LAHsSESclImgWA.jpg,LAHsSESclImgWA,The Miraculous Haul of Fishes,Henry Ossawa Tanner,National Academy of Design,/asset/the-miraculous-haul-of-fishes-henry-ossawa-tanner/LAHsSESclImgWA,https://lh3.googleusercontent.com/ci/AL18g_SZeqOpIXeBHJxNLJ7P9CzRXuO_Kvl4xtSAlo2nWnRqLpa7i99-EQBmRKB7XIJ1NXCLqdPz=w128-h128-c,#c2d6d2,194,214,210,1.2550312,TEAL,#2979FF,41,121,255,5
WQHvAJ7VKfc4hg.jpg,WQHvAJ7VKfc4hg,Audley End from the South-West,William Tomkins,English Heritage,/asset/audley-end-from-the-south-west-william-tomkins/WQHvAJ7VKfc4hg,https://lh3.googleusercontent.com/ci/AL18g_Q97SojQchv62xKs9ztCzbptmGEvWTA1Gw_tDFiOYLf42LKL0Y4hUiPHLiEyF-H_6ECqZ2kvw=w128-h128-c,#b8c7e0,184,199,224,1.6327454,TEAL,#2979FF,41,121,255,5
awGK2ZxFQat2zA.jpg,awGK2ZxFQat2zA,Landscape with Saint Christopher,Herri met de Bles,Museum Boijmans Van Beuningen,/asset/landscape-with-saint-christopher-herri-met-de-bles/awGK2ZxFQat2zA,https://lh3.googleusercontent.com/ci/AL18g_R2AENpu4NL3LL7lI8Ydl3Q8fdG1PZhMI81iAyBupBdMntXhb5rXbQ4X5vyhjBgp5wVbBxi=w128-h128-c,#b8d8e0,184,216,224,1.4333254,TEAL,#2979FF,41,121,255,5
2gGs8aygpSOdoA.jpg,2gGs8aygpSOdoA,Blue Morning,George Bellows,"National Gallery of Art, Washington DC",/asset/blue-morning-george-bellows/2gGs8aygpSOdoA,https://lh3.googleusercontent.com/ci/AL18g_QrFuwz5wkrE96WL5eqbh7xELhZ4rl6ChIklpIfz0m0Yrvzjh3Jd_UZ38qmuI_gUSz3nPjMzg=w128-h128-c,#c2d6d2,194,214,210,1.2831184,TEAL,#2979FF,41,121,255,5
bQEam7xDPHXTww.jpg,bQEam7xDPHXTww,Francesca da Rimini,William Dyce,National Galleries Scotland: National,/asset/francesca-da-rimini-william-dyce/bQEam7xDPHXTww,https://lh3.googleusercontent.com/ci/AL18g_Thr2E95TFUOjkSstDtte6MDtZ8aqrJPiSyfH4LhUGr9nFsbNMPUuXRLS1-WAHj8ELyfEaP=w128-h128-c,#b8c7e0,184,199,224,1.2511312,TEAL,#2979FF,41,121,255,5
5gFzqmCBV6HdXw.jpg,5gFzqmCBV6HdXw,Women at the Races,"Édouard Manet (French, b.1832, d.1883)",Cincinnati Art Museum,/asset/women-at-the-races-Édouard-manet-french-b-1832-d-1883/5gFzqmCBV6HdXw,https://lh3.googleusercontent.com/ci/AL18g_RXx7uaFegaQ7SKNuCEapM9xlP2TuXakCtHwJfqozxkaCrQhJK3vATOQ8goH9vSF_oW6CL95g=w128-h128-c,#bbddd8,187,221,216,0.75810087,TEAL,#2979FF,41,121,255,5
zQGwgp4Xc3X_Ow.jpg,zQGwgp4Xc3X_Ow,"Lake George, Free Study",John Frederick Kensett,The Metropolitan Museum of Art,/asset/lake-george-free-study-john-frederick-kensett/zQGwgp4Xc3X_Ow,https://lh3.googleusercontent.com/ci/AL18g_TAEINVD9GHVFGBg7nG_NNN_Qr4xMJVLYVvK7tB1LK_cKU81MvbFsa_zXgU0BsDBRxCauDg=w128-h128-c,#c1d7d3,193,215,211,1.447099,TEAL,#2979FF,41,121,255,5
YAGYjajy8O6SkA.jpg,YAGYjajy8O6SkA,Young Girl at a Window,Mary Cassatt,"National Gallery of Art, Washington DC",/asset/young-girl-at-a-window-mary-cassatt/YAGYjajy8O6SkA,https://lh3.googleusercontent.com/ci/AL18g_TCptKWYCXroEj-WRV-34nXh182uK2tXMW2cb1s6_5PMXx0KAOD9mRQcf7r8jkRv3LI-l2qAWY=w128-h128-c,#b8c7e0,184,199,224,0.64624023,TEAL,#2979FF,41,121,255,5
WQEpuHRJX69bOw.jpg,WQEpuHRJX69bOw,Farmhouse in Buchberg (Upper Austrian Farmhouse),Gustav Klimt,Belvedere,/asset/farmhouse-in-buchberg-upper-austrian-farmhouse-gustav-klimt/WQEpuHRJX69bOw,https://lh3.googleusercontent.com/ci/AL18g_TOVXyM3_6ffvSQSI4rS2-j2-bpy6akTJnuqU-Rw7WOMmk4jrrRuZzBgaXEJxwnDE95h7BRwA=w128-h128-c,#c1d7d3,193,215,211,0.9970559,TEAL,#2979FF,41,121,255,5
GAELIutJ_rmO3w.jpg,GAELIutJ_rmO3w,The Virgin and Child with Saint John,Filippino Lippi,"The National Gallery, London",/asset/the-virgin-and-child-with-saint-john-filippino-lippi/GAELIutJ_rmO3w,https://lh3.googleusercontent.com/ci/AL18g_Tc0uSzr08GwcprviZIrg2pM7ZraenZcLUHXv8iQsVzcVG6tBP_NohlxiByumeLgU0GLcmK=w128-h128-c,#c1d7d3,193,215,211,0.73347074,TEAL,#2979FF,41,121,255,5
jgEPXM2WaNmeOQ.jpg,jgEPXM2WaNmeOQ,Young girl with yellow flowers in the glass,Paula Modersohn-Becker,Kunsthalle Bremen,/asset/young-girl-with-yellow-flowers-in-the-glass-paula-modersohn-becker/jgEPXM2WaNmeOQ,https://lh3.googleusercontent.com/ci/AL18g_QI2QEM1UVUTV_vBr8jhy-XYr3cV5DLP-xo6ru4tWt0mfISgxfkwnvYaAwQbnmbPODTbk7V=w128-h128-c,#b8c7e0,184,199,224,1.0201107,TEAL,#2979FF,41,121,255,5
bQH2JZ_zJwv9VQ.jpg,bQH2JZ_zJwv9VQ,Daniel in the Lions' Den,Henry Ossawa Tanner,Los Angeles County Museum of Art,/asset/daniel-in-the-lions-den-henry-ossawa-tanner/bQH2JZ_zJwv9VQ,https://lh3.googleusercontent.com/ci/AL18g_SIhB6qbzd2xTrQ2utiO7ErTo2pUh5dmNbkyt5Ir_QoeeWN98faM2pkZZaIlO6YIEfV0BCwHg=w128-h128-c,#bbddd8,187,221,216,1.2015464,TEAL,#2979FF,41,121,255,5
-AF-S3yx_NWXJQ.jpg,-AF-S3yx_NWXJQ,Portrait of Heinrike Dannecker,Gottlieb Schick,"Alte Nationalgalerie, Staatliche Museen zu Berlin",/asset/portrait-of-heinrike-dannecker-gottlieb-schick/-AF-S3yx_NWXJQ,https://lh3.googleusercontent.com/ci/AL18g_QyKWdPQR2o1SSIAP7oWb8cfANy2QlFJT4Vy1gO3iLmDK2_I-nGvV6qWwQVucpyZuoMzYnUfpI=w128-h128-c,#c2d6d2,194,214,210,0.83838147,TEAL,#2979FF,41,121,255,5
ZwF4JBII7C89Lw.jpg,ZwF4JBII7C89Lw,"Marinha, Guarujá [Seascape, Guarujá]",Almeida Júnior,Pinacoteca de São Paulo,/asset/marinha-guarujá-seascape-guarujá-almeida-júnior/ZwF4JBII7C89Lw,https://lh3.googleusercontent.com/ci/AL18g_QKz3Q2nyNRZibo8Ol0K5AYPCnm37Tu3ykisSX_nUJsI63ascbHeqhsDlal4-y94vg_XQH_oX8K=w128-h128-c,#b8c7e0,184,199,224,1.7360513,TEAL,#2979FF,41,121,255,5
_wFa5S46vT21EQ.jpg,_wFa5S46vT21EQ,A Corner of the Moulin de la Galette,Henri de Toulouse-Lautrec,"National Gallery of Art, Washington DC",/asset/a-corner-of-the-moulin-de-la-galette-henri-de-toulouse-lautrec/_wFa5S46vT21EQ,https://lh3.googleusercontent.com/ci/AL18g_SmOZy2c2_OjI13oqbLCrdDaXOAo1Rv40s8c9EWlyXKdz38pqU-5QTbWbGxx2GFrQg66vLwytjC=w128-h128-c,#c2d6d2,194,214,210,0.8843942,TEAL,#2979FF,41,121,255,5
igFOnr82mHE_xQ.jpg,igFOnr82mHE_xQ,Jade Beads,Guy Rose,Crocker Art Museum,/asset/jade-beads-guy-rose/igFOnr82mHE_xQ,https://lh3.googleusercontent.com/ci/AL18g_TxpDD9CkGv-KtefEL8AdDUnxQNq8oVNc73Sq_8OzCPA3yIoI-DhZ7ylF2FLyyKDVXl_teLiQ=w128-h128-c,#b8e0da,184,224,218,0.99742377,TEAL,#2979FF,41,121,255,5
bgF1HQYhWbQybw.jpg,bgF1HQYhWbQybw,The Harnessing of the Horses of the Sun,Giovanni Battista Tiepolo,The Bowes Museum,/asset/the-harnessing-of-the-horses-of-the-sun-giovanni-battista-tiepolo/bgF1HQYhWbQybw,https://lh3.googleusercontent.com/ci/AL18g_R64EMs5CB77U4AXbUjAnaoVFyjIuZ_onVOosE7eM3aCGBRCOi_tYh_5ZH2IeQZPzx3RoRahYaG=w128-h128-c,#b8c7e0,184,199,224,0.74884874,TEAL,#2979FF,41,121,255,5
KgG1MUhccq4lbQ.jpg,KgG1MUhccq4lbQ,Park at Kammer Castle,Gustav Klimt,Neue Galerie New York,/asset/park-at-kammer-castle-gustav-klimt/KgG1MUhccq4lbQ,https://lh3.googleusercontent.com/ci/AL18g_R62-sOJHxzh-iL2y00KYM4shRmalBj5yrrIjMfRtkcxwqqD-kA7vSXAVlGlLcsZ_VrSZESTd54=w128-h128-c,#c1d7d3,193,215,211,1.0110701,TEAL,#2979FF,41,121,255,5
pAHqJlJBu7pc_A.jpg,pAHqJlJBu7pc_A,Snow Effect in Louveciennes,Alfred Sisley,Museum Barberini,/asset/snow-effect-in-louveciennes-alfred-sisley/pAHqJlJBu7pc_A,https://lh3.googleusercontent.com/ci/AL18g_Tn8ouweYKAXRxGL0DQjl9bJ61pckUoB2gpKLgHg5QrlMWh8rThC4ESCrJi07Hnh5pThwNXVXc=w128-h128-c,#c2d6d2,194,214,210,1.2148148,TEAL,#2979FF,41,121,255,5
NQHkH0WMF87pTQ.jpg,NQHkH0WMF87pTQ,The Passage Boat,Aelbert Cuyp,"Royal Collection Trust, UK",/asset/the-passage-boat-aelbert-cuyp/NQHkH0WMF87pTQ,https://lh3.googleusercontent.com/ci/AL18g_RscRXgDeqkmZyFNgXegdqcLgNlJyuZBRiB5tLVqUTx7DW2MRlZL8m4BMDjxZDDnn30jysI6vkP=w128-h128-c,#b8c7e0,184,199,224,1.1572641,TEAL,#2979FF,41,121,255,5
xgFwgcsK5_ykAA.jpg,xgFwgcsK5_ykAA,The selector's hut (Whelan on the log),Arthur STREETON,National Gallery of Australia,/asset/the-selector-s-hut-whelan-on-the-log-arthur-streeton/xgFwgcsK5_ykAA,https://lh3.googleusercontent.com/ci/AL18g_Q8WFN4iV1-J-we8P_Qlj2wGVshE4pB7VmacE7mn6OryXQSmoxZHLuPrCfRR5ns4XAqq9E0xUY=w128-h128-c,#bcdcd5,188,220,213,0.65806454,TEAL,#2979FF,41,121,255,5
RwF8H-odOHgsOw.jpg,RwF8H-odOHgsOw,The sower (after Millet),Vincent van Gogh,Kröller-Müller Museum,/asset/the-sower-after-millet-vincent-van-gogh/RwF8H-odOHgsOw,https://lh3.googleusercontent.com/ci/AL18g_T_B1zHQzakKnlIs-ppSdBI08glrU5zJ7rLxeym8FOAUbjj4OdxuMeFqajsFWa5oGS4vrz-zg=w128-h128-c,#c2d6d2,194,214,210,0.8445946,TEAL,#2979FF,41,121,255,5
XwEbNDsEYukiWQ.jpg,XwEbNDsEYukiWQ,Water Lilies,"Claude Monet (French, 1840–1926)",The Art Institute of Chicago,/asset/water-lilies-claude-monet-french-1840–1926/XwEbNDsEYukiWQ,https://lh3.googleusercontent.com/ci/AL18g_T1v4CuGoigDgBLttRQLtjU9MOXyH0zlGsaHo6pEmmwzN7MLRkMlNUMMcoIX-RGHxrzZN08FQ=w128-h128-c,#c1d7d3,193,215,211,1.0408889,TEAL,#2979FF,41,121,255,5
oQHa4O-ZeaQCYQ.jpg,oQHa4O-ZeaQCYQ,View of Marly-le-Roi from Coeur-Volant,Alfred Sisley,The Metropolitan Museum of Art,/asset/view-of-marly-le-roi-from-coeur-volant-alfred-sisley/oQHa4O-ZeaQCYQ,https://lh3.googleusercontent.com/ci/AL18g_TzXA6KXE3RD7NHxZ1hlmuAW95nfBaOwxhnJmaGhZVS6Am9wMDG6GAa3dIRjjdpYkitpRhUgw=w128-h128-c,#bcdcd5,188,220,213,1.408509,TEAL,#2979FF,41,121,255,5
MwEnZGAyvYiLRQ.jpg,MwEnZGAyvYiLRQ,View of the Giudecca Canal and the Zattere,Francesco Guardi,Museo Nacional Thyssen-Bornemisza,/asset/view-of-the-giudecca-canal-and-the-zattere-francesco-guardi/MwEnZGAyvYiLRQ,https://lh3.googleusercontent.com/ci/AL18g_T83K9QC-F7GlXum-qV-Yc5yH8NhmJT_9TfxcJWdS4_nlpbr_KXLCWZrnLb0VOPDcrSG3IwnQ=w128-h128-c,#c2d6d2,194,214,210,1.6757345,TEAL,#2979FF,41,121,255,5
SgFmFKbzbwJ0hA.jpg,SgFmFKbzbwJ0hA,Saint Martin and the Beggar,El Greco (Domenikos Theotokopoulos),"National Gallery of Art, Washington DC",/asset/saint-martin-and-the-beggar-el-greco-domenikos-theotokopoulos/SgFmFKbzbwJ0hA,https://lh3.googleusercontent.com/ci/AL18g_RqWK1Crg_keHPpjcFnUeanbfdeLu2K-7ZTE0aG6aY84zDz7GoV0AxV5Tq3-qYHL7GPBpXg2g=w128-h128-c,#b8d8e0,184,216,224,0.5324707,TEAL,#2979FF,41,121,255,5
SQGJ1j6PgYIQxA.jpg,SQGJ1j6PgYIQxA,"Pontiac Club, Canada",Frederic Remington,Frederic Remington Art Museum,/asset/pontiac-club-canada-frederic-remington/SQGJ1j6PgYIQxA,https://lh3.googleusercontent.com/ci/AL18g_Tlcin66LQTKUsGRf2QjbjJngZyhQI8xRxlBz8iCJ4hKTcccPgVsPtAw6xouh97L4IK3CIqkg=w128-h128-c,#b8c7e0,184,199,224,1.328364,TEAL,#2979FF,41,121,255,5
ZAGBlmIyZeclQA.jpg,ZAGBlmIyZeclQA,"White Houses, the Great Sea View of Capri",Antonino Leto,"Gallery of Modern Art ""Empedocle Restivo""",/asset/white-houses-the-great-sea-view-of-capri-antonino-leto/ZAGBlmIyZeclQA,https://lh3.googleusercontent.com/ci/AL18g_Q20QDfGqZzmmhpU9_L1EWNs-xT8wfSbTZ6xI302ReBLKtsN5x_bkzAsVdk947Ot0cvQ6USpg=w128-h128-c,#c2d6d2,194,214,210,1.4928093,TEAL,#2979FF,41,121,255,5
1AEVRPFBl_Y86A.jpg,1AEVRPFBl_Y86A,Saint-Mammès. June Sunshine,Alfred Sisley,"Museu Nacional d'Art de Catalunya - MNAC, Barcelona",/asset/saint-mammès-june-sunshine-alfred-sisley/1AEVRPFBl_Y86A,https://lh3.googleusercontent.com/ci/AL18g_S2pBeRmR9kuP0W4SE6oDgbXQoCeVWup0Tz2juX0sr80hmKLtyLHaSPUqGq-YcHEf_aiyau8w=w128-h128-c,#bbddd8,187,221,216,1.4640548,TEAL,#2979FF,41,121,255,5
hQEKrwMRHlm66g.jpg,hQEKrwMRHlm66g,Jerusalem and the Valley of Jehoshaphat from the Hill of Evil Counsel,Thomas Seddon,Tate Britain,/asset/jerusalem-and-the-valley-of-jehoshaphat-from-the-hill-of-evil-counsel-thomas-seddon/hQEKrwMRHlm66g,https://lh3.googleusercontent.com/ci/AL18g_TSBw1z3ya-no0AALBPUvM4tKG0eJ7yCYB-THKdmMAGIsqW_pIopa9Kqfj_7QZYFcdiYNi27w=w128-h128-c,#b8c7e0,184,199,224,1.2407615,TEAL,#2979FF,41,121,255,5
DQH-Y6aAHjf78A.jpg,DQH-Y6aAHjf78A,Christ and His Disciples on the Sea of Galilee,Henry Ossawa Tanner,Virginia Museum of Fine Arts,/asset/christ-and-his-disciples-on-the-sea-of-galilee-henry-ossawa-tanner/DQH-Y6aAHjf78A,https://lh3.googleusercontent.com/ci/AL18g_Qqj_QlAD4fUh1pmdiZjmMa4yCyzHWHTiqwruCjY3fmQJJDORrZ_IERuoLT1ZknYkmT0ty0YhM=w128-h128-c,#b8d8e0,184,216,224,1.4114428,TEAL,#2979FF,41,121,255,5
nAEZtqshhGrGRg.jpg,nAEZtqshhGrGRg,The Village Festival,David Teniers the Younger,Staatliche Kunsthalle Karlsruhe,/asset/the-village-festival-david-teniers-the-younger/nAEZtqshhGrGRg,https://lh3.googleusercontent.com/ci/AL18g_TPKYvz_Q5exr7ovKpoTEsIDzMRTefQRaB7Eq0xT0qsC02FicEBal4kiYMIgC9hPKuJOSwYkZ4=w128-h128-c,#b8c7e0,184,199,224,1.5634218,TEAL,#2979FF,41,121,255,5
nAH0WaFUfCnWFw.jpg,nAH0WaFUfCnWFw,Harbor Scene with St. Paul's Departure from Caesarea,Jan Brueghel the Elder,North Carolina Museum of Art,/asset/harbor-scene-with-st-paul-s-departure-from-caesarea-jan-brueghel-the-elder/nAH0WaFUfCnWFw,https://lh3.googleusercontent.com/ci/AL18g_TgeTEjZqkhz9h3o4CmXjZThOcjHTU1tbFTqCY3NCeZNNaadu_HR_nt-_k-2V0qeagjW-Cfbw=w128-h128-c,#b8c7e0,184,199,224,1.5241681,TEAL,#2979FF,41,121,255,5
bgHSBt_d0MeMOw.jpg,bgHSBt_d0MeMOw,Windmills,Jan Brueghel the Elder,"Gallery of Old and New Masters, Staatliches Museum Schwerin / Ludwigslust / Güstrow",/asset/windmills-jan-brueghel-the-elder/bgHSBt_d0MeMOw,https://lh3.googleusercontent.com/ci/AL18g_TFV8TAmAlww-g9daSGK_9uCBwBombxwUqyyG9jvCU6XMlqFtyCHZE7wa4gKUHiBb-Arr6nFA=w128-h128-c,#b8c7e0,184,199,224,1.323919,TEAL,#2979FF,41,121,255,5
FwF1BJ1MzIzcnA.jpg,FwF1BJ1MzIzcnA,Amusement on the Caique,Fausto Zonaro,Pera Museum,/asset/amusement-on-the-caique-fausto-zonaro/FwF1BJ1MzIzcnA,https://lh3.googleusercontent.com/ci/AL18g_Ret6JOexYxakYDLhpKH7gt1GcCYL6IV2m-npTdPcdK29tt0Xl2HI2WOe2YlMQZiVNv8vr1Ug=w128-h128-c,#c2d6d2,194,214,210,1.6085526,TEAL,#2979FF,41,121,255,5
rwESH9exmJdmqg.jpg,rwESH9exmJdmqg,Study for Patriotism,Pierre Puvis de Chavannes,Ohara Museum of Art,/asset/study-for-patriotism-pierre-puvis-de-chavannes/rwESH9exmJdmqg,https://lh3.googleusercontent.com/ci/AL18g_SFdcgBeaS3uq1w5lM4r6enpSf-aBU4021DsgTGOWbcPrel3AVEGYmEFaFJDL9hHQzu0t--Yw=w128-h128-c,#b8c7e0,184,199,224,0.91910464,TEAL,#2979FF,41,121,255,5
EAH-2Br8cptQrQ.jpg,EAH-2Br8cptQrQ,Still life with tulips,August Macke,Oldenburg State Museum for Art and Cultural History,/asset/still-life-with-tulips-august-macke/EAH-2Br8cptQrQ,https://lh3.googleusercontent.com/ci/AL18g_RraaA8GQmGAr0ML8pkU6qkhiODFXHvV9zNhjzE6wOeTp-GsayZ7hBR57BztVUL0U86XK78QaOI=w128-h128-c,#b8c7e0,184,199,224,0.6489253,TEAL,#2979FF,41,121,255,5
ywFy4Erf7ZfGag.jpg,ywFy4Erf7ZfGag,"Spring Night, Harlem River",Ernest Lawson,The Phillips Collection,/asset/spring-night-harlem-river-ernest-lawson/ywFy4Erf7ZfGag,https://lh3.googleusercontent.com/ci/AL18g_QC8CdMBeLAVCN0z4Dmbehp8cHHdiYxqpepKJaZfnc_YUfjx2-nkFN69GFlZ1EcHHyOFaJP-wyM=w128-h128-c,#c2d6d2,194,214,210,1.20012,TEAL,#2979FF,41,121,255,5
VwEoYlHnhpveJQ.jpg,VwEoYlHnhpveJQ,Adieu !,Alfred Guillou,Musée des Beaux-Arts de Quimper,/asset/adieu-alfred-guillou/VwEoYlHnhpveJQ,https://lh3.googleusercontent.com/ci/AL18g_TJhphn4v-lCbNVQGOSJl7hkzMdDP_Ip--OkeEvI33agEYXfmdrLiDOdeyTR0VEff02plrBNOU=w128-h128-c,#c1d7d3,193,215,211,1.4585764,TEAL,#2979FF,41,121,255,5
4QG34A7eo1pLBw.jpg,4QG34A7eo1pLBw,A Eunuch's Dream,"Jean Lecomte du Nouÿ (French, 1842–1923)",The Cleveland Museum of Art,/asset/a-eunuch-s-dream-jean-lecomte-du-nouÿ-french-1842–1923/4QG34A7eo1pLBw,https://lh3.googleusercontent.com/ci/AL18g_TKRrJNHFhNappfZFAs7tZgUfvj5oLcDQcKDrGVkpVCdeehDJRdpC6WmvIbIBeGn3aH4XOfKBM=w128-h128-c,#b8d8e0,184,216,224,1.6691213,TEAL,#2979FF,41,121,255,5
ZwGMA2iACcxy1Q.jpg,ZwGMA2iACcxy1Q,"Sunlight and Shadow, Shinnecock Hills",William Merritt Chase,"The Museum of Fine Arts, Houston",/asset/sunlight-and-shadow-shinnecock-hills-william-merritt-chase/ZwGMA2iACcxy1Q,https://lh3.googleusercontent.com/ci/AL18g_QG428jqUMW8LNHBTQthH1KZocQTc6r_bZq97sZNDZxHQEIZuWPwpPUup42H2-JBb8PAKFERg=w128-h128-c,#b8c7e0,184,199,224,1.1465937,TEAL,#2979FF,41,121,255,5
owFEwrtLb2oqbw.jpg,owFEwrtLb2oqbw,Orchard bordered by cypresses,Vincent van Gogh,Kröller-Müller Museum,/asset/orchard-bordered-by-cypresses-vincent-van-gogh/owFEwrtLb2oqbw,https://lh3.googleusercontent.com/ci/AL18g_Q86m-oe0LD2ztIcSGSQ4o5ws882akpJhleAZ4uvfClYXaw8h_lEBsIIhnoLp_YwXTMAHa4wnY-=w128-h128-c,#b8c7e0,184,199,224,1.25175,TEAL,#2979FF,41,121,255,5
dQFuVgO2KMv-fQ.jpg,dQFuVgO2KMv-fQ,Ascent of a Balloon in the Presence of the Court of Charles IV,Antonio Carnicero,Bilboa Museoa. Museo de Bellas Artes de Bilbao,/asset/ascent-of-a-balloon-in-the-presence-of-the-court-of-charles-iv-antonio-carnicero/dQFuVgO2KMv-fQ,https://lh3.googleusercontent.com/ci/AL18g_Q1usv0am1LGvdRpNPL1zSv1tvFxIT7f2bD105StaIKpKlkwDiN0p0T5xN9IOKLmlPcr0RLU_w=w128-h128-c,#c2d6d2,194,214,210,1.3190206,TEAL,#2979FF,41,121,255,5
QQEwcpPRFJv22Q.jpg,QQEwcpPRFJv22Q,"View of King Street, Toronto",John Gillespie (active 1841-1849),Royal Ontario Museum,/asset/view-of-king-street-toronto-john-gillespie-active-1841-1849/QQEwcpPRFJv22Q,https://lh3.googleusercontent.com/ci/AL18g_SSMoEUT-PmKNdHAl4Yq2mwaNyjIPmRHA_95bbYos1H0YRr0-Md5M_ZMrJZgsnlhl3PI4yzvg=w128-h128-c,#bcdcd5,188,220,213,2.0513964,TEAL,#2979FF,41,121,255,5
8QH3EBQrgPqotA.jpg,8QH3EBQrgPqotA,"A Cloudy Day, Bluebonnets near San Antonio, Texas",Julian Onderdonk,Amon Carter Museum of American Art,/asset/a-cloudy-day-bluebonnets-near-san-antonio-texas-julian-onderdonk/8QH3EBQrgPqotA,https://lh3.googleusercontent.com/ci/AL18g_TfJX63hNkuINZo5Oy2rqmDgN3BFbsn-3ZBmG5P6gk4uEkIYXAsXNCYHEy9NnLAfhhrccdPy8Q=w128-h128-c,#c1d7d3,193,215,211,1.206642,TEAL,#2979FF,41,121,255,5
WgHh_SH5jOjcfQ.jpg,WgHh_SH5jOjcfQ,Cannon Rock,Winslow Homer,The Metropolitan Museum of Art,/asset/cannon-rock-winslow-homer/WgHh_SH5jOjcfQ,https://lh3.googleusercontent.com/ci/AL18g_TwrJe_rLtjaO6ULtBO0xJ-f_cbwvreLADSz4JBXowrvXo9DGYva6sP_3rYWMUYA9hnsVzcM6Y=w128-h128-c,#b8c7e0,184,199,224,1.0005282,TEAL,#2979FF,41,121,255,5
dwGcEd0I7g_3Zg.jpg,dwGcEd0I7g_3Zg,Landscape with a clump of trees,Théodore Rousseau,National Gallery of Victoria,/asset/landscape-with-a-clump-of-trees-théodore-rousseau/dwGcEd0I7g_3Zg,https://lh3.googleusercontent.com/ci/AL18g_QTbfBoHDTFT7_HrjBp5s5_93sZEu1dQebRXWYpWdlGQyu90ML91IpPMKWn8z-UyzrK7pKFMoS6=w128-h128-c,#c2d6d2,194,214,210,1.5508156,TEAL,#2979FF,41,121,255,5
qgFrqaq87lE91A.jpg,qgFrqaq87lE91A,Winter Night,Edvard Munch,Kunsthaus Zürich,/asset/winter-night-edvard-munch/qgFrqaq87lE91A,https://lh3.googleusercontent.com/ci/AL18g_RVhXSMVA5h-NQ5qONOc-C750rLboVdG1MFYmK2tPH9LpWyzR6y8BQVm_Ejl9cOmd696unzCw=w128-h128-c,#c2d6d2,194,214,210,1.5060241,TEAL,#2979FF,41,121,255,5
qAGUAdsA4sua0w.jpg,qAGUAdsA4sua0w,The music,Santiago Rusiñol i Prats,Cau Ferrat Museum,/asset/the-music-santiago-rusiñol-i-prats/qAGUAdsA4sua0w,https://lh3.googleusercontent.com/ci/AL18g_RqYc4BVa5oOo1VRnEeTchJ3tNSjDS_o0g1DRJ-vEacJWN4j23cyerVzy-ETVNNEeBdHg7ouQ=w128-h128-c,#b8d8e0,184,216,224,2.1871202,TEAL,#2979FF,41,121,255,5
KgHszk7H-D1yZQ.jpg,KgHszk7H-D1yZQ,The Western Ramparts at Aigues-Mortes,Frédéric Bazille,"National Gallery of Art, Washington DC",/asset/the-western-ramparts-at-aigues-mortes-frédéric-bazille/KgHszk7H-D1yZQ,https://lh3.googleusercontent.com/ci/AL18g_TdoRn0ZTA4-U5R0GxwcHafZcJe1BjbcyzKLUekDzaG1YHMBy63rlzvivI1BU3YxQYPaMYWZg=w128-h128-c,#b8c7e0,184,199,224,1.6869851,TEAL,#2979FF,41,121,255,5
ZAG__BhIUYpuhw.jpg,ZAG__BhIUYpuhw,The Ash Lad and the Troll,Theodor Kittelsen,"The National Museum of Art, Architecture and Design, Norway",/asset/the-ash-lad-and-the-troll-theodor-kittelsen/ZAG__BhIUYpuhw,https://lh3.googleusercontent.com/ci/AL18g_RU2QvOacXbyL3sO12SE4GZxXrDYiGZsdQV_wNzM9o7bmSrIW15-1JQm9DpEKwqegWoCoRtWkg=w128-h128-c,#bcdcd5,188,220,213,1.5165877,TEAL,#2979FF,41,121,255,5
egHJtpElw6vbaw.jpg,egHJtpElw6vbaw,Summer,"Pierre Puvis de Chavannes (French, 1824–1898)",The Cleveland Museum of Art,/asset/summer-pierre-puvis-de-chavannes-french-1824–1898/egHJtpElw6vbaw,https://lh3.googleusercontent.com/ci/AL18g_T-qB-jzlWU0rLYAQtM88XYUVXrbHz2TAMnwFVzr7IWWx9Ul7Or8VCM6MYvdaP9vxwFElu7Zg=w128-h128-c,#b8c7e0,184,199,224,1.5603487,TEAL,#2979FF,41,121,255,5
JQHlLPIiPeBpRw.jpg,JQHlLPIiPeBpRw,The ravine (Les Peiroulets),Vincent van Gogh,Kröller-Müller Museum,/asset/the-ravine-les-peiroulets-vincent-van-gogh/JQHlLPIiPeBpRw,https://lh3.googleusercontent.com/ci/AL18g_SADVX6QXgL0fibLaouekfaaw56XN3C-oUyNRboVkVlRmt6i9YcyZ6DMUe8iOecnV9UMpYQtA=w128-h128-c,#c2d6d2,194,214,210,1.25525,TEAL,#2979FF,41,121,255,5
DgF_QY-lAIaTcw.jpg,DgF_QY-lAIaTcw,The Unexpected Arrival,Francesco Lojacono,Quirinale Palace,/asset/the-unexpected-arrival-francesco-lojacono/DgF_QY-lAIaTcw,https://lh3.googleusercontent.com/ci/AL18g_SdLXeaOxuaEFF_nUq5Ew8I8SXOWl4Qrj824vEvteE55X6A9rfqh62unL9GWAfx7ffxeFEZNg=w128-h128-c,#c2d6d2,194,214,210,2.0248175,TEAL,#2979FF,41,121,255,5
SwFJtNyRPi8bRQ.jpg,SwFJtNyRPi8bRQ,Imaginary View of a Venetian Square or Campo,Francesco Guardi,The Metropolitan Museum of Art,/asset/imaginary-view-of-a-venetian-square-or-campo-francesco-guardi/SwFJtNyRPi8bRQ,https://lh3.googleusercontent.com/ci/AL18g_RTA9xfI1JwTau3HlPya--5TzI6Crk0oe3bReOQQYb1vcg2eIoT7jQ0NV4-XMv1NekKhhwCvw=w128-h128-c,#c1d7d3,193,215,211,0.867655,TEAL,#2979FF,41,121,255,5
mQEflPOVaYQTsA.jpg,mQEflPOVaYQTsA,Harbour Scene with Christ Preaching,Jan Brueghel the Elder,"Alte Pinakothek, Bayerische Staatsgemäldesammlungen",/asset/harbour-scene-with-christ-preaching-jan-brueghel-the-elder/mQEflPOVaYQTsA,https://lh3.googleusercontent.com/ci/AL18g_TJB1gpw1tRveTEBekc8VTMLFkgAYLq5Ua7SpWaavaeSkeumyHry197CyrK2HJnUlnl0-aPXQ=w128-h128-c,#c2d6d2,194,214,210,1.4988759,TEAL,#2979FF,41,121,255,5
JQGBk2Z54ITMqA.jpg,JQGBk2Z54ITMqA,Vista do Convento de Santa Teresa Tomada do Alto de Paula Matos,Henri Nicolas Vinet,Pinacoteca de São Paulo,/asset/vista-do-convento-de-santa-teresa-tomada-do-alto-de-paula-matos-henri-nicolas-vinet/JQGBk2Z54ITMqA,https://lh3.googleusercontent.com/ci/AL18g_S0tYQmB8THvKTrxjIYeOvKPV_sUs30A3rujOXdn_McB8VL1Set_-I2hRjrU0JnVokhs1N4vg=w128-h128-c,#bcdcd5,188,220,213,1.4771732,TEAL,#2979FF,41,121,255,5
UQGFh2ps12F5hw.jpg,UQGFh2ps12F5hw,Roses,Vincent van Gogh,The Metropolitan Museum of Art,/asset/roses-vincent-van-gogh/UQGFh2ps12F5hw,https://lh3.googleusercontent.com/ci/AL18g_RoC-67HpSz-dt2a0aEMYUb50_i6FfUCWQAHNcHuCm1Z2-Vnz4HOiJSVFF5AJrcGFbdsyEgLw=w128-h128-c,#c8d5c3,200,213,195,0.79175,GREEN,#0D904F,13,144,79,6
zwEHXljwy3BidA.jpg,zwEHXljwy3BidA,Cypresses,Vincent van Gogh,The Metropolitan Museum of Art,/asset/cypresses-vincent-van-gogh/zwEHXljwy3BidA,https://lh3.googleusercontent.com/ci/AL18g_S2DgnjdfpPCtKhFbregiaTLKqBE7Ov0V_a8EgIjCZ170P7OipvJe9fLKZkQ6TcDRkudHKBdX3m=w128-h128-c,#bfdfb9,191,223,185,0.793122,GREEN,#0D904F,13,144,79,6
pgHLNTnAE2OCRQ.jpg,pgHLNTnAE2OCRQ,A Girl with a Watering Can,Auguste Renoir,"National Gallery of Art, Washington DC",/asset/a-girl-with-a-watering-can-auguste-renoir/pgHLNTnAE2OCRQ,https://lh3.googleusercontent.com/ci/AL18g_RtcaUFxjnJfBUYwtyuTifKJDfSWcSMYHNP7h2NJB5Hjce3_f5w_WXz3pfkOYa1wryPm5pE4MQ=w128-h128-c,#c8d5c3,200,213,195,0.728229,GREEN,#0D904F,13,144,79,6
qwH7SFUucsTJjQ.jpg,qwH7SFUucsTJjQ,Self-Portrait Dedicated to Leon Trotsky,Frida Kahlo,National Museum of Women in the Arts,/asset/self-portrait-dedicated-to-leon-trotsky-frida-kahlo/qwH7SFUucsTJjQ,https://lh3.googleusercontent.com/ci/AL18g_Txzg0kKqWE35Gnef7MdsSd7GHm8277UZafUqnHZMsjepgpLJeCwojvJbIs3-YKIwok1MNwU5Iy=w128-h128-c,#d5dfb9,213,223,185,0.7895508,GREEN,#0D904F,13,144,79,6
DgElRwoxZWloQQ.jpg,DgElRwoxZWloQQ,Roses,Vincent van Gogh,"National Gallery of Art, Washington DC",/asset/roses-vincent-van-gogh/DgElRwoxZWloQQ,https://lh3.googleusercontent.com/ci/AL18g_T2Z00zLc9qNImS0fw5GAIURML5vV6ei4qDxqXRlZmjxM0p6z0vEjuvf4E8ywMGVVOz5dlrVg=w128-h128-c,#c6dabe,198,218,190,1.2626362,GREEN,#0D904F,13,144,79,6
8gFMQMhl3fzS7Q.jpg,8gFMQMhl3fzS7Q,Snap the Whip,Winslow Homer,The Metropolitan Museum of Art,/asset/snap-the-whip-winslow-homer/8gFMQMhl3fzS7Q,https://lh3.googleusercontent.com/ci/AL18g_Sq160J4mA55p90G_k1BPbWYE-F1s_FgxmPJrxc103pw0zWCO-HHXtM1HGH8oaAGmnNcC6t8A=w128-h128-c,#d6e0b8,214,224,184,1.640551,GREEN,#0D904F,13,144,79,6
QgG22OXaJoXDaw.jpg,QgG22OXaJoXDaw,Woman with a Parasol in a Garden,Pierre-Auguste Renoir,Museo Nacional Thyssen-Bornemisza,/asset/woman-with-a-parasol-in-a-garden-pierre-auguste-renoir/QgG22OXaJoXDaw,https://lh3.googleusercontent.com/ci/AL18g_RrjyE6UTs-iwsyF2tjmu57c1iSbY_Kxy88TXsab28aSQbosbGhRu8siA0XkMae8aIxlgiDp7k=w128-h128-c,#c8d5c3,200,213,195,1.1904209,GREEN,#0D904F,13,144,79,6
5wG4newTWTS6lw.jpg,5wG4newTWTS6lw,Farm Garden with Sunflowers,Gustav Klimt,Belvedere,/asset/farm-garden-with-sunflowers-gustav-klimt/5wG4newTWTS6lw,https://lh3.googleusercontent.com/ci/AL18g_Sl3dgC1ySa1w08ELqHpW6VZcMzVR5k9Nt7P8z53Wq1ziR-bQBFA6kF8xSfF-0QSfxoX8JD-g=w128-h128-c,#b8e0cc,184,224,204,0.9929713,GREEN,#0D904F,13,144,79,6
EQF2FvGUZzLKOA.jpg,EQF2FvGUZzLKOA,Green Field,Vincent van Gogh,National Gallery Prague,/asset/green-field-vincent-van-gogh/EQF2FvGUZzLKOA,https://lh3.googleusercontent.com/ci/AL18g_Q9BNBRaze-Ei--gI3rVwtZNDWlyTK9B7Fq2DdQIdnuleiS8z_ortTDiddlESllZdEmv-WlJQ=w128-h128-c,#d3dabe,211,218,190,1.2178478,GREEN,#0D904F,13,144,79,6
MAEAy6troM27qQ.jpg,MAEAy6troM27qQ,Fränzi in front of Carved Chair,Ernst Ludwig Kirchner,Museo Nacional Thyssen-Bornemisza,/asset/fränzi-in-front-of-carved-chair-ernst-ludwig-kirchner/MAEAy6troM27qQ,https://lh3.googleusercontent.com/ci/AL18g_QPJqBBUvMUihaC_SOZTavyiu2M5mbl3Wu_XBxQDSuhCBkKdkD9aiXY61XJVgQKkR98-vhrLB__=w128-h128-c,#c5d8c0,197,216,192,0.71193016,GREEN,#0D904F,13,144,79,6
AQH7PjTM_B93Mg.jpg,AQH7PjTM_B93Mg,Avenue to Schloss Kammer,Gustav Klimt,Belvedere,/asset/avenue-to-schloss-kammer-gustav-klimt/AQH7PjTM_B93Mg,https://lh3.googleusercontent.com/ci/AL18g_Q68pJoZIu3tTGk2D1oGDipCnJDwOwC0ehbKRHSk4ZxfIX8L2BvDaasJV3fvoSeCWVR7O-BVZ0=w128-h128-c,#b8e0ca,184,224,202,0.9916423,GREEN,#0D904F,13,144,79,6
8gH071VoLsbjSA.jpg,8gH071VoLsbjSA,Green Wheat,Vincent van Gogh,National Gallery Prague,/asset/green-wheat-vincent-van-gogh/8gH071VoLsbjSA,https://lh3.googleusercontent.com/ci/AL18g_Q-5o3d9TDCUF5LASYOsdUVWYAjEpFOrm7TmA34nvxs0L4rvMUiU-zN9Pn-QcZJpHR-WS9wvl9M=w128-h128-c,#d5dfb9,213,223,185,1.2247218,GREEN,#0D904F,13,144,79,6
cwHgTl8y52EJQA.jpg,cwHgTl8y52EJQA,Peach Tree in Blossom,Vincent van Gogh,Van Gogh Museum,/asset/peach-tree-in-blossom-vincent-van-gogh/cwHgTl8y52EJQA,https://lh3.googleusercontent.com/ci/AL18g_RWr-YCMrHzY6Auxdwk5O0P1oW7Da5u3ppvUqalIUoAunSq3RGApnW23UkJ8nxkjH22tqdE1a0=w128-h128-c,#d5dfb9,213,223,185,0.74025,GREEN,#0D904F,13,144,79,6
jAE8KAdj05Buug.jpg,jAE8KAdj05Buug,"First Steps, after Millet",Vincent van Gogh,The Metropolitan Museum of Art,/asset/first-steps-after-millet-vincent-van-gogh/jAE8KAdj05Buug,https://lh3.googleusercontent.com/ci/AL18g_Rtnm3MwdmwxE9tEPFV4gg7TcW8ZILPF-X5C-49RS0-9Fu0A0W4DyR2RlaP8BNfqi4S-qXwxg=w128-h128-c,#c8d5c3,200,213,195,1.2612672,GREEN,#0D904F,13,144,79,6
DAHJbJFZKvLOMw.jpg,DAHJbJFZKvLOMw,La Mousmé,Vincent van Gogh,"National Gallery of Art, Washington DC",/asset/la-mousmé-vincent-van-gogh/DAHJbJFZKvLOMw,https://lh3.googleusercontent.com/ci/AL18g_TtBncKN-KnhZ_w_bFvspNFlsf41KZZExj_McOnpKBe7t1XGgZkLPBh9hsRsWRPxwG7BfA5hYc=w128-h128-c,#d4e9cc,212,233,204,0.8222621,GREEN,#0D904F,13,144,79,6
IAGvPOFYpBRbCw.jpg,IAGvPOFYpBRbCw,Portrait of a Lady,Gustav Klimt,Belvedere,/asset/portrait-of-a-lady-gustav-klimt/IAGvPOFYpBRbCw,https://lh3.googleusercontent.com/ci/AL18g_Tauu7lzr_RjPcw80_5C14hHbcmai1btbHlszoHhAkK3jxoTMeZ7BzWxRgIj5yeiyYu7zKoug=w128-h128-c,#b8e0d9,184,224,217,0.80867726,GREEN,#0D904F,13,144,79,6
3wF7xOZU-dKdrg.jpg,3wF7xOZU-dKdrg,Portrait of Armand Roulin,Vincent van Gogh,Museum Boijmans Van Beuningen,/asset/portrait-of-armand-roulin-vincent-van-gogh/3wF7xOZU-dKdrg,https://lh3.googleusercontent.com/ci/AL18g_QcBsVVKnlv2QhhDST85HRXuw1zx3DL1QkBbd3X7M0ZeeQyiXGbrrBdlEVOs1te0LNGskw6H-A=w128-h128-c,#c5d8c0,197,216,192,0.8323785,GREEN,#0D904F,13,144,79,6
EQEK8tVXdwAFpw.jpg,EQEK8tVXdwAFpw,"Green Wheat Fields, Auvers",Vincent van Gogh,"National Gallery of Art, Washington DC",/asset/green-wheat-fields-auvers-vincent-van-gogh/EQEK8tVXdwAFpw,https://lh3.googleusercontent.com/ci/AL18g_S2ZCVHUkMj4WM3eweL_M4XyoF72yDgpIxJMidUc8eAGli5_ONvvlSimStkun_RDljf6VgGSQ=w128-h128-c,#c3dcbc,195,220,188,1.2741657,GREEN,#0D904F,13,144,79,6
bAH2FVvaoEamtA.jpg,bAH2FVvaoEamtA,Garden at Arles,Vincent van Gogh,Kunstmuseum,/asset/garden-at-arles-vincent-van-gogh/bAH2FVvaoEamtA,https://lh3.googleusercontent.com/ci/AL18g_Rzn86VlWQVhsXm1jHMWL5TCLx8hbIB0AwkC8UN9oGPsqi_W_mSOVsgoo6H49P6-eHMOzrdZsU=w128-h128-c,#c8d5c3,200,213,195,1.23128,GREEN,#0D904F,13,144,79,6
8AHrE7jXKoFBQw.jpg,8AHrE7jXKoFBQw,Summer,Auguste Renoir,"Alte Nationalgalerie, Staatliche Museen zu Berlin",/asset/summer-auguste-renoir/8AHrE7jXKoFBQw,https://lh3.googleusercontent.com/ci/AL18g_QKQHoqquVXcmfhXEGo9qmhaCSh57NjvxTG5NnFBw87C-bN_6UYSioYhZkQ8fdx8ZX5fIvgFyEr=w128-h128-c,#b8e0d9,184,224,217,0.6816937,GREEN,#0D904F,13,144,79,6
XwEnsxpU9ENNKQ.jpg,XwEnsxpU9ENNKQ,The Charge of the Rough Riders,Frederic Remington,Frederic Remington Art Museum,/asset/the-charge-of-the-rough-riders-frederic-remington/XwEnsxpU9ENNKQ,https://lh3.googleusercontent.com/ci/AL18g_R21cAEuB33rz90zIZW89dyungOv5ii3opFRKsiqSLndRrPmukBzmL7dS1mCjQGV8f4gxnz1ko=w128-h128-c,#d6e0b8,214,224,184,1.7159228,GREEN,#0D904F,13,144,79,6
DgFlOaMozguUug.jpg,DgFlOaMozguUug,"La Berceuse (Woman Rocking a Cradle; Augustine-Alix Pellicot Roulin, 1851–1930)",Vincent van Gogh,The Metropolitan Museum of Art,/asset/la-berceuse-woman-rocking-a-cradle-augustine-alix-pellicot-roulin-1851–1930-vincent-van-gogh/DgFlOaMozguUug,https://lh3.googleusercontent.com/ci/AL18g_S-Iz_cnhp7PeCak9-7uHT0z8MYfk46EXyx_3tyzMZiy9Ha0RY-7X9A_BfPuPqCIb2bqAySp_2x=w128-h128-c,#bfdfb9,191,223,185,0.7966147,GREEN,#0D904F,13,144,79,6
dgHM8pgTjWF6Cg.jpg,dgHM8pgTjWF6Cg,Portrait of Joseph Roulin,Vincent van Gogh,MoMA The Museum of Modern Art,/asset/portrait-of-joseph-roulin-vincent-van-gogh/dgHM8pgTjWF6Cg,https://lh3.googleusercontent.com/ci/AL18g_RGfGSPOfLqLarPwdHZNqgkjX_hRyCBQXaTaXclKZNMP6HYtnv8jYYqpVqoXoanD34VGeTGEFLk=w128-h128-c,#c5d8c0,197,216,192,0.84632254,GREEN,#0D904F,13,144,79,6
lQFzzpeEHU-XxA.jpg,lQFzzpeEHU-XxA,Field with Flowers near Arles,Vincent van Gogh,Van Gogh Museum,/asset/field-with-flowers-near-arles-vincent-van-gogh/lQFzzpeEHU-XxA,https://lh3.googleusercontent.com/ci/AL18g_TfLkbvTQi-QhLxDVXqKoTgu1w0n3vNphyWRjNrHMRZseiwW7eXGNdzVHD89f6KHZSqmeKdKmE=w128-h128-c,#d5dfb9,213,223,185,1.1895,GREEN,#0D904F,13,144,79,6
2QEeaf-2G95y9Q.jpg,2QEeaf-2G95y9Q,Portrait of Joseph Roulin,Vincent van Gogh,Kröller-Müller Museum,/asset/portrait-of-joseph-roulin-vincent-van-gogh/2QEeaf-2G95y9Q,https://lh3.googleusercontent.com/ci/AL18g_RfO6ull2fLoACyatunmuyJC-50qRTf2xdE_ANDK0GyijFCcIhrdEYjpgKQOtzaXyQ4PfCZyMoa=w128-h128-c,#c0e0b8,192,224,184,0.81950265,GREEN,#0D904F,13,144,79,6
WAEHmLUIBenDmA.jpg,WAEHmLUIBenDmA,The Waagepetersen Family,Wilhelm Bendz,SMK - Statens Museum for Kunst,/asset/the-waagepetersen-family-wilhelm-bendz/WAEHmLUIBenDmA,https://lh3.googleusercontent.com/ci/AL18g_Si30z-oC0QTMjLI2pq4QT-6gJbkNJWpy0SbVkU8Qvb1Xjl_OffJ3Q1OWH4Dg_BqEtWkBgzTk8=w128-h128-c,#d5dfb9,213,223,185,0.8794051,GREEN,#0D904F,13,144,79,6
DQFF1-_RcJMP_Q.jpg,DQFF1-_RcJMP_Q,A crab on its back,Vincent van Gogh,Van Gogh Museum,/asset/a-crab-on-its-back-vincent-van-gogh/DQFF1-_RcJMP_Q,https://lh3.googleusercontent.com/ci/AL18g_SzG4bTMx7F-C5hj9JIVzCHyNOT2oQw4EWDysta7XLuxGX9YPBm80xa09B6tk_nphX12U3UpO8=w128-h128-c,#c8d5c3,200,213,195,1.360887,GREEN,#0D904F,13,144,79,6
XAHqHrqg761Jrw.jpg,XAHqHrqg761Jrw,"""Les Vessenots"" in Auvers",Vincent van Gogh,Museo Nacional Thyssen-Bornemisza,/asset/les-vessenots-in-auvers-vincent-van-gogh/XAHqHrqg761Jrw,https://lh3.googleusercontent.com/ci/AL18g_Sppv_Jx5NrUn75lXhnGGcBIi8nuSlhXEP1Qf8SEg206-W2c78MEkwYxU8FoBwnfVjvFkPGovk=w128-h128-c,#d3dabe,211,218,190,1.1946347,GREEN,#0D904F,13,144,79,6
PgGaehoXTiERQQ.jpg,PgGaehoXTiERQQ,Undergrowth with Two Figures,"Vincent van Gogh (Dutch, b.1853, d.1890)",Cincinnati Art Museum,/asset/undergrowth-with-two-figures-vincent-van-gogh-dutch-b-1853-d-1890/PgGaehoXTiERQQ,https://lh3.googleusercontent.com/ci/AL18g_SPdAJPe0EmG_cZrOODPTCdbOHXAta16BdgZy8oMCI3_OoqxGa7y2YpAZ9BQuBTM3ncOJ0j9qQ=w128-h128-c,#d5dfb9,213,223,185,2.066872,GREEN,#0D904F,13,144,79,6
pAESB0dRIFLN2A.jpg,pAESB0dRIFLN2A,The Pear Tree,Pierre-Auguste Renoir,Museum Barberini,/asset/the-pear-tree-pierre-auguste-renoir/pAESB0dRIFLN2A,https://lh3.googleusercontent.com/ci/AL18g_TnFVlDOonEHuE2Y99TP51GZ6QEttJ_7SMqEfl_c39lirJ8vw6S-FV-g_S1IA2Pih0jFiX7Cw=w128-h128-c,#c5d8c0,197,216,192,0.81946224,GREEN,#0D904F,13,144,79,6
aAHaKQj74XejJg.jpg,aAHaKQj74XejJg,The hill of Montmartre with stone quarry,Vincent van Gogh,Van Gogh Museum,/asset/the-hill-of-montmartre-with-stone-quarry-vincent-van-gogh/aAHaKQj74XejJg,https://lh3.googleusercontent.com/ci/AL18g_QLtx5hM3wPmElAkV8pUaW6i5S9QcPYqyZX_s0O_N3M0Frp-ZFPLsxTRtTZOGfI3NGxhobVJE8=w128-h128-c,#b8e0cc,184,224,204,1.1137097,GREEN,#0D904F,13,144,79,6
sQHncyoMZ9NByw.jpg,sQHncyoMZ9NByw,Daubigny's garden,Vincent van Gogh,Van Gogh Museum,/asset/daubigny-s-garden-vincent-van-gogh/sQHncyoMZ9NByw,https://lh3.googleusercontent.com/ci/AL18g_RaKzq66KIQj8ueAJ3kvBtJvUFT_-RHwJBARDlHHBXtPQY-vOF_HyW8PjmmUbkabzJPz0433z1q=w128-h128-c,#d3dabe,211,218,190,1.0129032,GREEN,#0D904F,13,144,79,6
4QEJeHzy1n2NjA.jpg,4QEJeHzy1n2NjA,Field with Poppies,Vincent van Gogh,Kunsthalle Bremen,/asset/field-with-poppies-vincent-van-gogh/4QEJeHzy1n2NjA,https://lh3.googleusercontent.com/ci/AL18g_Q8gDJ7wFbo_XnyEyy_y4XM5S71ffyh3tGQvjuRjWPfG5m_iX2lgyrP_JSVPKlQ_VwOaxJ9msk=w128-h128-c,#c5d8c0,197,216,192,1.2676057,GREEN,#0D904F,13,144,79,6
-gGjJu_Q5KR1dw.jpg,-gGjJu_Q5KR1dw,Flowering Poppies,Gustav Klimt,Belvedere,/asset/flowering-poppies-gustav-klimt/-gGjJu_Q5KR1dw,https://lh3.googleusercontent.com/ci/AL18g_SbBbHVz62w2rwMKw-LhPsqZLitIWFfrteM7py-2ESV-t_sL7_D35_AWERwEZ2X9KeCb4c4mfZG=w128-h128-c,#c8d5c3,200,213,195,0.99246436,GREEN,#0D904F,13,144,79,6
ggHyEPH1HPYYpQ.jpg,ggHyEPH1HPYYpQ,Girl with a Hoop,Auguste Renoir,"National Gallery of Art, Washington DC",/asset/girl-with-a-hoop-auguste-renoir/ggHyEPH1HPYYpQ,https://lh3.googleusercontent.com/ci/AL18g_TgkaCoZp74g-rU7WXSOfcoCIyOVXfQYI03Q4FsqDFXOWjglFsQ1-TsIaE1jOqnV-54lG5yQnw=w128-h128-c,#c6dabe,198,218,190,0.5949707,GREEN,#0D904F,13,144,79,6
cwEkp6mnp30qcw.jpg,cwEkp6mnp30qcw,Dog Lying in the Snow,Franz Marc,Städel Museum,/asset/dog-lying-in-the-snow-franz-marc/cwEkp6mnp30qcw,https://lh3.googleusercontent.com/ci/AL18g_TjCTxD9r69ihqgFJeMkJ9_FBd-bdYFiy_BsxXEvOEGHi7KcXzzZ75do7Y2hsG7BH2Pfwv8nAU=w128-h128-c,#d7e0b8,215,224,184,1.701838,GREEN,#0D904F,13,144,79,6
wQE3b-vHYh5ctQ.jpg,wQE3b-vHYh5ctQ,Stati d'animo - Quelli che restano,Umberto Boccioni,Museo del Novecento,/asset/stati-d-animo-quelli-che-restano-umberto-boccioni/wQE3b-vHYh5ctQ,https://lh3.googleusercontent.com/ci/AL18g_RKr1N4FwOepUKqKvJMBOWeqFBHAqQMxui-n7TT1Olg0i-ZVf-FgGEXBTy_mMzlHLbg94x0u5FI=w128-h128-c,#b8e0d9,184,224,217,1.3739936,GREEN,#0D904F,13,144,79,6
egGIEWGGYPvanw.jpg,egGIEWGGYPvanw,Spring in the Alps,Giovanni Segantini,The J. Paul Getty Museum,/asset/spring-in-the-alps-giovanni-segantini/egGIEWGGYPvanw,https://lh3.googleusercontent.com/ci/AL18g_SSavoFpz0mBZfhEe7GSqZymutO0vRbG8USbcRkunkxWpJkRZN8A8brj3vur_bbtDnFhf_2Q3g=w128-h128-c,#c8d5c3,200,213,195,1.916933,GREEN,#0D904F,13,144,79,6
cgHj-St4G5l27A.jpg,cgHj-St4G5l27A,Spring in the Alps,Giovanni Segantini,The J. Paul Getty Museum,/asset/spring-in-the-alps-giovanni-segantini/cgHj-St4G5l27A,https://lh3.googleusercontent.com/ci/AL18g_T6oeMy_gygqZ-vG69U49j5t7JekxqktelR5VKfNfTz7QTwcE9EOVSPGU2dvBOD1O4JTJ25bg=w128-h128-c,#c8d5c3,200,213,195,1.9172552,GREEN,#0D904F,13,144,79,6
DgEIFHy5TuAC1g.jpg,DgEIFHy5TuAC1g,Poppy field,Vincent van Gogh,Kunstmuseum,/asset/poppy-field-vincent-van-gogh/DgEIFHy5TuAC1g,https://lh3.googleusercontent.com/ci/AL18g_R5eCDaHaapthtNIS5sG5ZWA6h_nW8VYJTD2pzjjT5iKoYW2ZRnO77xn9V5UlST_KlqyknSoTU=w128-h128-c,#d5dfb9,213,223,185,1.2296973,GREEN,#0D904F,13,144,79,6
6gHcrp0dYtt0cg.jpg,6gHcrp0dYtt0cg,Il giardiniere,Vincent van Gogh,La Galleria Nazionale d’Arte Moderna e Contemporanea,/asset/il-giardiniere-vincent-van-gogh/6gHcrp0dYtt0cg,https://lh3.googleusercontent.com/ci/AL18g_SnQNKh7bVf84Aywbmrl4-a7_Sr8EZw7rGcp6Wk4Qe1I3g0fncBh5Qg4wLq9_BTzjo2LPvDrnw=w128-h128-c,#c8d5c3,200,213,195,0.81958675,GREEN,#0D904F,13,144,79,6
iQGhrKkDARFr9w.jpg,iQGhrKkDARFr9w,Garden with Courting Couples: Square Saint-Pierre,Vincent van Gogh,Van Gogh Museum,/asset/garden-with-courting-couples-square-saint-pierre-vincent-van-gogh/iQGhrKkDARFr9w,https://lh3.googleusercontent.com/ci/AL18g_SescozOF5kCHrliV251M02G0VH7ujtJyEtrGut_QbaYzUurINEIs14pbtCOqVP5_YrUK_WGg=w128-h128-c,#c8d5c3,200,213,195,1.4895,GREEN,#0D904F,13,144,79,6
lgExugDzwD5lQA.jpg,lgExugDzwD5lQA,The Garden Parasol,Frederick Carl Frieseke,North Carolina Museum of Art,/asset/the-garden-parasol-frederick-carl-frieseke/lgExugDzwD5lQA,https://lh3.googleusercontent.com/ci/AL18g_Sk_R4Px3y5f7lqtGMx_P0VlBX07I4rpXGbfhwari5g-oQLfddVoLyDwUZ4sU_HBUKUQRbzd5k=w128-h128-c,#c8d5c3,200,213,195,1.3587903,GREEN,#0D904F,13,144,79,6
-gEaE1qjRL-dDA.jpg,-gEaE1qjRL-dDA,The Wave,Gustave Courbet,Städel Museum,/asset/the-wave-gustave-courbet/-gEaE1qjRL-dDA,https://lh3.googleusercontent.com/ci/AL18g_QbYKHWEgYUCRcWkQupFFaSZujV6jjKchTRGyAEtArSGsXxVzrsCwLiwDRd7KuK1uVDkmp7wA=w128-h128-c,#b8e0cc,184,224,204,1.4392631,GREEN,#0D904F,13,144,79,6
9AHoQRTbY7RC2Q.jpg,9AHoQRTbY7RC2Q,Trees and undergrowth,Vincent van Gogh,Van Gogh Museum,/asset/trees-and-undergrowth-vincent-van-gogh/9AHoQRTbY7RC2Q,https://lh3.googleusercontent.com/ci/AL18g_SDRYpy6blgetHAOynpqNNMI9LYyRz3aHmCj-j0Z42WKYJ2er3XSCQS7Zo7hmoSb5KAVy57ig=w128-h128-c,#c5d8c0,197,216,192,1.2008065,GREEN,#0D904F,13,144,79,6
dgF6-P_Hz_n3ng.jpg,dgF6-P_Hz_n3ng,Orchard in Blossom (Apricot Trees),Vincent van Gogh,National Galleries Scotland: National,/asset/orchard-in-blossom-apricot-trees-vincent-van-gogh/dgF6-P_Hz_n3ng,https://lh3.googleusercontent.com/ci/AL18g_TiYyEY83vDemE1hM0O53KQ3GaH-D0FUSdttIR2DUev4FPDXOjBZcIIkfE4NVH46bx66SwIug=w128-h128-c,#d5dfb9,213,223,185,1.1876274,GREEN,#0D904F,13,144,79,6
ewHUkby4MoOrrw.jpg,ewHUkby4MoOrrw,Jeanne (Spring),Édouard Manet,The J. Paul Getty Museum,/asset/jeanne-spring-Édouard-manet/ewHUkby4MoOrrw,https://lh3.googleusercontent.com/ci/AL18g_RiE-ufzDs9dDiHfHgquMVI35tz8m7Q0RRXUsD_55iiaucsXnaSqpqdu8PplK7mgDZ-giWDog=w128-h128-c,#c8d5c3,200,213,195,0.68946517,GREEN,#0D904F,13,144,79,6
TQG2SGj3_s-aQA.jpg,TQG2SGj3_s-aQA,Oleanders,Vincent van Gogh,The Metropolitan Museum of Art,/asset/oleanders-vincent-van-gogh/TQG2SGj3_s-aQA,https://lh3.googleusercontent.com/ci/AL18g_SESmPFtPzXBENf5PWHC6-tanje-D4Oj8JtB_LyqYrXxkCNivOVqpGSEv9gaWERV4E0WD-l8A=w128-h128-c,#dde0b8,221,224,184,1.2175719,GREEN,#0D904F,13,144,79,6
ugFkEjKyH-1czA.jpg,ugFkEjKyH-1czA,L'Arlésienne (portrait of Madame Ginoux),Vincent van Gogh,Kröller-Müller Museum,/asset/l-arlésienne-portrait-of-madame-ginoux-vincent-van-gogh/ugFkEjKyH-1czA,https://lh3.googleusercontent.com/ci/AL18g_Rh96wLQJl03v8a4GjAT3JZQWLnT2Jhb-gS1sxbDHJ4sWQDiM-vDw_vKZmOOE0LL4b6F7JpTs4=w128-h128-c,#c5d8c0,197,216,192,0.74404764,GREEN,#0D904F,13,144,79,6
FAG6jpkz_klNLw.jpg,FAG6jpkz_klNLw,Landscape at twilight,Vincent van Gogh,Van Gogh Museum,/asset/landscape-at-twilight-vincent-van-gogh/FAG6jpkz_klNLw,https://lh3.googleusercontent.com/ci/AL18g_T21-Q8-0rxlHKQbbdmJaOrF9Zj2BawVi3jHtIJx7o91dciFzNM6bSDn4KoQesfzBzBgzCSMQ=w128-h128-c,#c5d8c0,197,216,192,2.0401397,GREEN,#0D904F,13,144,79,6
-gH6meYDVqzKZg.jpg,-gH6meYDVqzKZg,Madame Monet and Her Son,Auguste Renoir,"National Gallery of Art, Washington DC",/asset/madame-monet-and-her-son-auguste-renoir/-gH6meYDVqzKZg,https://lh3.googleusercontent.com/ci/AL18g_RHmH0DIo5qrcvVzdn6O9q2ftZzvlgBKu1Ws31tMXAkUKvCONTuovXvZZbJlTohSa-aDXw3=w128-h128-c,#d5dfb9,213,223,185,1.3634515,GREEN,#0D904F,13,144,79,6
EwExFY1YWqghfQ.jpg,EwExFY1YWqghfQ,Moonlit Cove,Albert Pinkham Ryder,The Phillips Collection,/asset/moonlit-cove-albert-pinkham-ryder/EwExFY1YWqghfQ,https://lh3.googleusercontent.com/ci/AL18g_QfJpTmOo2gKPwEJ2M421YQNzNnG80gC7pnu2T8GrQkHM7UhD_4oIgrOIbPS_sgBZ3hPDnRxQ=w128-h128-c,#c5d8c0,197,216,192,1.3205678,GREEN,#0D904F,13,144,79,6
9wHBRDRUqZwZHg.jpg,9wHBRDRUqZwZHg,"Madame Manet (Suzanne Leenhoff, 1830–1906) at Bellevue",Édouard Manet,The Metropolitan Museum of Art,/asset/madame-manet-suzanne-leenhoff-1830–1906-at-bellevue-Édouard-manet/9wHBRDRUqZwZHg,https://lh3.googleusercontent.com/ci/AL18g_RyjCDPh5Q-tg6z9b4THxP_As7LCYByM0Cx2KxbK0vvqHgF8j6pO8VI7dnB5bICdTmixYUs=w128-h128-c,#c8d5c3,200,213,195,0.79527134,GREEN,#0D904F,13,144,79,6
dQGQSF0cKrAhEw.jpg,dQGQSF0cKrAhEw,Self-portrait,Vincent van Gogh,Kröller-Müller Museum,/asset/self-portrait-vincent-van-gogh/dQGQSF0cKrAhEw,https://lh3.googleusercontent.com/ci/AL18g_T-RGLt_h9Q3omm-YRVvFHXH-b6y6ms3-vrR7wha_nwlpbaA1TbCMmbr5gDKRxONIipCrj8=w128-h128-c,#c8d5c3,200,213,195,0.7219894,GREEN,#0D904F,13,144,79,6
QgE4w5oPgBoJYA.jpg,QgE4w5oPgBoJYA,"Eaton's Neck, Long Island",John Frederick Kensett,The Metropolitan Museum of Art,/asset/eaton-s-neck-long-island-john-frederick-kensett/QgE4w5oPgBoJYA,https://lh3.googleusercontent.com/ci/AL18g_SE61wHfgx_UAfy30sMpnpe2DKtE9WVqX7LeCdCHgivMVJ9bocU6RdzDOVfVTTIn6WtBV_g=w128-h128-c,#b8e0cc,184,224,204,2.0713766,GREEN,#0D904F,13,144,79,6
7AFhZhzg0Arlsg.jpg,7AFhZhzg0Arlsg,The Road Menders,Vincent van Gogh,The Phillips Collection,/asset/the-road-menders-vincent-van-gogh/7AFhZhzg0Arlsg,https://lh3.googleusercontent.com/ci/AL18g_SUzLLnyEMC0YyKaORXWhqAB2m2xFrErqG3IF7J0viIc_3qcClZhiqbUvhbr7mOevRfp_j_=w128-h128-c,#c8d5c3,200,213,195,1.2554928,GREEN,#0D904F,13,144,79,6
3QGXL_DjGUsZIA.jpg,3QGXL_DjGUsZIA,Garden with butterflies,Vincent van Gogh,Van Gogh Museum,/asset/garden-with-butterflies-vincent-van-gogh/3QGXL_DjGUsZIA,https://lh3.googleusercontent.com/ci/AL18g_RmgaJHzElMe43M_k56mYbmp5sP3037_X95uHKsPA04mSTwBufoIkJNgHyRLPcCJpJBLvZDWw=w128-h128-c,#d5dfb9,213,223,185,0.8372721,GREEN,#0D904F,13,144,79,6
IQHHW6PbYiJOgw.jpg,IQHHW6PbYiJOgw,Path in the park,Vincent van Gogh,Kröller-Müller Museum,/asset/path-in-the-park-vincent-van-gogh/IQHHW6PbYiJOgw,https://lh3.googleusercontent.com/ci/AL18g_RjC5EwUc8JQPrk8kEAIdI8GX2AUHsykaKUdgZxCAsYtoy6CNi1LsUSeGdzM_QbWxYIHIYzuHQ=w128-h128-c,#c5d8c0,197,216,192,1.2725,GREEN,#0D904F,13,144,79,6
lwGRmFRg94e0dQ.jpg,lwGRmFRg94e0dQ,Bank of the Seine,Vincent van Gogh,Van Gogh Museum,/asset/bank-of-the-seine-vincent-van-gogh/lwGRmFRg94e0dQ,https://lh3.googleusercontent.com/ci/AL18g_RSKHG8W04Wh4y7lvsjgX9ViG3aQqIwfUquZSiVoV7cHeS1aZ6obCJQchthQnBpw-dNUw9Ccw=w128-h128-c,#b8e0cc,184,224,204,1.4570004,GREEN,#0D904F,13,144,79,6
FQH_dVsQht7JVA.jpg,FQH_dVsQht7JVA,Mlle Charlotte Berthier,Auguste Renoir,"National Gallery of Art, Washington DC",/asset/mlle-charlotte-berthier-auguste-renoir/FQH_dVsQht7JVA,https://lh3.googleusercontent.com/ci/AL18g_RmFv7WW1zMGy2EFnc5Lp-YFAHE8KrQELZaJGXo5N7ADskvvsCke27iz38lYAd3xNj7LaO9ZAI=w128-h128-c,#c8d5c3,200,213,195,0.7819824,GREEN,#0D904F,13,144,79,6
EgEMXw6v0Vo18w.jpg,EgEMXw6v0Vo18w,"Washington Reviewing the Western Army at Fort Cumberland, Maryland",Frederick Kemmelmeyer,The Metropolitan Museum of Art,/asset/washington-reviewing-the-western-army-at-fort-cumberland-maryland-frederick-kemmelmeyer/EgEMXw6v0Vo18w,https://lh3.googleusercontent.com/ci/AL18g_R2R7dufNGrxjWZouhFSTq4nQ0WSeKNWhmeTBlw91D5uKtlIocQOEcNZSWUlxOWP0lheCUTlw=w128-h128-c,#b8e0cc,184,224,204,1.5696046,GREEN,#0D904F,13,144,79,6
RAE9hGqEou6OhQ.jpg,RAE9hGqEou6OhQ,Giant Peacock Moth,Vincent van Gogh,Van Gogh Museum,/asset/giant-peacock-moth-vincent-van-gogh/RAE9hGqEou6OhQ,https://lh3.googleusercontent.com/ci/AL18g_ShLL2YmarSttVovSb71q5GDgU8Sdez3C6eNLqbr0lGA4P6Dtxcr6k7TKerbaZRby-QKPN4=w128-h128-c,#c8d5c3,200,213,195,0.72451067,GREEN,#0D904F,13,144,79,6
DgEp2Jl1vTetpA.jpg,DgEp2Jl1vTetpA,Small pear tree in blossom,Vincent van Gogh,Van Gogh Museum,/asset/small-pear-tree-in-blossom-vincent-van-gogh/DgEp2Jl1vTetpA,https://lh3.googleusercontent.com/ci/AL18g_SNm5lkxFTeMxHBVeEhy_DdBJTyjVCecBjqxykvtuYSBVR2XYXKH6TvcdtFXMDPYn3X7G1dFQ=w128-h128-c,#b8e0cc,184,224,204,0.62325,GREEN,#0D904F,13,144,79,6
ywHE5bJ89hfUOA.jpg,ywHE5bJ89hfUOA,The Plain of Auvers,Vincent van Gogh,Belvedere,/asset/the-plain-of-auvers-vincent-van-gogh/ywHE5bJ89hfUOA,https://lh3.googleusercontent.com/ci/AL18g_TC-fcK_h62kT4scM9a6uuIFlww_WCQZu9YgXqUqN6cOfcIWER7NoyaIs8bplZzekJ53DB1zQ=w128-h128-c,#c8d5c3,200,213,195,2.051171,GREEN,#0D904F,13,144,79,6
TAH9aKG-J5sfWA.jpg,TAH9aKG-J5sfWA,Patch of grass,Vincent van Gogh,Kröller-Müller Museum,/asset/patch-of-grass-vincent-van-gogh/TAH9aKG-J5sfWA,https://lh3.googleusercontent.com/ci/AL18g_SmZHsJs0pixQ8FDzrGeLLebeORaGnZqcIlov0ZNGf1SOy4jXEuCbLCEhFRFYD2iK6VSIxxd64=w128-h128-c,#d5dfb9,213,223,185,1.3333334,GREEN,#0D904F,13,144,79,6
vgEUSZYwZoEWyQ.jpg,vgEUSZYwZoEWyQ,The Pink Orchard,Vincent van Gogh,Van Gogh Museum,/asset/the-pink-orchard-vincent-van-gogh/vgEUSZYwZoEWyQ,https://lh3.googleusercontent.com/ci/AL18g_T0oLIRp7v_nDqL5i8nUkon7n0nlRYEB5SE6-EoqZzkJzcGaAOiip4pr4QUmSqbccJKyeYqHs0=w128-h128-c,#d5dfb9,213,223,185,1.25475,GREEN,#0D904F,13,144,79,6
0gHruKg-LtBNDw.jpg,0gHruKg-LtBNDw,The Black Pigs,Paul Gauguin,"Museum of Fine Arts, Budapest",/asset/the-black-pigs-paul-gauguin/0gHruKg-LtBNDw,https://lh3.googleusercontent.com/ci/AL18g_QclQGUotuYSeHnplCJHkXowZb567COt-jr8cmzaMad2ALmFL2HQ47kvlCzmp5bDMTRCmf7ziE=w128-h128-c,#b8e0cc,184,224,204,0.7926595,GREEN,#0D904F,13,144,79,6
jAFp17y26aTtlQ.jpg,jAFp17y26aTtlQ,Sunlight and Shadow: The Newbury Marshes,Martin Johnson Heade,"National Gallery of Art, Washington DC",/asset/sunlight-and-shadow-the-newbury-marshes-martin-johnson-heade/jAFp17y26aTtlQ,https://lh3.googleusercontent.com/ci/AL18g_RPt70FyOIcoRFzooRpQxCVvb4ViFaVzjfW45rgb2v_QlXw7zeWLV5rK_5lMN_2Pxz_LGjEMQ=w128-h128-c,#b8e0cc,184,224,204,2.2293334,GREEN,#0D904F,13,144,79,6
wgG70IcfcGLxKg.jpg,wgG70IcfcGLxKg,The Open Air Breakfast,William Merritt Chase,The Toledo Museum of Art,/asset/the-open-air-breakfast-william-merritt-chase/wgG70IcfcGLxKg,https://lh3.googleusercontent.com/ci/AL18g_TzlxcPPFP1JiId5DDVCW6O-NNblNRRxRRw9QTLDsHkioKBq8l4LFTGBr_TBBFr9u4cAEQfyN8=w128-h128-c,#c5d8c0,197,216,192,1.5330312,GREEN,#0D904F,13,144,79,6
0gFR5Bo_GztIeA.jpg,0gFR5Bo_GztIeA,Peasant with a Hoe,Georges Seurat,"National Gallery of Art, Washington DC",/asset/peasant-with-a-hoe-georges-seurat/0gFR5Bo_GztIeA,https://lh3.googleusercontent.com/ci/AL18g_RSH3anHihHtpLApZLJqLNZGuzkHceVS3mLJOMnqYzR8YwXFybaQTaupT3somyAcQA9XyJg=w128-h128-c,#d5dfb9,213,223,185,1.5900621,GREEN,#0D904F,13,144,79,6
NQGUGdMF1lBumg.jpg,NQGUGdMF1lBumg,View of Haarlem from the Noorder Buiten Spaarne,Hendrick Cornelisz Vroom,Frans Hals Museum,/asset/view-of-haarlem-from-the-noorder-buiten-spaarne-hendrick-cornelisz-vroom/NQGUGdMF1lBumg,https://lh3.googleusercontent.com/ci/AL18g_RFM7FI5swvFS6IOPreNjekgBv5qzaKWjknbLxVG_UkJgTTd4MhR999PRKQC2hmqYPQm64u6FbO=w128-h128-c,#b8e0cc,184,224,204,2.0471091,GREEN,#0D904F,13,144,79,6
hQH1N-JLOhiujQ.jpg,hQH1N-JLOhiujQ,The Funeral,Édouard Manet,The Metropolitan Museum of Art,/asset/the-funeral-Édouard-manet/hQH1N-JLOhiujQ,https://lh3.googleusercontent.com/ci/AL18g_TtO26ZMi6jFbPpvzmUxN6EBEF7Jec7gc-qAEU9if1USLxDs_AQF7U1civMkbOcez-hJp-51BM=w128-h128-c,#b8e0d9,184,224,217,1.2391021,GREEN,#0D904F,13,144,79,6
mQGbhfElMpdnkA.jpg,mQGbhfElMpdnkA,Butterflies and poppies,Vincent van Gogh,Van Gogh Museum,/asset/butterflies-and-poppies-vincent-van-gogh/mQGbhfElMpdnkA,https://lh3.googleusercontent.com/ci/AL18g_Q3WQDPeBoM111-CxSGTo02htgkGm34CA_JzE9ZCY3S71oHRlD-0iWpUr-gQcv7SX-829osvxTi=w128-h128-c,#c5d8c0,197,216,192,0.7407407,GREEN,#0D904F,13,144,79,6
NQG-IEaDodbxuA.jpg,NQG-IEaDodbxuA,Houses and Garden,Georges Seurat,Virginia Museum of Fine Arts,/asset/houses-and-garden-georges-seurat/NQG-IEaDodbxuA,https://lh3.googleusercontent.com/ci/AL18g_R7lGroIZ_tiwf_aP8ASU_E7GDTjCrPRdJ0GNeBBqWYpGKDqKGSp9coQiiyLpjAsjr6lwKOmAk=w128-h128-c,#c5d8c0,197,216,192,1.7072129,GREEN,#0D904F,13,144,79,6
dgGIvGVHQNtEEg.jpg,dgGIvGVHQNtEEg,Schloss Kammer on Lake Attersee III,Gustav Klimt,Belvedere,/asset/schloss-kammer-on-lake-attersee-iii-gustav-klimt/dgGIvGVHQNtEEg,https://lh3.googleusercontent.com/ci/AL18g_TDHbH0h8pnLZDb12-8I2cj-w27kTdtj-htQcoDGwufHViBFwnqZnPvI0GGGxBTGEyvj1rFCG2D=w128-h128-c,#c8d5c3,200,213,195,0.9935022,GREEN,#0D904F,13,144,79,6
-QHda7BteSvBVA.jpg,-QHda7BteSvBVA,"Santa Maria della Salute, Venice",Francesco Guardi,National Galleries Scotland: National,/asset/santa-maria-della-salute-venice-francesco-guardi/-QHda7BteSvBVA,https://lh3.googleusercontent.com/ci/AL18g_SiPNbGnPr2fhJ8c-gveC_0vILHD_ma7CJSz8YzEr2aWws6eJ-YI7_HmrBszCAuvreBwTvo8Po=w128-h128-c,#b8e0cc,184,224,204,0.81586826,GREEN,#0D904F,13,144,79,6
rwFPPUcjNMEJag.jpg,rwFPPUcjNMEJag,Rhode Island Shore,Martin Johnson Heade,Los Angeles County Museum of Art,/asset/rhode-island-shore-martin-johnson-heade/rwFPPUcjNMEJag,https://lh3.googleusercontent.com/ci/AL18g_T3_TeQpiWcFwXNgCk6lgIsrZ6zdlxgV9mbXv8qeOFg0QbBQnl4NR46gMe1hzCFUhYZFsBuww=w128-h128-c,#c8d5c3,200,213,195,1.594697,GREEN,#0D904F,13,144,79,6
swFTyMFM4nXEng.jpg,swFTyMFM4nXEng,Paisagem do sítio Rio das Pedras [Landscape at the Rio das Pedras],Almeida Júnior,Pinacoteca de São Paulo,/asset/paisagem-do-sítio-rio-das-pedras-landscape-at-the-rio-das-pedras-almeida-júnior/swFTyMFM4nXEng,https://lh3.googleusercontent.com/ci/AL18g_TK5NW8X4mo2RX_YHP5zK_xGDDBTW8FrmwPnWeqlyEU8tEH7pvYEnsZpbTH_av62xPt_rHJNg=w128-h128-c,#c5d8c0,197,216,192,0.6042397,GREEN,#0D904F,13,144,79,6
-AGwmFxUjo6hxw.jpg,-AGwmFxUjo6hxw,Classic composition,André Derain,Oklahoma City Museum of Art,/asset/classic-composition-andré-derain/-AGwmFxUjo6hxw,https://lh3.googleusercontent.com/ci/AL18g_T6S3KRBraSRg0_Pn2Lm-0xV2TFG0jtIQk66v9ZvJcbzAOE83H9qoJZlbrrGZPG6L24siS3Q4P9=w128-h128-c,#b8e0d9,184,224,217,1.2433168,GREEN,#0D904F,13,144,79,6
zgFK1PakwnOYtA.jpg,zgFK1PakwnOYtA,The Leap of the Rabbit,"Amadeo de Souza Cardoso (Portuguese, 1887–1918)",The Art Institute of Chicago,/asset/the-leap-of-the-rabbit-amadeo-de-souza-cardoso-portuguese-1887–1918/zgFK1PakwnOYtA,https://lh3.googleusercontent.com/ci/AL18g_SQcn3ygQsTD4O4fDIdqc52RF6A2ZtRu98rN0E1RBKpQH5FXJg0PGPk8IWCIs8d8lGaqdjcMW9r=w128-h128-c,#b8e0cc,184,224,204,1.221747,GREEN,#0D904F,13,144,79,6
agGvC5E17-fv2Q.jpg,agGvC5E17-fv2Q,Boating on the Yerres (Périssoires sur l'Yerres),Gustave Caillebotte,Milwaukee Art Museum,/asset/boating-on-the-yerres-périssoires-sur-l-yerres-gustave-caillebotte/agGvC5E17-fv2Q,https://lh3.googleusercontent.com/ci/AL18g_R90y5AeyxZ38fxltY00GNlPlTsW5TYxlqX58tawAnZH9ap7GJ4aOaYMPKbWnXutNYebcHJxAo=w128-h128-c,#d4e9cc,212,233,204,1.518,GREEN,#0D904F,13,144,79,6
XAFI11axu6PFZg.jpg,XAFI11axu6PFZg,The white Horse in Spring,Nikolai Astrup,"The National Museum of Art, Architecture and Design, Norway",/asset/the-white-horse-in-spring-nikolai-astrup/XAFI11axu6PFZg,https://lh3.googleusercontent.com/ci/AL18g_TY_x7KHuAQipcJbgw2uPH5JeXTQlAGuP83Nue71pAOp3uANG_XvKL_A2IIK6DltCWkYRG--70=w128-h128-c,#c8d5c3,200,213,195,1.1712538,GREEN,#0D904F,13,144,79,6
AQGubXY-kY8jSg.jpg,AQGubXY-kY8jSg,Landscape from Saint-Rémy,Vincent van Gogh,Ny Carlsberg Glyptotek,/asset/landscape-from-saint-rémy-vincent-van-gogh/AQGubXY-kY8jSg,https://lh3.googleusercontent.com/ci/AL18g_TZ4iwSSjvhVaGzGwD50f-3h8HtKwtZKu7gTE66Il5yX9Tobya0HxCeXvNlprHRlllmrL8eI5Y=w128-h128-c,#c8d5c3,200,213,195,1.276346,GREEN,#0D904F,13,144,79,6
RQGbavb9NR1BSA.jpg,RQGbavb9NR1BSA,Still life with plaster statuette,Vincent van Gogh,Kröller-Müller Museum,/asset/still-life-with-plaster-statuette-vincent-van-gogh/RQGbavb9NR1BSA,https://lh3.googleusercontent.com/ci/AL18g_S85j9lp_iC5Ag2WueYBM6rV4jW65tbIhq3J7PocNmKx2IlRl1kkPt-TWkHg_6aB2IIxCAXVA=w128-h128-c,#c6dabe,198,218,190,0.842815,GREEN,#0D904F,13,144,79,6
9wFf3MAOiSkIgg.jpg,9wFf3MAOiSkIgg,Three Sisters? A Study in June Sunlight,Edmund Charles Tarbell,Milwaukee Art Museum,/asset/three-sisters-a-study-in-june-sunlight-edmund-charles-tarbell/9wFf3MAOiSkIgg,https://lh3.googleusercontent.com/ci/AL18g_TNmmTAfYbyt5J0GEjQxk9CJO-RrT6rThFj8mshuShRdH5pmaOBdtn9-nJyulSQ3UzMX0uRmw=w128-h128-c,#c8d5c3,200,213,195,1.1476,GREEN,#0D904F,13,144,79,6
BQGJxMvSWdCKfg.jpg,BQGJxMvSWdCKfg,Alsatian Girl,Jean-Jacques Henner,"National Gallery of Art, Washington DC",/asset/alsatian-girl-jean-jacques-henner/BQGJxMvSWdCKfg,https://lh3.googleusercontent.com/ci/AL18g_QJfiuyOat_d0edi86HPRmmPOrMHpDJct-75N9uOm6OL5zhdUjzramspr1QSIiXZc4y-g92VRop=w128-h128-c,#b8e0cc,184,224,204,0.67456055,GREEN,#0D904F,13,144,79,6
EAHtfrz9_m1KSQ.jpg,EAHtfrz9_m1KSQ,The Flowering Orchard,Vincent van Gogh,The Metropolitan Museum of Art,/asset/the-flowering-orchard-vincent-van-gogh/EAHtfrz9_m1KSQ,https://lh3.googleusercontent.com/ci/AL18g_SY0IvkhJDO3Bctylb7wuRgIAhZlLjRwjTwpqPOHnZGY_q1v5N_yyo2vJd-pegnqylzWD8Tff0=w128-h128-c,#d5dfb9,213,223,185,0.7493283,GREEN,#0D904F,13,144,79,6
dAGFLZrR_19-jQ.jpg,dAGFLZrR_19-jQ,"Orchards in Blossom, View of Arles",Vincent van Gogh,Van Gogh Museum,/asset/orchards-in-blossom-view-of-arles-vincent-van-gogh/dAGFLZrR_19-jQ,https://lh3.googleusercontent.com/ci/AL18g_S0-iWOmDdrmQFHYCS-EzN6KZjOo0tqNVrzN7Yqg51RCdMpsxRtB8OADvnOlzt5Tpo8nxOkzg=w128-h128-c,#c5d8c0,197,216,192,1.22675,GREEN,#0D904F,13,144,79,6
ZQFO4QJ6YgLQog.jpg,ZQFO4QJ6YgLQog,Reading,"Berthe Morisot (French, 1841–1895)",The Cleveland Museum of Art,/asset/reading-berthe-morisot-french-1841–1895/ZQFO4QJ6YgLQog,https://lh3.googleusercontent.com/ci/AL18g_SwgNQWKsXfdxnNsdxihMmg6aN2yAM9xfq1SrN8jMu_jcxuM4ArnV-ck0iJsHYlfJ8MmVSCVw=w128-h128-c,#c5d8c0,197,216,192,1.5813954,GREEN,#0D904F,13,144,79,6
lQFEZXyEo1paSw.jpg,lQFEZXyEo1paSw,Lakeside Road near Gmunden,Richard Gerstl,Leopold Museum,/asset/lakeside-road-near-gmunden-richard-gerstl/lQFEZXyEo1paSw,https://lh3.googleusercontent.com/ci/AL18g_RmWVa3EgWooRTpEO3OjniiA6ljgmVGoqZZ63Npc82LdieBA-x-uhVjzGBu41YcjdiSI0FzK-4=w128-h128-c,#b8e0cc,184,224,204,1,GREEN,#0D904F,13,144,79,6
6wEFrMckkK0UzA.jpg,6wEFrMckkK0UzA,Washington reviewing the Western Army at Fort Cumberland (Metropolitan Museum of Art),"Kemmelmeyer, Frederick (ca. 1755–1821)",The Gilder Lehrman Institute of American History,/asset/washington-reviewing-the-western-army-at-fort-cumberland-metropolitan-museum-of-art-kemmelmeyer-frederick-ca-1755–1821/6wEFrMckkK0UzA,https://lh3.googleusercontent.com/ci/AL18g_RGSY5Rg-KEgIu51m0MFu-gajju3zJCIUV8F4HWDESjJC-0proDOVZnvFk8GZNl2cDR2In5uQ=w128-h128-c,#b8e0cc,184,224,204,1.5819112,GREEN,#0D904F,13,144,79,6
qgGgkkCZTCTK9Q.jpg,qgGgkkCZTCTK9Q,Wheat fields in a mountainous landscape,Vincent van Gogh,Kröller-Müller Museum,/asset/wheat-fields-in-a-mountainous-landscape-vincent-van-gogh/qgGgkkCZTCTK9Q,https://lh3.googleusercontent.com/ci/AL18g_Ts_Qttfcss1OBOdZ0uox5YJIjZFjW-PCAPC5cZbTo_6XDx0qSDqyT2I1msoktnbfVJXmriS2Q=w128-h128-c,#d3dabe,211,218,190,1.2505,GREEN,#0D904F,13,144,79,6
awFcGjubf3DtgA.jpg,awFcGjubf3DtgA,Salem Cove,Maurice Prendergast,"National Gallery of Art, Washington DC",/asset/salem-cove-maurice-prendergast/awFcGjubf3DtgA,https://lh3.googleusercontent.com/ci/AL18g_StOpat6tQlDx87YjJLBbFPieGAi5jmf3i0iREFUiliv09XErNj2HWyxY0Ovha9y5Q6Kcxng4dQ=w128-h128-c,#c8d5c3,200,213,195,1.250168,GREEN,#0D904F,13,144,79,6
OQEbpbs_CyGilQ.jpg,OQEbpbs_CyGilQ,Young Girl Carrying a Pumpkin,Fausto Zonaro,Sakıp Sabancı Museum,/asset/young-girl-carrying-a-pumpkin-fausto-zonaro/OQEbpbs_CyGilQ,https://lh3.googleusercontent.com/ci/AL18g_SgNKmGWWsCaF4_rAEsdXCYcHiMxBWcWtrjdu-wsdSzHeBu6jARCRHf2XtRv62hGpcaVyBA7_E=w128-h128-c,#c5d8c0,197,216,192,0.5452549,GREEN,#0D904F,13,144,79,6
EQHgMXiCIJyBPA.jpg,EQHgMXiCIJyBPA,Path in the forest,Pierre-Auguste Renoir,Museum Barberini,/asset/path-in-the-forest-pierre-auguste-renoir/EQHgMXiCIJyBPA,https://lh3.googleusercontent.com/ci/AL18g_T3B6REjOvJC_-Se8aDYF9xFzN6u6vDVV3jS0IsOx1Uy3upt2l_WYHoeqOT3QHOT70uIQXSjzk=w128-h128-c,#c8d5c3,200,213,195,0.81806564,GREEN,#0D904F,13,144,79,6
6wEx6tuPhgfQdQ.jpg,6wEx6tuPhgfQdQ,Hunter’s Supper,Frederic Remington (1861-1909),National Cowboy & Western Heritage Museum,/asset/hunter’s-supper-frederic-remington-1861-1909/6wEx6tuPhgfQdQ,https://lh3.googleusercontent.com/ci/AL18g_T5qLq0gkQQABXU0ESJ7oZwrxFfN7GXFV5a1cHTCkDSPYyjsa6YuP4lij5J0DIevFAqSzRW9lvO=w128-h128-c,#c5d8c0,197,216,192,1.1087852,GREEN,#0D904F,13,144,79,6
DwE2UFEbSilWyA.jpg,DwE2UFEbSilWyA,Blooming poppy,Max Schlichting,"Alte Nationalgalerie, Staatliche Museen zu Berlin",/asset/blooming-poppy-max-schlichting/DwE2UFEbSilWyA,https://lh3.googleusercontent.com/ci/AL18g_QWVL7fdGpgWv2tWQQvS7yB-oLJ3KT4g3A7NxEqfxD2vVJly3wJJcF7J6oW48NpVM7m3ETu=w128-h128-c,#b8e0d9,184,224,217,1.2077065,GREEN,#0D904F,13,144,79,6
ngHu3FYQ7vZVVQ.jpg,ngHu3FYQ7vZVVQ,The Corydon Shepherd,Paul Sérusier,MuMa - Musée d'art moderne André Malraux,/asset/the-corydon-shepherd-paul-sérusier/ngHu3FYQ7vZVVQ,https://lh3.googleusercontent.com/ci/AL18g_R4zqS4z7vpg9FsHJNFiSNzTO7eRVx1Am-39HzdCjOtR65BxKjD2cVfMmyW5JT54tUQ8Q6rOA=w128-h128-c,#c5d8c0,197,216,192,1.3709713,GREEN,#0D904F,13,144,79,6
bwHrFElNgG9afg.jpg,bwHrFElNgG9afg,Self-Portrait before a Green Background with Blue Iris,Paula Modersohn-Becker,Kunsthalle Bremen,/asset/self-portrait-before-a-green-background-with-blue-iris-paula-modersohn-becker/bwHrFElNgG9afg,https://lh3.googleusercontent.com/ci/AL18g_TAzd82ZYcC0mKMQipHmpb9MHakkMN4EBwoZsUSc8NHMg76XmbTV17EprFWIaqQ33t6Rrs4JA=w128-h128-c,#b8e0cc,184,224,204,0.848025,GREEN,#0D904F,13,144,79,6
VQHdg-yziYJNpg.jpg,VQHdg-yziYJNpg,Flower Meadow in the North,Harald Sohlberg,"The National Museum of Art, Architecture and Design, Norway",/asset/flower-meadow-in-the-north-harald-sohlberg/VQHdg-yziYJNpg,https://lh3.googleusercontent.com/ci/AL18g_QOUmUevpNMmi_JQ6udHStzqWWM9eGVoXxTxdc_8oRgS6Ehqh7iH8Jpz60gNw1oOkpuadyZfA=w128-h128-c,#b8e0d9,184,224,217,1.1680195,GREEN,#0D904F,13,144,79,6
nQFqhidYNTvrYA.jpg,nQFqhidYNTvrYA,The Langlois bridge,Vincent van Gogh,Van Gogh Museum,/asset/the-langlois-bridge-vincent-van-gogh/nQFqhidYNTvrYA,https://lh3.googleusercontent.com/ci/AL18g_TzpcyXQLGuuIrizX-G6YT6rl4djCjlem9jcX84YrQFYeu0hMaz523ctCPVCsSlBPg2UzBTkw=w128-h128-c,#d5dfb9,213,223,185,1.242,GREEN,#0D904F,13,144,79,6
JwECxpsZ5h1IWA.jpg,JwECxpsZ5h1IWA,Squatters Cabin,Frederic Remington,Frederic Remington Art Museum,/asset/squatters-cabin-frederic-remington/JwECxpsZ5h1IWA,https://lh3.googleusercontent.com/ci/AL18g_RbmgcpmAIdlXIO62sfgidKAvcyxHBgAcEnjSWs0gBG7MMIoq34RaA_YAn5w9EzTvU49LpEMg=w128-h128-c,#c8d5c3,200,213,195,1.4764858,GREEN,#0D904F,13,144,79,6
CgE47kwxQW5jyA.jpg,CgE47kwxQW5jyA,Terrace in the Garden near the Wannsee towards Northwest,Max Liebermann,"The Museum of Fine Arts, Houston",/asset/terrace-in-the-garden-near-the-wannsee-towards-northwest-max-liebermann/CgE47kwxQW5jyA,https://lh3.googleusercontent.com/ci/AL18g_TiFm9oeJTpe1hkPg6motckN7hb3Rrbk_zAaxSIgHPISDPuw9OUhofzAG9VwJqZKBoQce7lGQ=w128-h128-c,#dce0b8,220,224,184,1.545396,GREEN,#0D904F,13,144,79,6
uwEIWt16mq91Cw.jpg,uwEIWt16mq91Cw,Corn Fields,"Félix Vallotton (Swiss French, 1865–1925)",The Cleveland Museum of Art,/asset/corn-fields-félix-vallotton-swiss-french-1865–1925/uwEIWt16mq91Cw,https://lh3.googleusercontent.com/ci/AL18g_RYMA2GjM2LTYqN4pf9xejccSxKV8n1oQrLIU_qA2QqnByzzJLHvjDPG_sZH7HhI_J9-XStcQ=w128-h128-c,#b8e0ca,184,224,202,1.7616581,GREEN,#0D904F,13,144,79,6
3AH_kgTZfnniWw.jpg,3AH_kgTZfnniWw,The Bath of Venus,François Boucher,"National Gallery of Art, Washington DC",/asset/the-bath-of-venus-françois-boucher/3AH_kgTZfnniWw,https://lh3.googleusercontent.com/ci/AL18g_QFtESLu3wy07VRxyuboezKSVgFN4v8IWN8DG_KLjBJo8pPBbOy36QtLBcU2zg6MG-KkqT24g=w128-h128-c,#bfdfb9,191,223,185,0.7824707,GREEN,#0D904F,13,144,79,6
ewGIEqrmIKx92A.jpg,ewGIEqrmIKx92A,Meadow,Alfred Sisley,"National Gallery of Art, Washington DC",/asset/meadow-alfred-sisley/ewGIEqrmIKx92A,https://lh3.googleusercontent.com/ci/AL18g_RLHIIyycZaENkYN2ulsMAksvlLtCwM7wwMHEY2vZyjXDLChQZItzJR5tWF3-c_N-ZxVVFO=w128-h128-c,#c8d5c3,200,213,195,1.344405,GREEN,#0D904F,13,144,79,6
5AGrnERvli4mjg.jpg,5AGrnERvli4mjg,Tennis at Hertingfordbury,"Spencer Frederick Gore, 1878–1914, British",Yale Center for British Art,/asset/tennis-at-hertingfordbury-spencer-frederick-gore-1878–1914-british/5AGrnERvli4mjg,https://lh3.googleusercontent.com/ci/AL18g_TlL9-7kEidaiRqEe_u_hhIAJy_LZFnFt-Z9xHWNIN2V6zpxisRPW-KhQAWIy2k3fZnx_PE=w128-h128-c,#c8d5c3,200,213,195,1.2475634,GREEN,#0D904F,13,144,79,6
mAHxE_rPjrYVVQ.jpg,mAHxE_rPjrYVVQ,"View from the Artist's Window, Grove Street",Robert Frederick Blum,The Metropolitan Museum of Art,/asset/view-from-the-artist-s-window-grove-street-robert-frederick-blum/mAHxE_rPjrYVVQ,https://lh3.googleusercontent.com/ci/AL18g_RWvK6sqoJ99t1MiH0voqyLh7TPhOZ-I1b4-pGBqWeP14bQsCrNqjaDOI77nBSKHjxVmdbomLmC=w128-h128-c,#b8e0cc,184,224,204,0.8662454,GREEN,#0D904F,13,144,79,6
NwEcT5_TECHtJg.jpg,NwEcT5_TECHtJg,Water-meadows near Salisbury,John Constable,The Victoria and Albert Museum,/asset/water-meadows-near-salisbury-john-constable/NwEcT5_TECHtJg,https://lh3.googleusercontent.com/ci/AL18g_S0YVVP37jYFK2RjmFE021VHaz42LBf_plThF3_UhtWhORRlQ6vzu5t5fOaRDC5_Jnw-HboU1M=w128-h128-c,#c8d5c3,200,213,195,1.2512031,GREEN,#0D904F,13,144,79,6
DAGiFkNTuADbvg.jpg,DAGiFkNTuADbvg,Paysage: Les genêts (Landscape: Broom),Henri Matisse,San Francisco Museum of Modern Art (SFMOMA),/asset/paysage-les-genêts-landscape-broom-henri-matisse/DAGiFkNTuADbvg,https://lh3.googleusercontent.com/ci/AL18g_Q1GjvAmkXJFMMSBwVyct9Ep6QcWWpPQM5bjG20kDE3so0wsFo-G6sn1Nby4gP8gxNPN3SnAk2f=w128-h128-c,#b8e0ca,184,224,202,1.285404,GREEN,#0D904F,13,144,79,6
KQHDkm5YEo9OCA.jpg,KQHDkm5YEo9OCA,The Grand Canal above the Rialto,Francesco Guardi,The Metropolitan Museum of Art,/asset/the-grand-canal-above-the-rialto-francesco-guardi/KQHDkm5YEo9OCA,https://lh3.googleusercontent.com/ci/AL18g_TgSPtz3arcIBxqcZWtD2fr606oI-dTC2ajxlaaw0cC4hL2567ZSyGRCNmI1sSE2GexJqDbvb8=w128-h128-c,#b8e0cc,184,224,204,1.5806055,GREEN,#0D904F,13,144,79,6
ywG-4JiWRXANTA.jpg,ywG-4JiWRXANTA,Grey and Silver: Old Battersea Reach,"James McNeill Whistler (American, 1834–1903)",The Art Institute of Chicago,/asset/grey-and-silver-old-battersea-reach-james-mcneill-whistler-american-1834–1903/ywG-4JiWRXANTA,https://lh3.googleusercontent.com/ci/AL18g_TB06f2Z8AXIZthsbSISQxbLcIL88Hnk0ZZE5tUDo_ty6cTXrMw-Gu2ffM-FJVJAprwRJxNOSg=w128-h128-c,#b8e0cc,184,224,204,1.3578444,GREEN,#0D904F,13,144,79,6
igHxzO39aAP9Jg.jpg,igHxzO39aAP9Jg,Holy Hour,Ferdinand Hodler,Kunsthaus Zürich,/asset/holy-hour-ferdinand-hodler/igHxzO39aAP9Jg,https://lh3.googleusercontent.com/ci/AL18g_TbTeiE_veB6Q5-4g6jDoCC5BE0NzM86xDaomtahzqR0elaXuSyeI9LQg0lODYoTqf2EIlgDEQb=w128-h128-c,#bfdfb9,191,223,185,1.2169151,GREEN,#0D904F,13,144,79,6
XAEDqHOYIo2Img.jpg,XAEDqHOYIo2Img,Mother and Child in the Conservatory,Mary Cassatt,New Orleans Museum of Art,/asset/mother-and-child-in-the-conservatory-mary-cassatt/XAEDqHOYIo2Img,https://lh3.googleusercontent.com/ci/AL18g_Sw7rJyQwcM0_zJQ0ARVvinZhU7jE5CxJTnAvxl4oKjQZyKOoWKSJelK_EfHSbxb9RfDbIPfg=w128-h128-c,#c6dabe,198,218,190,0.78674453,GREEN,#0D904F,13,144,79,6
6gF5nLEEAltKrg.jpg,6gF5nLEEAltKrg,Hauling the Gill Net,Frederic Remington,Frederic Remington Art Museum,/asset/hauling-the-gill-net-frederic-remington/6gF5nLEEAltKrg,https://lh3.googleusercontent.com/ci/AL18g_S1YuhIZMuzVoxK01oGwd8MujUAKPr7JJ5uOf-IbfOrnVSI5Qny5i3ql_I98UgV04RMnnCpNA=w128-h128-c,#b8e0cc,184,224,204,1.2856628,GREEN,#0D904F,13,144,79,6
BQH3po2mLecTfA.jpg,BQH3po2mLecTfA,Grass and butterflies,Vincent van Gogh,Van Gogh Museum,/asset/grass-and-butterflies-vincent-van-gogh/BQH3po2mLecTfA,https://lh3.googleusercontent.com/ci/AL18g_QQUIzh2Jsa4XWCdH-uuYlavUQr-2BxPn38u335qWn5FFcXCXVpG-jBmLBKMKN3eJHbqWYKFSA=w128-h128-c,#d5dfb9,213,223,185,1.2278225,GREEN,#0D904F,13,144,79,6
iAEAwNd2CQ3wbQ.jpg,iAEAwNd2CQ3wbQ,Otis Skinner as Col. Philippe Bridau,George Luks,The Phillips Collection,/asset/otis-skinner-as-col-philippe-bridau-george-luks/iAEAwNd2CQ3wbQ,https://lh3.googleusercontent.com/ci/AL18g_TvtFFeMcE4ytAFJjZi3CBz5weRO8eQMVxVpwzbqNEtCpKumxFtvnvCnt5BckfvKFqgr-ymug=w128-h128-c,#bfdfb9,191,223,185,0.84325,GREEN,#0D904F,13,144,79,6
uQE9YdGL8LMCHw.jpg,uQE9YdGL8LMCHw,The Gardener,Georges Seurat,The Metropolitan Museum of Art,/asset/the-gardener-georges-seurat/uQE9YdGL8LMCHw,https://lh3.googleusercontent.com/ci/AL18g_QBQceM-q6N8vaLIS9JH8PzLI8B8RrgdSOM4x8T7bg1YyIJPfdl9hWd-GeyehXJ1d2OYJBuu6E=w128-h128-c,#dee0b8,222,224,184,1.5754443,GREEN,#0D904F,13,144,79,6
qgFUUQnq95tyug.jpg,qgFUUQnq95tyug,Olive Orchard,Vincent van Gogh,The Nelson-Atkins Museum of Art,/asset/olive-orchard-vincent-van-gogh/qgFUUQnq95tyug,https://lh3.googleusercontent.com/ci/AL18g_Tn1Cv0MN3u-BB2MeUBpoSZH-5Sszj0qB2127eyioKAdPwPyY3rkQj0C39-DXU5Bgs2NqzcTt0=w128-h128-c,#c8d5c3,200,213,195,1.2690356,GREEN,#0D904F,13,144,79,6
agFw2wxNXKUagA.jpg,agFw2wxNXKUagA,The Bare-Footed Child,Mary Cassatt,Detroit Institute of Arts,/asset/the-bare-footed-child-mary-cassatt/agFw2wxNXKUagA,https://lh3.googleusercontent.com/ci/AL18g_RChMLfcMwsAmfq42U0_ycNLpv118dgBCFcO-CBKZ1bS16AU-m0tIgYuWDtX7XgYTKTrHYugF8=w128-h128-c,#c6dabe,198,218,190,1.3209393,GREEN,#0D904F,13,144,79,6
ZQEUed1rCdPAVw.jpg,ZQEUed1rCdPAVw,Mrs Richard Le Doux,Vlaho Bukovac,"Walker Art Gallery, Liverpool",/asset/mrs-richard-le-doux-vlaho-bukovac/ZQEUed1rCdPAVw,https://lh3.googleusercontent.com/ci/AL18g_Q7TiAa95VkIPHAjcYzWxmAuX6X6ar1q0U6fF-ogQ9GLQrLAE6ofYBDrHTSpCXQrpd5GSV17oU=w128-h128-c,#d5dfb9,213,223,185,0.48014018,GREEN,#0D904F,13,144,79,6
cQFyARVesh7pyQ.jpg,cQFyARVesh7pyQ,Water Castle (Kammer Chateau near Attersee I),Gustav Klimt,National Gallery Prague,/asset/water-castle-kammer-chateau-near-attersee-i-gustav-klimt/cQFyARVesh7pyQ,https://lh3.googleusercontent.com/ci/AL18g_S6b76RePrsUYfZ-aNYo5QgYIIrCsLNl0WhLxCITw3l3w2r1toHSlWSYizDy4hSM_r6H02isx2k=w128-h128-c,#c5d8c0,197,216,192,0.9971277,GREEN,#0D904F,13,144,79,6
BgHYVIMpIkIAvg.jpg,BgHYVIMpIkIAvg,Children in a Garden (The Nurse),Mary Cassatt,"The Museum of Fine Arts, Houston",/asset/children-in-a-garden-the-nurse-mary-cassatt/BgHYVIMpIkIAvg,https://lh3.googleusercontent.com/ci/AL18g_QOKOQK0XdPB4FKvs2os2UNN4LrKKHDU-8Zf0XF_YV0sipYt0B5P3CbLL0c4m6fmI7gWrG2X6k=w128-h128-c,#c5d8c0,197,216,192,1.2501206,GREEN,#0D904F,13,144,79,6
JgEbTQoTmMwEGQ.jpg,JgEbTQoTmMwEGQ,The Gardener,Georges Seurat,Kunsthaus Zürich,/asset/the-gardener-georges-seurat/JgEbTQoTmMwEGQ,https://lh3.googleusercontent.com/ci/AL18g_QeTbUXWY2lMsIMbSPAsrvZv9akkjs2mkeoLL7Vw39rJxlfNs5G7ifW04uQPwNqZHC6tfc-13IN=w128-h128-c,#b8e0c8,184,224,200,1.6006403,GREEN,#0D904F,13,144,79,6
EwGrrgJCvkHbbg.jpg,EwGrrgJCvkHbbg,Paisagem fluvial [Fluvial Landscape],Almeida Júnior,Pinacoteca de São Paulo,/asset/paisagem-fluvial-fluvial-landscape-almeida-júnior/EwGrrgJCvkHbbg,https://lh3.googleusercontent.com/ci/AL18g_S_vhoapRy8lL_Z0qHQpIsx_y3GI3TCWF5uO0LXRluFHDzQi4qqpm7uzgXLX4SnnBTkt2GT1g=w128-h128-c,#d5dfb9,213,223,185,1.501185,GREEN,#0D904F,13,144,79,6
DQGiYVtuXFfSNQ.jpg,DQGiYVtuXFfSNQ,Boy on the way under birch trees,Paula Modersohn-Becker,Böttcherstraße Museums,/asset/boy-on-the-way-under-birch-trees-paula-modersohn-becker/DQGiYVtuXFfSNQ,https://lh3.googleusercontent.com/ci/AL18g_QM2ZKvF3ZNeX5fntYyD-VKCjgTN5Wu0B3O0riCTHMlIflzPmwXNMOfk7Z1X8KfeZz1cr-Xx_g=w128-h128-c,#c5d8c0,197,216,192,1.3950617,GREEN,#0D904F,13,144,79,6
2gF-xWT6foFKvQ.jpg,2gF-xWT6foFKvQ,Portrait of Montserrat Carbó,Ramon Casas,"Museu Nacional d'Art de Catalunya - MNAC, Barcelona",/asset/portrait-of-montserrat-carbó-ramon-casas/2gF-xWT6foFKvQ,https://lh3.googleusercontent.com/ci/AL18g_RihHv74rj0ppr7W9c8qztcN8GroApklug_v8chKU99s3alN9RimpfUxLd8Tq64gjwNAZAan-pP=w128-h128-c,#b8e0cc,184,224,204,0.60908496,GREEN,#0D904F,13,144,79,6
FQGCv3VmbCcxow.jpg,FQGCv3VmbCcxow,The Rocks,Vincent van Gogh,"The Museum of Fine Arts, Houston",/asset/the-rocks-vincent-van-gogh/FQGCv3VmbCcxow,https://lh3.googleusercontent.com/ci/AL18g_QL9sL5lHz3OVBfSlghQzJaUbEodmD_SqUbC_Ka07PKZ26S0cUz3hQlhOHmtDJVAIY7ZzzPRwQ=w128-h128-c,#d5dfb9,213,223,185,1.1958146,GREEN,#0D904F,13,144,79,6
ngHBRoAdGaaG9A.jpg,ngHBRoAdGaaG9A,Roulin's Baby,Vincent van Gogh,"National Gallery of Art, Washington DC",/asset/roulin-s-baby-vincent-van-gogh/ngHBRoAdGaaG9A,https://lh3.googleusercontent.com/ci/AL18g_RGpeVtIn0-c44cxuYbZ0DUBvcjaUj3seMqP0mp3bgexbllFV6LhKgt9o2kYVdAa5YTboARixE=w128-h128-c,#c6dabe,198,218,190,0.68359375,GREEN,#0D904F,13,144,79,6
ZgFlWN_Znmzstw.jpg,ZgFlWN_Znmzstw,Olive grove with two olive pickers,Vincent van Gogh,Kröller-Müller Museum,/asset/olive-grove-with-two-olive-pickers-vincent-van-gogh/ZgFlWN_Znmzstw,https://lh3.googleusercontent.com/ci/AL18g_S4JFyMst-Hjnb535jNbjdY635zzDdlSOJhiaRkrWR3uvd61AlZvd42MHBgXuaqsC85mhh-8w=w128-h128-c,#d3dabe,211,218,190,1.27725,GREEN,#0D904F,13,144,79,6
XwEX2LCuw52BmA.jpg,XwEX2LCuw52BmA,"Valley of the Seine, Giverny",Theodore Robinson,Los Angeles County Museum of Art,/asset/valley-of-the-seine-giverny-theodore-robinson/XwEX2LCuw52BmA,https://lh3.googleusercontent.com/ci/AL18g_QPtQQW3qQjt871X1v4LMKZlkg4kk1NQfLFK4jluIdEh8OF8yY7AN00-B9sn_Vwq0i0TJ_Jg3s=w128-h128-c,#c8d5c3,200,213,195,0.7634366,GREEN,#0D904F,13,144,79,6
xQGmoLq-3UuMyQ.jpg,xQGmoLq-3UuMyQ,Haystacks in Brittany,Paul Gauguin,"National Gallery of Art, Washington DC",/asset/haystacks-in-brittany-paul-gauguin/xQGmoLq-3UuMyQ,https://lh3.googleusercontent.com/ci/AL18g_TLYGJbgWCL1KX7a4IKdMLnnGbArdQqwWL5tbL-9_5QjfpvAhkP8Av9mkxw5NgfM1lnrIrpTLA=w128-h128-c,#b8e0d9,184,224,217,1.2587584,GREEN,#0D904F,13,144,79,6
igHni_HqXF0xiA.jpg,igHni_HqXF0xiA,Horseneck Falls,John Henry Twachtman,The Metropolitan Museum of Art,/asset/horseneck-falls-john-henry-twachtman/igHni_HqXF0xiA,https://lh3.googleusercontent.com/ci/AL18g_Rax6SscPYvPYFOXZ5X3Sgfppwfk_6RX7fJMMsgYategH7mrWvrZi8M4Rp_BlQBNDzYNkjbueU=w128-h128-c,#b8e0cc,184,224,204,0.83369213,GREEN,#0D904F,13,144,79,6
LAFFQ8u6mZajhQ.jpg,LAFFQ8u6mZajhQ,Les bateaux amarrés (Quay with Men Unloading Sand Barges),Vincent van Gogh,Museum Folkwang,/asset/les-bateaux-amarrés-quay-with-men-unloading-sand-barges-vincent-van-gogh/LAFFQ8u6mZajhQ,https://lh3.googleusercontent.com/ci/AL18g_QAsjrjr6HWv_6me0VDfcbJhwHm3494DeAEn_oBGkuzdt4iyj5JDjsTtjcXnMXS_pPfsr_rYB6b=w128-h128-c,#c8d5c3,200,213,195,1.2067472,GREEN,#0D904F,13,144,79,6
EAEeDxOAXAK3sw.jpg,EAEeDxOAXAK3sw,"Le parc de l'hôpital, à Saint-Rémy (A Corner of the Asylum and the Garden with a Heavy, Sawed-Off Tree)",Vincent van Gogh,Museum Folkwang,/asset/le-parc-de-l-hôpital-à-saint-rémy-a-corner-of-the-asylum-and-the-garden-with-a-heavy-sawed-off-tree-vincent-van-gogh/EAEeDxOAXAK3sw,https://lh3.googleusercontent.com/ci/AL18g_QLOuON89GPwfXkebflzbmhZ-e6gtrfVrHOcJfDb0Pe_H4wWj_Dw82h-82x1GQ-3RpMYvSe_A=w128-h128-c,#b8e0d9,184,224,217,1.2569131,GREEN,#0D904F,13,144,79,6
qQERxr_Fzg2F7g.jpg,qQERxr_Fzg2F7g,Spring (Springtime),Vilhelms Purvītis,Latvian National Museum of Art,/asset/spring-springtime-vilhelms-purvītis/qQERxr_Fzg2F7g,https://lh3.googleusercontent.com/ci/AL18g_RFCYVsLElYBKUVhJsGHWKeGbGGmt_dTKu-BeFHn33VTRB0tqInhk_13JN31Bk1UCNMQuOEtQ=w128-h128-c,#c0e0b8,192,224,184,1.43775,GREEN,#0D904F,13,144,79,6
WQHSnv_19cvQlQ.jpg,WQHSnv_19cvQlQ,Villerville Beach. Normandy,Carlos de Haes,Bilboa Museoa. Museo de Bellas Artes de Bilbao,/asset/villerville-beach-normandy-carlos-de-haes/WQHSnv_19cvQlQ,https://lh3.googleusercontent.com/ci/AL18g_S_X77xp7O5e4tMUXfhjatQJxMhd8xmT01BRoghl9xCLCVUabRE6aMFzI1zXLQR5FmhK3T_uZM=w128-h128-c,#c6dabe,198,218,190,1.4855015,GREEN,#0D904F,13,144,79,6
hQFMlUyU4xI3EQ.jpg,hQFMlUyU4xI3EQ,Butterflies,Odilon Redon,MoMA The Museum of Modern Art,/asset/butterflies-odilon-redon/hQFMlUyU4xI3EQ,https://lh3.googleusercontent.com/ci/AL18g_TgrXAZtKpwL021gbWIAd0TIHLtgN1yuOZqKrNYhzmatqObEG5xQW_d-BYEhT9Ognd8MjJk1ys=w128-h128-c,#c8d5c3,200,213,195,0.7386641,GREEN,#0D904F,13,144,79,6
zAEMXIFqcOZ1wQ.jpg,zAEMXIFqcOZ1wQ,Falling leaves (Les Alyscamps),Vincent van Gogh,Kröller-Müller Museum,/asset/falling-leaves-les-alyscamps-vincent-van-gogh/zAEMXIFqcOZ1wQ,https://lh3.googleusercontent.com/ci/AL18g_SG8aFuGm3PSd8EU0lcF1fKc7bhCKpe-Of9eF2TIPiCOG5y5kx_YViJEcRtQZF8ABUQrO8rL01f=w128-h128-c,#d5dfb9,213,223,185,1.268,GREEN,#0D904F,13,144,79,6
RAED9uBflum8jg.jpg,RAED9uBflum8jg,Forester's House in Weissenbach II (Garden),Gustav Klimt,Neue Galerie New York,/asset/forester-s-house-in-weissenbach-ii-garden-gustav-klimt/RAED9uBflum8jg,https://lh3.googleusercontent.com/ci/AL18g_Q1LCJ6n_0HvC2ciqQRyfWE-0ns_46f62K9ooJ7qQwtZ6wJ4F36b3wUDcyHeoLGQ7BiuwLc9fQ=w128-h128-c,#c3dcbc,195,220,188,0.99928635,GREEN,#0D904F,13,144,79,6
HQGxUutM_F6ZGg.jpg,HQGxUutM_F6ZGg,The Kiss,Gustav Klimt,Belvedere,/asset/the-kiss-gustav-klimt/HQGxUutM_F6ZGg,https://lh3.googleusercontent.com/ci/AL18g_SeMXewDdxbfmepJXDr8qNOUM3H_JDDJsgEqjjkINpWeIgMr5HeGJdNu-c_a5H-WH2VM8nI=w128-h128-c,#e0d9b8,224,217,184,0.99663603,YELLOW,#FDD835,253,216,53,7
8AGgCo0-kGh2aw.jpg,8AGgCo0-kGh2aw,Adele Bloch-Bauer I,Gustav Klimt,Neue Galerie New York,/asset/adele-bloch-bauer-i-gustav-klimt/8AGgCo0-kGh2aw,https://lh3.googleusercontent.com/ci/AL18g_TdZByz9ugS-EB8wiOdQCQxxCc4zZAHgGNesdsSFnlVkOk0hav3dUV2Lma50KuUJPczaa7s=w128-h128-c,#e0d9b8,224,217,184,0.9919463,YELLOW,#FDD835,253,216,53,7
KwF-AdF1REQl6w.jpg,KwF-AdF1REQl6w,The Bedroom,Vincent van Gogh,Van Gogh Museum,/asset/the-bedroom-vincent-van-gogh/KwF-AdF1REQl6w,https://lh3.googleusercontent.com/ci/AL18g_RRsAX-cfcFkGbrT8xXl8UDvT4gnfbIArjBctB8IiQEAVge6nJVi9hzDNFnNkYloYPn-gd6HQ=w128-h128-c,#e0d9b8,224,217,184,1.2603437,YELLOW,#FDD835,253,216,53,7
hwEGmsM-FoHAwA.jpg,hwEGmsM-FoHAwA,Sunflowers,Vincent van Gogh,Van Gogh Museum,/asset/sunflowers-vincent-van-gogh/hwEGmsM-FoHAwA,https://lh3.googleusercontent.com/ci/AL18g_SsmReqaH4y_rZ7X9cSLsvQwFwlDdDx5k3ZZGlzRXEwyMpKb5mDIq5R-WZ13dkQyz1F-jfrtA=w128-h128-c,#e0d9b8,224,217,184,0.75800645,YELLOW,#FDD835,253,216,53,7
ZQH2h7PBY47yXQ.jpg,ZQH2h7PBY47yXQ,Irises,Vincent van Gogh,Van Gogh Museum,/asset/irises-vincent-van-gogh/ZQH2h7PBY47yXQ,https://lh3.googleusercontent.com/ci/AL18g_T_U8ZoIugSoknIt5GGE5QUacELHQS0-l_dZf4IdNicQdR1unYxtk4AKh0wUbBh661iMqBvvA=w128-h128-c,#e0d8b8,224,216,184,0.7898089,YELLOW,#FDD835,253,216,53,7
WQGYd-7iPjW88g.jpg,WQGYd-7iPjW88g,Tree-roots,Vincent van Gogh,Van Gogh Museum,/asset/tree-roots-vincent-van-gogh/WQGYd-7iPjW88g,https://lh3.googleusercontent.com/ci/AL18g_St9j8PojLD8mpL_mxVDEbQUDdZUJdTiBi7islsu-hz0Kn7Xnt1zfazK1347fcB1TpJc7ot=w128-h128-c,#e0d9b8,224,217,184,2.0248268,YELLOW,#FDD835,253,216,53,7
EwFgf3K9mAQuyg.jpg,EwFgf3K9mAQuyg,Moscow patio,Vasily Polenov,The State Tretyakov Gallery,/asset/moscow-patio-vasily-polenov/EwFgf3K9mAQuyg,https://lh3.googleusercontent.com/ci/AL18g_REFtXVW4YueMXicGOK0-useN1qANQQF2ImBulgglYZEc_ZgvyFjJZ0DuucXVGbqKCWgD_TP9g=w128-h128-c,#e0d9b8,224,217,184,1.2128563,YELLOW,#FDD835,253,216,53,7
pQFGVtPsNOmPlg.jpg,pQFGVtPsNOmPlg,Judith II Salomè,Gustav Klimt,Ca' Pesaro - Galleria Internazionale d'Arte Moderna,/asset/judith-ii-salomè-gustav-klimt/pQFGVtPsNOmPlg,https://lh3.googleusercontent.com/ci/AL18g_RzJBgUvj1fA5JAgFmjQ2CP70hcXg-84Mgfy2L90bpvFZKL0aYRy6jtfD4BSHhH5tXe7gUaH_Q=w128-h128-c,#e0d9b8,224,217,184,0.46522364,YELLOW,#FDD835,253,216,53,7
BgFGcS3ucZqeRA.jpg,BgFGcS3ucZqeRA,Wheatfield with a reaper,Vincent van Gogh,Van Gogh Museum,/asset/wheatfield-with-a-reaper-vincent-van-gogh/BgFGcS3ucZqeRA,https://lh3.googleusercontent.com/ci/AL18g_SV911M2tB5ZFogZtw565L3vBrDXfg2no9HsOilaWhEcw7I3RU3bfEv1slWORYcu0aLkodi6w=w128-h128-c,#e0d9b8,224,217,184,1.2649194,YELLOW,#FDD835,253,216,53,7
sAHwUAdG0Q3MqA.jpg,sAHwUAdG0Q3MqA,Theseus Killing the Minotaur,Giovanni Battista Cima da Conegliano,Museo Poldi Pezzoli,/asset/theseus-killing-the-minotaur-giovanni-battista-cima-da-conegliano/sAHwUAdG0Q3MqA,https://lh3.googleusercontent.com/ci/AL18g_Q73IXf3ypZ-0qPkTdeZ6O0Fu5YQu6MolNvK4q3Aiz_z36mrCBBVU1itF--M6lBR_b54DKL-A=w128-h128-c,#e0d9b8,224,217,184,0.8128,YELLOW,#FDD835,253,216,53,7
XgFArplFbAcyrA.jpg,XgFArplFbAcyrA,Amalie Zuckerkandl,Gustav Klimt,Belvedere,/asset/amalie-zuckerkandl-gustav-klimt/XgFArplFbAcyrA,https://lh3.googleusercontent.com/ci/AL18g_RQmCMbOakN_S5550gF5hh7OtMzK9DWV662gzVI9WszjXS_xO0H3cKuFgY8DdYzto_hr7cO=w128-h128-c,#e0d9b8,224,217,184,0.982421,YELLOW,#FDD835,253,216,53,7
aAFmi5D6LEMeQA.jpg,aAFmi5D6LEMeQA,"L'Arlésienne: Madame Joseph-Michel Ginoux (Marie Julien, 1848–1911)",Vincent van Gogh,The Metropolitan Museum of Art,/asset/l-arlésienne-madame-joseph-michel-ginoux-marie-julien-1848–1911-vincent-van-gogh/aAFmi5D6LEMeQA,https://lh3.googleusercontent.com/ci/AL18g_R576CM4VWBvmipctURoppvIOT6fZRWpODvFofse_U3L_td2hEeomBkhw7GbBMkuXG1nj_G5A=w128-h128-c,#e0d8b8,224,216,184,0.79446536,YELLOW,#FDD835,253,216,53,7
ZQGOsBl5z50kQA.jpg,ZQGOsBl5z50kQA,Woman with a Sunflower,Mary Cassatt,"National Gallery of Art, Washington DC",/asset/woman-with-a-sunflower-mary-cassatt/ZQGOsBl5z50kQA,https://lh3.googleusercontent.com/ci/AL18g_TmX06kNy5oqIFvGyJytZZINkNW5_IbJktDjHKnwrtoe7E1E8xoy73E1zB7RoScAWnj_O6Z3g=w128-h128-c,#e0d9b8,224,217,184,0.80322266,YELLOW,#FDD835,253,216,53,7
_wFTl14TsmD5Cw.jpg,_wFTl14TsmD5Cw,Tahitian Woman with a Flower,Paul Gauguin,Ny Carlsberg Glyptotek,/asset/tahitian-woman-with-a-flower-paul-gauguin/_wFTl14TsmD5Cw,https://lh3.googleusercontent.com/ci/AL18g_SNxILK_NC8qTb9ydaFfQrxSg7a-cboVgRAvEL0JVqrhtKBQrQ3jG4uI9dxOynTm1kHCFg0aw=w128-h128-c,#e0d8b8,224,216,184,0.6577946,YELLOW,#FDD835,253,216,53,7
mgHAxu9viwsUPg.jpg,mgHAxu9viwsUPg,Impression III (Concert),Wassily Kandinsky,Städtische Galerie im Lenbachhaus und Kunstbau,/asset/impression-iii-concert-wassily-kandinsky/mgHAxu9viwsUPg,https://lh3.googleusercontent.com/ci/AL18g_QeHB-Tk6NyYS9pCAp-zA_BwV1i9FRNg_of3_gvsdqSvzNXh5qjo870e51wtLYhSUypYJmvlA=w128-h128-c,#e0d8b8,224,216,184,1.2827497,YELLOW,#FDD835,253,216,53,7
wwHX2ndwxw53Eg.jpg,wwHX2ndwxw53Eg,The sea hath its pearls,William Henry Margetson,Art Gallery of New South Wales,/asset/the-sea-hath-its-pearls-william-henry-margetson/wwHX2ndwxw53Eg,https://lh3.googleusercontent.com/ci/AL18g_R9GnqnrKI8BvWleSPnYU9Vlvr1gXNWjgeNMbWUI84CvWFy1aNbk1ZwEqBpBaZP7pcUlS3r=w128-h128-c,#e0d9b8,224,217,184,0.997998,YELLOW,#FDD835,253,216,53,7
5AFGtL3-YQAPkA.jpg,5AFGtL3-YQAPkA,The Weeders,Jules Breton,The Metropolitan Museum of Art,/asset/the-weeders-jules-breton/5AFGtL3-YQAPkA,https://lh3.googleusercontent.com/ci/AL18g_TuAMm3YdfzJ1Oi3MfIFecKC2QDHF4J2CqWFVhohJpUjlxddHXKl5YyDjQlkZPAjpVk8cYa=w128-h128-c,#e0d9b8,224,217,184,1.773383,YELLOW,#FDD835,253,216,53,7
0wErMrU4XIciQA.jpg,0wErMrU4XIciQA,Entrance to the Public Gardens in Arle,Vincent van Gogh,The Phillips Collection,/asset/entrance-to-the-public-gardens-in-arle-vincent-van-gogh/0wErMrU4XIciQA,https://lh3.googleusercontent.com/ci/AL18g_QThsi6ez9m3x69gOKgdmFswHRPOfcR5Uv39KjtpD_64Gipry-idV1_os4klSYbdon8HzHl=w128-h128-c,#e0d9b8,224,217,184,1.2670257,YELLOW,#FDD835,253,216,53,7
_wG4aZ_dd_ClJw.jpg,_wG4aZ_dd_ClJw,Kaukola Ridge at Sunset,Albert Edelfelt,Ateneum Art Museum,/asset/kaukola-ridge-at-sunset-albert-edelfelt/_wG4aZ_dd_ClJw,https://lh3.googleusercontent.com/ci/AL18g_RMAyFkDvGHFx_Jg0jQPCaJXzR1zGbsLmt2wUD1NHY6FVkWyOfovd_vtXFp9dDoVm5eEeKr3Q=w128-h128-c,#e0d9b8,224,217,184,0.71275836,YELLOW,#FDD835,253,216,53,7
qQE--vZw_i8aPA.jpg,qQE--vZw_i8aPA,Courtesan: after Eisen,Vincent van Gogh,Van Gogh Museum,/asset/courtesan-after-eisen-vincent-van-gogh/qQE--vZw_i8aPA,https://lh3.googleusercontent.com/ci/AL18g_Qq-jw7Lw4KL_UzxNJ7U-Oe0YZTLpwEnUyZ275FjYHOR1yJz1W97CWrobOnJLkermf3q7Ix=w128-h128-c,#e0d9b8,224,217,184,0.59908754,YELLOW,#FDD835,253,216,53,7
7QF_MXm7hE90eQ.jpg,7QF_MXm7hE90eQ,Marshall Deodoro da Fonseca,Henrique Bernardelli,Museu Histórico Nacional,/asset/marshall-deodoro-da-fonseca-henrique-bernardelli/7QF_MXm7hE90eQ,https://lh3.googleusercontent.com/ci/AL18g_RT1sDO6JYinl3zilETgwvuYB-UhyKrXgcbjCJUZzJB8p6PWXgMuzomwupsMEl5-IAkYXdkUw=w128-h128-c,#e0d9b8,224,217,184,0.7243263,YELLOW,#FDD835,253,216,53,7
9gHow6OxlfMXJw.jpg,9gHow6OxlfMXJw,Still Life with Bouquet,Pierre-Auguste Renoir,"The Museum of Fine Arts, Houston",/asset/still-life-with-bouquet-pierre-auguste-renoir/9gHow6OxlfMXJw,https://lh3.googleusercontent.com/ci/AL18g_Sd2bBzV7nd6gB2qgX9CjbSJAZXPO43_rta0RwVe_ntgmBmAjMUOaWgEsA6yb0MVDDDdXZQxms=w128-h128-c,#e0d9b8,224,217,184,0.80295634,YELLOW,#FDD835,253,216,53,7
HwG3qsiwILTe8g.jpg,HwG3qsiwILTe8g,The Forest at Pontaubert,Georges Seurat,The Metropolitan Museum of Art,/asset/the-forest-at-pontaubert-georges-seurat/HwG3qsiwILTe8g,https://lh3.googleusercontent.com/ci/AL18g_SMTuQ1qZ4Sb-tsm7dpWp4-WjxQbl4fedE21mN8p2WCrVbhVlHQAyoZGk0XslHDtZkCHRBbttw=w128-h128-c,#e0d9b8,224,217,184,0.7984954,YELLOW,#FDD835,253,216,53,7
HQHEpNi7MJnQsQ.jpg,HQHEpNi7MJnQsQ,High Noon in the Alps,Giovanni Segantini,Ohara Museum of Art,/asset/high-noon-in-the-alps-giovanni-segantini/HQHEpNi7MJnQsQ,https://lh3.googleusercontent.com/ci/AL18g_RN1LJUbLKx0g5XqiHhE2m_unaVTDp-OoXj30nIU7vkFT3aA-m9e1rG1o5hB16QJVaO6F24XSs=w128-h128-c,#e0d9b8,224,217,184,0.9319974,YELLOW,#FDD835,253,216,53,7
aQHr4V9qLet9cA.jpg,aQHr4V9qLet9cA,Piles of French novels,Vincent van Gogh,Van Gogh Museum,/asset/piles-of-french-novels-vincent-van-gogh/aQHr4V9qLet9cA,https://lh3.googleusercontent.com/ci/AL18g_S8Paqvd7aKAqeTgdx3DpoqpwyKt5PsG9VYU12AK8DRNBQ__aVZadfNsu1QRpSP2gdmm1tj7UU=w128-h128-c,#e0d9b8,224,217,184,1.366129,YELLOW,#FDD835,253,216,53,7
DgGm5xSd6Ik5rg.jpg,DgGm5xSd6Ik5rg,The sower,Vincent van Gogh (1853 - 1890),Kröller-Müller Museum,/asset/the-sower-vincent-van-gogh-1853-1890/DgGm5xSd6Ik5rg,https://lh3.googleusercontent.com/ci/AL18g_ROtD5XO-8zH8Ng2yFH_KpYZmtCrxOWP7ZtR55NkubXwHjIMadW0_RVUC72UkETCk-4sfCuKbE=w128-h128-c,#e0d9b8,224,217,184,1.254469,YELLOW,#FDD835,253,216,53,7
1QEWVFigI3-h6w.jpg,1QEWVFigI3-h6w,Ridden Down,Frederic Remington,Amon Carter Museum of American Art,/asset/ridden-down-frederic-remington/1QEWVFigI3-h6w,https://lh3.googleusercontent.com/ci/AL18g_TQbEBrxWbYHhq7uZVXcvq_s2BfCd_O6Pcd_7Cc7KLjqRlEwl0ByNCjqajimJQjQFM4cT89ykc=w128-h128-c,#e0d9b8,224,217,184,1.7121068,YELLOW,#FDD835,253,216,53,7
4wG2kZCWsF0H8w.jpg,4wG2kZCWsF0H8w,The Roping,William Robinson Leigh,Blanton Museum of Art,/asset/the-roping-william-robinson-leigh/4wG2kZCWsF0H8w,https://lh3.googleusercontent.com/ci/AL18g_RiLT3p-nANDVcYyuc6RSHfd--UvhICuBmOZrdOswV-KLqBjqFiJuXgf0klR0jI4MHXguumWg=w128-h128-c,#e0d9b8,224,217,184,0.7413333,YELLOW,#FDD835,253,216,53,7
LwFDYT7ka4VUYg.jpg,LwFDYT7ka4VUYg,"Quinces, lemons, pears and grapes",Vincent van Gogh,Van Gogh Museum,/asset/quinces-lemons-pears-and-grapes-vincent-van-gogh/LwFDYT7ka4VUYg,https://lh3.googleusercontent.com/ci/AL18g_TdiKheHhN0V8RhHTpdiAqR3eg39monR8o8nfRkIslHqRvE0YncHRZU_EnDw3boBAAE3yY0vgs=w128-h128-c,#e0d9b8,224,217,184,1.25575,YELLOW,#FDD835,253,216,53,7
igEEPlNobdzW-Q.jpg,igEEPlNobdzW-Q,Lady in Yellow,Max Kurzweil,Wien Museum,/asset/lady-in-yellow-max-kurzweil/igEEPlNobdzW-Q,https://lh3.googleusercontent.com/ci/AL18g_Qsf-uEzz4LTajC_PgLLfIXaTXk4sPQyloV9aG84H1SDnleJa-7IypB24Rnv2XWAS6usyGmXE9b=w128-h128-c,#e0d9b8,224,217,184,0.9938224,YELLOW,#FDD835,253,216,53,7
VgE5xrZoIY60dg.jpg,VgE5xrZoIY60dg,Roman Girl at a Fountain,Léon Bonnat,The Metropolitan Museum of Art,/asset/roman-girl-at-a-fountain-léon-bonnat/VgE5xrZoIY60dg,https://lh3.googleusercontent.com/ci/AL18g_RxuTXAIlMDP5LieLjfcPgCrkx_qe_kRw-eDfeohNGhUdrNIyzRYoLslwBFhKQ2yufh9I_XhoH7=w128-h128-c,#e0d9b8,224,217,184,0.5988716,YELLOW,#FDD835,253,216,53,7
NAE7GuLXwY1fsA.jpg,NAE7GuLXwY1fsA,Harvesters,Anna Ancher,Skagens Museum,/asset/harvesters-anna-ancher/NAE7GuLXwY1fsA,https://lh3.googleusercontent.com/ci/AL18g_RjR2HhsaT_Y_SDG9R8HStk3bqMdwZPPat6qeXimbK5jlSq4SvbpwpLDIcz2rZIBYUsA1eeqk0=w128-h128-c,#e0d9b8,224,217,184,1.3101983,YELLOW,#FDD835,253,216,53,7
igFRxcDQR15b5w.jpg,igFRxcDQR15b5w,The Pontine Marshes at sunset,August Kopisch,"Alte Nationalgalerie, Staatliche Museen zu Berlin",/asset/the-pontine-marshes-at-sunset-august-kopisch/igFRxcDQR15b5w,https://lh3.googleusercontent.com/ci/AL18g_RiBZOaN_aBeCYAxJEuy7dmVruY6kaGpe352cp1T3Y4yvHBpR1vzXNNJtrT3KGuIEfyMsl4rmQ=w128-h128-c,#e0d9b8,224,217,184,1.824313,YELLOW,#FDD835,253,216,53,7
BAEgcZpNT-yhhg.jpg,BAEgcZpNT-yhhg,Still Life of Oranges and Lemons with Blue Gloves,Vincent van Gogh,"National Gallery of Art, Washington DC",/asset/still-life-of-oranges-and-lemons-with-blue-gloves-vincent-van-gogh/BAEgcZpNT-yhhg,https://lh3.googleusercontent.com/ci/AL18g_TowFBno7S99pDAr9v5Kd7dI8X6nG_50UMv2QgAVreIYQTz31McDmFPr6iifp9CKmtztui4gQ=w128-h128-c,#e0d9b8,224,217,184,1.2989469,YELLOW,#FDD835,253,216,53,7
hQG8RqPFWD7ryQ.jpg,hQG8RqPFWD7ryQ,La Danse bachique,Gustave Boulanger,Opéra national de Paris,/asset/la-danse-bachique-gustave-boulanger/hQG8RqPFWD7ryQ,https://lh3.googleusercontent.com/ci/AL18g_S9xte7LgiZn63y41JctnULcovTM0WKzxk3OXlYd276NwEdlyb1vU8prDQxBVX2OHcPTzu0WA=w128-h128-c,#e0d9b8,224,217,184,0.67398465,YELLOW,#FDD835,253,216,53,7
GgHuLBdi3xlH8A.jpg,GgHuLBdi3xlH8A,The Return of the Reapers,Henry Herbert La Thangue,Tate Britain,/asset/the-return-of-the-reapers-henry-herbert-la-thangue/GgHuLBdi3xlH8A,https://lh3.googleusercontent.com/ci/AL18g_RnRvTcAFZqSPlQszf1PfjL8aqGUMxlxi9h6M4b1RLN5b81WDbRfBiQG0HMqrTPR7gpiuBmJGUR=w128-h128-c,#e0d9b8,224,217,184,0.57721406,YELLOW,#FDD835,253,216,53,7
cgEcSDDsbyTCBA.jpg,cgEcSDDsbyTCBA,"The plain of Gennevilliers, yellow fields",Gustave Caillebotte,National Gallery of Victoria,/asset/the-plain-of-gennevilliers-yellow-fields-gustave-caillebotte/cgEcSDDsbyTCBA,https://lh3.googleusercontent.com/ci/AL18g_RbiDv_spWi4o9vXirhCnwU_TwcKPYCdc30-_txrv7skTzvrjwiBXhSgCBG3KeY4eFpYNBBAw8=w128-h128-c,#e0d9b8,224,217,184,1.2472,YELLOW,#FDD835,253,216,53,7
fQHmk7EOn06KHw.jpg,fQHmk7EOn06KHw,The spirit of the drought,Arthur STREETON,National Gallery of Australia,/asset/the-spirit-of-the-drought-arthur-streeton/fQHmk7EOn06KHw,https://lh3.googleusercontent.com/ci/AL18g_TTyUd2lYOcowWzwILNDrkACoJZTgV4B9TYyJh5JHe80SzLzNutfcLMWJmmR6vevgm_HArpDg=w128-h128-c,#e0d9b8,224,217,184,1.0618067,YELLOW,#FDD835,253,216,53,7
igHHOIS5IntFrA.jpg,igHHOIS5IntFrA,Venice Coat of Arms,Gaetano Lodi,Quirinale Palace,/asset/venice-coat-of-arms-gaetano-lodi/igHHOIS5IntFrA,https://lh3.googleusercontent.com/ci/AL18g_R1cP8I_nzmscuvqGyUDZ3BO9YlLO8MqqpG7sKfa6kWjuhogBw2YskbVfkHFm94YhZF18dz0Ik=w128-h128-c,#e0d9b8,224,217,184,0.77740866,YELLOW,#FDD835,253,216,53,7
BQEAJ6jRMUDNPg.jpg,BQEAJ6jRMUDNPg,"Mexican Girl, Lucinda",Robert Henri,The Phillips Collection,/asset/mexican-girl-lucinda-robert-henri/BQEAJ6jRMUDNPg,https://lh3.googleusercontent.com/ci/AL18g_Snu7dFXiUpJ0djYZAu4q1dipRvluxFtwToceSlcitbwqS_dCB1CFq9lCsDalTvvwJTtRfD-QU=w128-h128-c,#e0d9b8,224,217,184,0.836375,YELLOW,#FDD835,253,216,53,7
sQFM1ks6C1Lujg.jpg,sQFM1ks6C1Lujg,"Nine Cartoons for the Execution of a Frieze for the Dining Room of Stoclet House in Brussels: Part 8, Fulfillment (Lovers)",Gustav Klimt,MAK – Museum of Applied Arts,/asset/nine-cartoons-for-the-execution-of-a-frieze-for-the-dining-room-of-stoclet-house-in-brussels-part-8-fulfillment-lovers-gustav-klimt/sQFM1ks6C1Lujg,https://lh3.googleusercontent.com/ci/AL18g_QBofTbVi7ummBTylXrOmKTIoBC4IryLg-88TY7xlKU4IqDKfjJ4urnJH-qpN-07PPRuHzgweM=w128-h128-c,#e0d9b8,224,217,184,0.6131664,YELLOW,#FDD835,253,216,53,7
fQHDt-gVYnWb6g.jpg,fQHDt-gVYnWb6g,Reading the Story of Oenone,Francis Davis Millet,Detroit Institute of Arts,/asset/reading-the-story-of-oenone-francis-davis-millet/fQHDt-gVYnWb6g,https://lh3.googleusercontent.com/ci/AL18g_Srkas3in3Dtccc4ZaOmV3rFlc0v6mCSq3aY624stixe5Y56HPOoR8JPimIZOGATAb048ly9Q=w128-h128-c,#e0d9b8,224,217,184,1.9588639,YELLOW,#FDD835,253,216,53,7
8wFb8HxuSzR0iw.jpg,8wFb8HxuSzR0iw,Estudo para cabeça de caipira,Almeida Júnior,Pinacoteca de São Paulo,/asset/estudo-para-cabeça-de-caipira-almeida-júnior/8wFb8HxuSzR0iw,https://lh3.googleusercontent.com/ci/AL18g_S6GnoCWn-UABViYiWTA72jXlyDM2uqTPI_q9jlQ9C-MkMQPx_yGqDUAi9W9laxIfgOXUCgbg=w128-h128-c,#e0d9b8,224,217,184,0.81235874,YELLOW,#FDD835,253,216,53,7
1QE5vVHIx6u3vQ.jpg,1QE5vVHIx6u3vQ,Girl with a Basket of Fish,Auguste Renoir,"National Gallery of Art, Washington DC",/asset/girl-with-a-basket-of-fish-auguste-renoir/1QE5vVHIx6u3vQ,https://lh3.googleusercontent.com/ci/AL18g_S9OvGmKgiqWR7ycBlAVCdgVmzKWVyv7FxFq8l9AKeeuX_y5yVFWH0JhsKdZ-MYPtswz_Nj-w=w128-h128-c,#e0d9b8,224,217,184,0.31518555,YELLOW,#FDD835,253,216,53,7
nAFt4-B1LUosxQ.jpg,nAFt4-B1LUosxQ,By the Seine,Vincent van Gogh,Van Gogh Museum,/asset/by-the-seine-vincent-van-gogh/nAFt4-B1LUosxQ,https://lh3.googleusercontent.com/ci/AL18g_SpUnwbmMLjyRa0cLxRJ5bOdNiE-_tMmK_73lnxdQGveWSF8ogfKDRO-WeKy0LyiSOa7hmgxQ=w128-h128-c,#e0d9b8,224,217,184,1.336,YELLOW,#FDD835,253,216,53,7
2QEw2HAWGtdmEw.jpg,2QEw2HAWGtdmEw,Cows Crossing a Ford,Jules Dupré,The Metropolitan Museum of Art,/asset/cows-crossing-a-ford-jules-dupré/2QEw2HAWGtdmEw,https://lh3.googleusercontent.com/ci/AL18g_S0glOiJIGXQ8TtxLYtcg421LDD0DXtw7-oxdZ3HeMROp9YqIh_Fc1UEb_Axr8z1kwiVUfMo1U=w128-h128-c,#e0d9b8,224,217,184,1.6879586,YELLOW,#FDD835,253,216,53,7
sAG9Th54qmSXNA.jpg,sAG9Th54qmSXNA,Change of Ownership (The Stampede; Horse Thieves),Frederic Remington,"The Museum of Fine Arts, Houston",/asset/change-of-ownership-the-stampede-horse-thieves-frederic-remington/sAG9Th54qmSXNA,https://lh3.googleusercontent.com/ci/AL18g_SvQ6DbXHp7pbqrjgv8T_52zaTDoWWfjoK9OUr1SyIBXcXB7HZbbUhHlL_fmyAJUbzGcPaOYaQ=w128-h128-c,#e0d9b8,224,217,184,1.48423,YELLOW,#FDD835,253,216,53,7
fwH6F0jDJy0vfQ.jpg,fwH6F0jDJy0vfQ,"The Port at sunset, Opus 236 (Saint-Tropez)",Paul Signac,Museum Barberini,/asset/the-port-at-sunset-opus-236-saint-tropez-paul-signac/fwH6F0jDJy0vfQ,https://lh3.googleusercontent.com/ci/AL18g_SASnk3CEdlPPqgd4V1Cvq93ZvI6m6RgVHcRYWyoKVQ_XNzOWLNf9Q9qCwgUGvYKi5IVFRz6FxJ=w128-h128-c,#e0d9b8,224,217,184,1.2476852,YELLOW,#FDD835,253,216,53,7
oAG5UeY3bHW46Q.jpg,oAG5UeY3bHW46Q,The Trappers' Return,George Caleb Bingham,Detroit Institute of Arts,/asset/the-trappers-return-george-caleb-bingham/oAG5UeY3bHW46Q,https://lh3.googleusercontent.com/ci/AL18g_TpMTC5TfoRMwvnkBYX-RwJKheNxtW5WMsUrCJqAgX6ELGXnVENYpXQv1AtiTJHZav0qmT4QstF=w128-h128-c,#e0d8b8,224,216,184,1.4025974,YELLOW,#FDD835,253,216,53,7
pAGQqkp_Ydq_0Q.jpg,pAGQqkp_Ydq_0Q,Jockeys on Horseback before Distant Hills,Edgar Degas,Detroit Institute of Arts,/asset/jockeys-on-horseback-before-distant-hills-edgar-degas/pAGQqkp_Ydq_0Q,https://lh3.googleusercontent.com/ci/AL18g_TzKYwtJEdd7v8stpdewi0rjvGfYGpbKV_lLf-FUeLIvGfdgHBLIbS-SZ0X1JP7kAFSqJFucHIc=w128-h128-c,#e0d9b8,224,217,184,1.1958146,YELLOW,#FDD835,253,216,53,7
EgHq81Burd0SXg.jpg,EgHq81Burd0SXg,"(The Point, sunset)",Arthur STREETON,National Gallery of Australia,/asset/the-point-sunset-arthur-streeton/EgHq81Burd0SXg,https://lh3.googleusercontent.com/ci/AL18g_RyumBA_4mclGk93m-eXHNCm3wUwX52uQdWJX_gSokp4SbydPrGw-zIPFysgUsKIoqE61lqNHaf=w128-h128-c,#e0d9b8,224,217,184,1.5771222,YELLOW,#FDD835,253,216,53,7
2QHA4S_wHfTf-g.jpg,2QHA4S_wHfTf-g,The Slav Epic - Cicle XX,Alphonse Mucha,Centro Cultural Banco do Brasil Rio de Janeiro,/asset/the-slav-epic-cicle-xx-alphonse-mucha/2QHA4S_wHfTf-g,https://lh3.googleusercontent.com/ci/AL18g_TjYKCQcru537L8mY6U0Mgv9_9dgK1o6Xg_BRYd-61fjbtb9fINlft6x8YCP2a4bN4SPdq8QQ=w128-h128-c,#e0d9b8,224,217,184,0.8682456,YELLOW,#FDD835,253,216,53,7
RwEP2I8kbX_SWg.jpg,RwEP2I8kbX_SWg,Breton girl spinning,Paul Gauguin,Van Gogh Museum,/asset/breton-girl-spinning-paul-gauguin/RwEP2I8kbX_SWg,https://lh3.googleusercontent.com/ci/AL18g_TG6EnEQ-EV7GNEmouxwxUexgPHrY7CKFno7ege5QnWiKyPZgsK7X9zWXAlto6tBwjXesdX8r4=w128-h128-c,#e0d9b8,224,217,184,0.461363,YELLOW,#FDD835,253,216,53,7
5AFpuy3rL0ysTQ.jpg,5AFpuy3rL0ysTQ,Farmhouse in Provence,Vincent van Gogh,"National Gallery of Art, Washington DC",/asset/farmhouse-in-provence-vincent-van-gogh/5AFpuy3rL0ysTQ,https://lh3.googleusercontent.com/ci/AL18g_SX7eFBfYzb2UJNDvdK0zIjM5UEna3QKqRWk55HZizkK8AP_1pjzxugJBGzBGnqDyW6w1eoaR_o=w128-h128-c,#e0d9b8,224,217,184,1.3333334,YELLOW,#FDD835,253,216,53,7
cQFz1T6_VAz7SQ.jpg,cQFz1T6_VAz7SQ,Mediterranean Harbor Scene,Pierre-Jacques Volaire,The J. Paul Getty Museum,/asset/mediterranean-harbor-scene-pierre-jacques-volaire/cQFz1T6_VAz7SQ,https://lh3.googleusercontent.com/ci/AL18g_S8cemUL1yDgj3L56XrGpBY6vPMLceHhGT0ZJaGkI7ASLpgOCyEZ44JmSMKnrfWpyHgOIgj2Q=w128-h128-c,#e0d9b8,224,217,184,1.3806694,YELLOW,#FDD835,253,216,53,7
mQEldc6A3No-sg.jpg,mQEldc6A3No-sg,Portrait of Camille Roulin,Vincent van Gogh,Van Gogh Museum,/asset/portrait-of-camille-roulin-vincent-van-gogh/mQEldc6A3No-sg,https://lh3.googleusercontent.com/ci/AL18g_T2SrRXptIw8VdXKlQh8NQ4mobZCbT2pxhJuiL2mAS_b60IjlhbRDTRe5LPTcNX5MTtiuaYybyu=w128-h128-c,#e0d9b8,224,217,184,0.8235,YELLOW,#FDD835,253,216,53,7
9gG_fULeQa846Q.jpg,9gG_fULeQa846Q,Scalp Dance - Sioux,George Catlin,"National Gallery of Art, Washington DC",/asset/scalp-dance-sioux-george-catlin/9gG_fULeQa846Q,https://lh3.googleusercontent.com/ci/AL18g_QML7RCDC8axm09nanhtQk9rl5aVhIDUnIgi5pia4TtHs2DX9kQx0CJrW1GPrzz64T2YXd61J8g=w128-h128-c,#e0d9b8,224,217,184,1.2804097,YELLOW,#FDD835,253,216,53,7
kgE0npya1bf49g.jpg,kgE0npya1bf49g,Wheatfield,Vincent van Gogh,Van Gogh Museum,/asset/wheatfield-vincent-van-gogh/kgE0npya1bf49g,https://lh3.googleusercontent.com/ci/AL18g_Srz0vh831v0l7Ij6l43AVy1meIz0ruqoaVyvZtMIASDvprpQuP1C7pHmbkAaEzCcjJ9I_g5uo=w128-h128-c,#e0d9b8,224,217,184,1.2064517,YELLOW,#FDD835,253,216,53,7
SQEIh20YFarZFg.jpg,SQEIh20YFarZFg,Two Young Girls among Flowers,Odilon Redon,"The Museum of Fine Arts, Houston",/asset/two-young-girls-among-flowers-odilon-redon/SQEIh20YFarZFg,https://lh3.googleusercontent.com/ci/AL18g_R7vtpH2bCyXc8MUi3d5iBQeFwkhoCa3qiQw8FporwCNR6sIiMYGQyKHnqZIvCo-uUgJBT-b0GX=w128-h128-c,#e0d9b8,224,217,184,0.8175,YELLOW,#FDD835,253,216,53,7
VAHBnZMghX81bA.jpg,VAHBnZMghX81bA,An Old-Time Plains Fight,Frederic Remington,Frederic Remington Art Museum,/asset/an-old-time-plains-fight-frederic-remington/VAHBnZMghX81bA,https://lh3.googleusercontent.com/ci/AL18g_To4lIv52_ttsQoRM-5YEbmeFewNWE_C5G7rwDim4OQINZ-kimFoM9m9VWPzicxVqt_0-k46Ac=w128-h128-c,#e0d9b8,224,217,184,1.4826068,YELLOW,#FDD835,253,216,53,7
mgEbFXqO2uy_Iw.jpg,mgEbFXqO2uy_Iw,Ca d'Oro,José Moreno Carbonero,Museo Carmen Thyssen Málaga,/asset/ca-d-oro-josé-moreno-carbonero/mgEbFXqO2uy_Iw,https://lh3.googleusercontent.com/ci/AL18g_RIcYMzcm_N7_6WyaIzEkNCKtfZOapd51z8HnMeEF4YzvbSV0Hrqpdw-suBZCgEaFWYfwm1gH0=w128-h128-c,#e0d9b8,224,217,184,0.85126144,YELLOW,#FDD835,253,216,53,7
cAFJrIO7uCfN4A.jpg,cAFJrIO7uCfN4A,Beach at Estepona with a View of the Rock of Gibraltar,Fritz Bamberger,Museo Carmen Thyssen Málaga,/asset/beach-at-estepona-with-a-view-of-the-rock-of-gibraltar-fritz-bamberger/cAFJrIO7uCfN4A,https://lh3.googleusercontent.com/ci/AL18g_SfMtqXkC9a8_PekeTPBlT5vE-OAlQmNITFsu1txIUIuerPZTytuZ4T83m61Of9XK48mka3UDq2=w128-h128-c,#e0d9b8,224,217,184,1.5688155,YELLOW,#FDD835,253,216,53,7
vwGb3MJdCB56GQ.jpg,vwGb3MJdCB56GQ,Horse in a Landscape,Franz Marc,Museum Folkwang,/asset/horse-in-a-landscape-franz-marc/vwGb3MJdCB56GQ,https://lh3.googleusercontent.com/ci/AL18g_T5NpqGFMvGw8bFhfAqFN8Y1vUbylRNE7CurmN4Q65preIzvA-lyJ_RPPYb1i03kOoSRuMgFw=w128-h128-c,#e0d9b8,224,217,184,1.3347571,YELLOW,#FDD835,253,216,53,7
HAHO0hHiVA7qRQ.jpg,HAHO0hHiVA7qRQ,Flowers in a Vase,Odilon Redon,"National Gallery of Art, Washington DC",/asset/flowers-in-a-vase-odilon-redon/HAHO0hHiVA7qRQ,https://lh3.googleusercontent.com/ci/AL18g_T7X3VouydV3MKRv2iekJC9xjOyOIUP-Rz74aC3mS_lSWVT8_BNZoRJ6i-o49y0TAAjKjjyo1Q=w128-h128-c,#e0d9b8,224,217,184,0.70654297,YELLOW,#FDD835,253,216,53,7
iwF2TYy77DZRVA.jpg,iwF2TYy77DZRVA,"Mt.Fudesute, Sakanoshita, from the series the Fifty-three Stations of the Tokaido (Hoeido edition)",Utagawa Hiroshige,Nakagawa-machi bato hiroshige art of museum,/asset/mt-fudesute-sakanoshita-from-the-series-the-fifty-three-stations-of-the-tokaido-hoeido-edition-utagawa-hiroshige/iwF2TYy77DZRVA,https://lh3.googleusercontent.com/ci/AL18g_TYdBMALtMjuB66y_2UdUJfLQXlNF4oHN9WtPPfWfF-65JF6WlCgCuFM_i4PkBPL1d3e1hW9k0=w128-h128-c,#e0d9b8,224,217,184,1.5497357,YELLOW,#FDD835,253,216,53,7
ygG-uS1jPVvxLA.jpg,ygG-uS1jPVvxLA,The raising of Lazarus (after Rembrandt),Vincent van Gogh,Van Gogh Museum,/asset/the-raising-of-lazarus-after-rembrandt-vincent-van-gogh/ygG-uS1jPVvxLA,https://lh3.googleusercontent.com/ci/AL18g_SwNJAlO_29rJOzcOIo-YcuNtkjhMGv8PiMmSIoThA49BDkpc-Ew5xgo0JPFH5wCaYjY-m-EEE=w128-h128-c,#e0d9b8,224,217,184,1.307258,YELLOW,#FDD835,253,216,53,7
9gFhtmAFcS9_nA.jpg,9gFhtmAFcS9_nA,Seascape (Gravelines),Georges Seurat,"National Gallery of Art, Washington DC",/asset/seascape-gravelines-georges-seurat/9gFhtmAFcS9_nA,https://lh3.googleusercontent.com/ci/AL18g_T0NierZjDWbFsbXDzHHCPdeag1xL9RtlTl6zTTKnGrs6rdyWyOTA0RBoNo1J2ZyFxYb1KE_pI=w128-h128-c,#e0d9b8,224,217,184,1.4412385,YELLOW,#FDD835,253,216,53,7
owHdW0EagNQRAg.jpg,owHdW0EagNQRAg,The Harvest Dance,"Joseph Henry Sharp (American, b.1859, d.1953)",Cincinnati Art Museum,/asset/the-harvest-dance-joseph-henry-sharp-american-b-1859-d-1953/owHdW0EagNQRAg,https://lh3.googleusercontent.com/ci/AL18g_QkVHPhjeRG2CRmr-Z79WsIp-COKqIWU8Rdrzghkte0PPeVTL6Mtjod_umzLfEuDDdlhgzF3A=w128-h128-c,#e0d9b8,224,217,184,1.7731959,YELLOW,#FDD835,253,216,53,7
PAGQTXrvFraJjw.jpg,PAGQTXrvFraJjw,Rochester Cathedral and Castle,"Frederick Nash, 1782–1856, British",Yale Center for British Art,/asset/rochester-cathedral-and-castle-frederick-nash-1782–1856-british/PAGQTXrvFraJjw,https://lh3.googleusercontent.com/ci/AL18g_Qx5pvo4r87buSfCkkqVwk2_pUlP2zEgZbOf1G-4AqrLTgR3BUP7uOzBTyln-ZyvRXYqkul4znO=w128-h128-c,#e0d9b8,224,217,184,1.5647922,YELLOW,#FDD835,253,216,53,7
MwGPnCQFQ5TNNQ.jpg,MwGPnCQFQ5TNNQ,Herbert Esche in the Library,Edvard Munch,Kunsthaus Zürich,/asset/herbert-esche-in-the-library-edvard-munch/MwGPnCQFQ5TNNQ,https://lh3.googleusercontent.com/ci/AL18g_T0pQ4O-xDLtf3JV8DaDQ69vob9vVfDvrRLE6OqZZuexUHO2abG2HnSUfckgmVrC5qEu14L0y8=w128-h128-c,#e0d9b8,224,217,184,0.5823333,YELLOW,#FDD835,253,216,53,7
DgHlkhWBbhKEsg.jpg,DgHlkhWBbhKEsg,Episode of the Buffalo Gun,Frederic Remington,"The Museum of Fine Arts, Houston",/asset/episode-of-the-buffalo-gun-frederic-remington/DgHlkhWBbhKEsg,https://lh3.googleusercontent.com/ci/AL18g_T4QWDM2TrubzN5uI2dhip4VlC57wiIIotzBvvidKSYZXAJZqenI622o_0nxL5MadcGHNdhYvI=w128-h128-c,#e0d9b8,224,217,184,1.4906832,YELLOW,#FDD835,253,216,53,7
pQGOR0k5Dx14BA.jpg,pQGOR0k5Dx14BA,Still life with Watermelon,"Süleyman Seyyid Bey (Turkish, 1842-1913)",Sakıp Sabancı Museum,/asset/still-life-with-watermelon-süleyman-seyyid-bey-turkish-1842-1913/pQGOR0k5Dx14BA,https://lh3.googleusercontent.com/ci/AL18g_TXJX9Qivp_nB_V-dkAuACRQcS52ehHTQIRzndKWRWIHQHoTZx1zj12rYwTpLtUfg4eLLCgm-oU=w128-h128-c,#e0d9b8,224,217,184,1.4925373,YELLOW,#FDD835,253,216,53,7
KwFFmwRAlcbxBw.jpg,KwFFmwRAlcbxBw,La Danse amoureuse,Gustave Boulanger,Opéra national de Paris,/asset/la-danse-amoureuse-gustave-boulanger/KwFFmwRAlcbxBw,https://lh3.googleusercontent.com/ci/AL18g_Ru6-uXG8Ih-AbvWnGcrCVgeh-iD4zUpylS87VL1tZ7mLOINfE82jn8e7lK1bRV81Dw9ouphKs=w128-h128-c,#e0d9b8,224,217,184,0.67398465,YELLOW,#FDD835,253,216,53,7
FAEVJ7gjimp-fg.jpg,FAEVJ7gjimp-fg,The Apotheosis of James I,Peter Paul Rubens,Historic Royal Palaces,/asset/the-apotheosis-of-james-i-peter-paul-rubens/FAEVJ7gjimp-fg,https://lh3.googleusercontent.com/ci/AL18g_Rpsbs6_kCKNKKLDUcdWux_uT79J2W6Stkfq0wd7glPqEQqzmIYl1B5R87lgVmCf5nps1A4nvA=w128-h128-c,#e0d9b8,224,217,184,0.5634106,YELLOW,#FDD835,253,216,53,7
jAF4uxOB1Dw2XQ.jpg,jAF4uxOB1Dw2XQ,Queen Adelaide,Sir Martin Archer Shee (1769-1850),"Royal Collection Trust, UK",/asset/queen-adelaide-sir-martin-archer-shee-1769-1850/jAF4uxOB1Dw2XQ,https://lh3.googleusercontent.com/ci/AL18g_TEUSmHh0iC2hgZ4JOq1c2qLX1__1VnGT-uD-_REtHeMh-pJ_xnawXnQOINFAv-JPpYvFQV7A=w128-h128-c,#e0d9b8,224,217,184,0.64066666,YELLOW,#FDD835,253,216,53,7
nwFBl1g7SHlsww.jpg,nwFBl1g7SHlsww,The sisters,Hugh Ramsay,Art Gallery of New South Wales,/asset/the-sisters-hugh-ramsay/nwFBl1g7SHlsww,https://lh3.googleusercontent.com/ci/AL18g_Q-EChpe7imVVDKIyz-U98etpeTRhHt85tViRcxsZqHtnqjSDibs4fV5a_Xttgfdpdy7bNCp8w=w128-h128-c,#e0d9b8,224,217,184,1.1598237,YELLOW,#FDD835,253,216,53,7
XwG_3xUNDO6CCQ.jpg,XwG_3xUNDO6CCQ,The Baile de Capellanes,Ricardo Balaca,Bilboa Museoa. Museo de Bellas Artes de Bilbao,/asset/the-baile-de-capellanes-ricardo-balaca/XwG_3xUNDO6CCQ,https://lh3.googleusercontent.com/ci/AL18g_QGL6FIDX9L4TLE3VAQFNkvMyo-KzU0XF0UmEdnH38-A9ANtws7uyE9F9QvyrMxLSsQWGtDL_U=w128-h128-c,#e0d9b8,224,217,184,1.4434848,YELLOW,#FDD835,253,216,53,7
MQGJUyGtHiaNOQ.jpg,MQGJUyGtHiaNOQ,I want you for the Navy Howard Chandler Christy.,"Christy, Howard Chandler, 1873-1952",Library of Virginia,/asset/i-want-you-for-the-navy-howard-chandler-christy-christy-howard-chandler-1873-1952/MQGJUyGtHiaNOQ,https://lh3.googleusercontent.com/ci/AL18g_Si8xXhu6UccUSu3GQQKRIJ4bTuB0b_0ZZQMiWmjYmxgpgZYBnHsiuEfysM0BMvfji0BdL1IRs=w128-h128-c,#e0d9b8,224,217,184,0.64914894,YELLOW,#FDD835,253,216,53,7
WgHMYSjF4JaDpA.jpg,WgHMYSjF4JaDpA,The Arts – Music,Alphonse Mucha,Centro Cultural Banco do Brasil Rio de Janeiro,/asset/the-arts-–-music-alphonse-mucha/WgHMYSjF4JaDpA,https://lh3.googleusercontent.com/ci/AL18g_QvJhDV0ecaFrDg84qCGn__qn3L-uJdGf9PGtNXY7HtrgOTzYjTBXgUg-HzFm_4lG2S5kYBFTw=w128-h128-c,#e0d9b8,224,217,184,0.6377381,YELLOW,#FDD835,253,216,53,7
MQEGIURZvSsGtw.jpg,MQEGIURZvSsGtw,"Seascape at Port-en-Bessin, Normandy",Georges Seurat,"National Gallery of Art, Washington DC",/asset/seascape-at-port-en-bessin-normandy-georges-seurat/MQEGIURZvSsGtw,https://lh3.googleusercontent.com/ci/AL18g_THHZ8cg5R8WjeBLeXLxznxRRdAFyqlJiUJj_HskH-GNYzV5N0n2U1UhXKq5ASxsIzWNGyS-Fk=w128-h128-c,#e0d9b8,224,217,184,1.2419401,YELLOW,#FDD835,253,216,53,7
GwEYHMgFsybL6g.jpg,GwEYHMgFsybL6g,The Judgment of Paris,Harald Giersing,SMK - Statens Museum for Kunst,/asset/the-judgment-of-paris-harald-giersing/GwEYHMgFsybL6g,https://lh3.googleusercontent.com/ci/AL18g_Qjdd7tnZLqTCrffGJNaPe27YxNnYruLZ8gv86XdljZzm_IdO4WY-P6bEFO_-MqUpLVbF3ErECK=w128-h128-c,#e0d9b8,224,217,184,1.2243798,YELLOW,#FDD835,253,216,53,7
uwFMemZ7zTMXCg.jpg,uwFMemZ7zTMXCg,Pandora,Odilon Redon,"National Gallery of Art, Washington DC",/asset/pandora-odilon-redon/uwFMemZ7zTMXCg,https://lh3.googleusercontent.com/ci/AL18g_RjMaxpBVVDP8Vpw3wPeAA8n8XxVpzoILfAoFktxUWMlk0bJ5eu1aRJCJfO5vU42nc6BBmK7WRr=w128-h128-c,#e0d9b8,224,217,184,0.43652344,YELLOW,#FDD835,253,216,53,7
wAE3HNQrd1Q_Qg.jpg,wAE3HNQrd1Q_Qg,La moisson (The Wheatfield behind Saint Paul's Hospital with a Reaper),Vincent van Gogh,Museum Folkwang,/asset/la-moisson-the-wheatfield-behind-saint-paul-s-hospital-with-a-reaper-vincent-van-gogh/wAE3HNQrd1Q_Qg,https://lh3.googleusercontent.com/ci/AL18g_Q7nb58F6ZStY1_o-OtE2TC9g1OFR6AVRbx6PP84bqhwJAfRrfNaMEUKu9hhs_zbxWXm38XQg=w128-h128-c,#e0d8b8,224,216,184,1.2212994,YELLOW,#FDD835,253,216,53,7
NAGCV0l1eJoL7A.jpg,NAGCV0l1eJoL7A,Self-Portrait with Straw Hat,Vincent van Gogh,Van Gogh Museum,/asset/self-portrait-with-straw-hat-vincent-van-gogh/NAGCV0l1eJoL7A,https://lh3.googleusercontent.com/ci/AL18g_Q8xGVd0FlRaJ0ofe-j4vA9YMBCbybqYH7RFSIXnRrPUND9Eg6hhw0VbM9BPWLgptN_oKL5Wvc=w128-h128-c,#e0d9b8,224,217,184,0.80938894,YELLOW,#FDD835,253,216,53,7
BwHtkktbqllb7A.jpg,BwHtkktbqllb7A,The Long-Horn Cattle Sign,Frederic Remington,Amon Carter Museum of American Art,/asset/the-long-horn-cattle-sign-frederic-remington/BwHtkktbqllb7A,https://lh3.googleusercontent.com/ci/AL18g_ROW7RdN_R6fKPhHItJDd900Za4WRLSEADLLvZJ41ODNMnvfteDGgpKo_vIaTstq6MpUl5AvZp9=w128-h128-c,#e0d9b8,224,217,184,1.4814932,YELLOW,#FDD835,253,216,53,7
FwEyGeovkhnEbQ.jpg,FwEyGeovkhnEbQ,Woman by a Fence,Auguste Renoir,"National Gallery of Art, Washington DC",/asset/woman-by-a-fence-auguste-renoir/FwEyGeovkhnEbQ,https://lh3.googleusercontent.com/ci/AL18g_R8PbKHmgBpggkAFwQnDKqcMAv2BQx4fc8qs-VOvnPU2fLlBsMvoIoxPybe3WKxUaPjQlH0mfY=w128-h128-c,#e0d9b8,224,217,184,0.6296387,YELLOW,#FDD835,253,216,53,7
hgGL9FqF7hsxPw.jpg,hgGL9FqF7hsxPw,Farmhouse at Le Pouldu,Paul Sérusier,"National Gallery of Art, Washington DC",/asset/farmhouse-at-le-pouldu-paul-sérusier/hgGL9FqF7hsxPw,https://lh3.googleusercontent.com/ci/AL18g_QvB-JSVI3gDNdbtEiOekI-72lW4XEmilSP1LAxNdKYHe1igFyq3lvI3f67y53orZ4OXHakoQ=w128-h128-c,#e0d8b8,224,216,184,0.81274414,YELLOW,#FDD835,253,216,53,7
dAGVBL7fqzed7w.jpg,dAGVBL7fqzed7w,At Templestowe,Arthur STREETON,Art Gallery of South Australia,/asset/at-templestowe-arthur-streeton/dAGVBL7fqzed7w,https://lh3.googleusercontent.com/ci/AL18g_R7yh_PAuh2-6p6xuItHz_o91hJjqkCWjxHFjo_HgmDhLMUMV0t-zumo1x_Hicoe0CNpzqtaw=w128-h128-c,#e0d9b8,224,217,184,1.6315311,YELLOW,#FDD835,253,216,53,7
wgF8H3gB-SFawQ.jpg,wgF8H3gB-SFawQ,The Cowboy,Frederic Remington,Amon Carter Museum of American Art,/asset/the-cowboy-frederic-remington/wgF8H3gB-SFawQ,https://lh3.googleusercontent.com/ci/AL18g_RMk7i41jw4jekgEW9A40rocltYeBjl9e-7x258Es2tSgWTp0qsFJKxDWplp6aPwpiXqJWPSA=w128-h128-c,#e0d9b8,224,217,184,0.67275,YELLOW,#FDD835,253,216,53,7
YgGviPNkr14jRQ.jpg,YgGviPNkr14jRQ,Architectural folly with Roman ruins and the lagoon,Francesco Guardi,Sforzesco Castle,/asset/architectural-folly-with-roman-ruins-and-the-lagoon-francesco-guardi/YgGviPNkr14jRQ,https://lh3.googleusercontent.com/ci/AL18g_RVLa4gxR-q56ja3VaaBTFFJ7cW9ZEjSYIYp9qgRaQbYjIcSLIhozVQ1olzXC-C23PKcVMLsfU3=w128-h128-c,#e0d9b8,224,217,184,0.7716654,YELLOW,#FDD835,253,216,53,7
2QFGjZ1ggcfgnA.jpg,2QFGjZ1ggcfgnA,Study A,Amadeo de Souza-Cardoso,Centro de Arte Moderna Gulbenkian,/asset/study-a-amadeo-de-souza-cardoso/2QFGjZ1ggcfgnA,https://lh3.googleusercontent.com/ci/AL18g_R18_w6SkrbrDuZYPFKkNDZ79S-JlXyCZihtCuM5uuCDImyNDHvYv17xar3-AuFyfm3toEN9Lyz=w128-h128-c,#e0d9b8,224,217,184,1.3277187,YELLOW,#FDD835,253,216,53,7
6gFYCT5h41yvbQ.jpg,6gFYCT5h41yvbQ,Stage Fort across Gloucester Harbor,Fitz Henry Lane (formerly Fitz Hugh Lane),The Metropolitan Museum of Art,/asset/stage-fort-across-gloucester-harbor-fitz-henry-lane-formerly-fitz-hugh-lane/6gFYCT5h41yvbQ,https://lh3.googleusercontent.com/ci/AL18g_SdtqfCQzHGKR48bvadOZCBbDXTaXA4daiSuKNvPGBuDshk11NPsuGq9e8v82atBiPAT9TWS4f6=w128-h128-c,#e0d9b8,224,217,184,1.6707585,YELLOW,#FDD835,253,216,53,7
oQHVzVKCuhFk5w.jpg,oQHVzVKCuhFk5w,"Lake Albano, Sunset",George Inness,"National Gallery of Art, Washington DC",/asset/lake-albano-sunset-george-inness/oQHVzVKCuhFk5w,https://lh3.googleusercontent.com/ci/AL18g_Qlq6E99udYZ6UaA6vdPJXm0Iwge0VHP1BiSKMea5HjqUlFzMVkAsYCVUfD_OVRHKNxgdQeyP4=w128-h128-c,#e0d9b8,224,217,184,1.4927114,YELLOW,#FDD835,253,216,53,7
lAEJDj0Uowxp0Q.jpg,lAEJDj0Uowxp0Q,Geneva Lake,Ferdinand Hodler,National Gallery of Bosnia and Herzegovina,/asset/geneva-lake-ferdinand-hodler/lAEJDj0Uowxp0Q,https://lh3.googleusercontent.com/ci/AL18g_S-vEGU4fLofWpG1dSPBXvefxoma37yLfroJvcSryyxjPmFsl1NyWnRUC-TB8I0hjsFRO6xiaE=w128-h128-c,#e0d9b8,224,217,184,1.0579231,YELLOW,#FDD835,253,216,53,7
ngG7zhNJOzuXew.jpg,ngG7zhNJOzuXew,Melbourne,"Laurence William Wilson, 1815-1912",State Library Victoria,/asset/melbourne-laurence-william-wilson-1815-1912/ngG7zhNJOzuXew,https://lh3.googleusercontent.com/ci/AL18g_QcT-R5PhE8r2w4qd5zFpClJegULQ6EhZgpEQ5Mh3czGw8ZY9kdOm4u4hp3vtzYqHRIcek-wkU=w128-h128-c,#e0d9b8,224,217,184,3.099508,YELLOW,#FDD835,253,216,53,7
0gFns7JwNi_z2Q.jpg,0gFns7JwNi_z2Q,The Slav Epic - Cicle XVIII,Alphonse Mucha,Centro Cultural Banco do Brasil Rio de Janeiro,/asset/the-slav-epic-cicle-xviii-alphonse-mucha/0gFns7JwNi_z2Q,https://lh3.googleusercontent.com/ci/AL18g_TbZb_yTnltZsunB585eL41XoHwy4QuZ9QtGeix8yu_qrRcOKo-8CuGhr9LZP6bzeiTXDGcSf0=w128-h128-c,#e0d9b8,224,217,184,1.596401,YELLOW,#FDD835,253,216,53,7
NQE8RO0bl4aMfw.jpg,NQE8RO0bl4aMfw,Fields of Grain as Seen from Train,Arthur Garfield Dove,Buffalo AKG Art Museum,/asset/fields-of-grain-as-seen-from-train-arthur-garfield-dove/NQE8RO0bl4aMfw,https://lh3.googleusercontent.com/ci/AL18g_SBnZKiGgDjrznmNSkzj7dzGUral8Qmtyd43BCA2kCRnS2cGYwBT3lEqglyHyR3A6Q_eJLQb-4=w128-h128-c,#e0d9b8,224,217,184,1.4106325,YELLOW,#FDD835,253,216,53,7
VQH2KEuSnUMLEw.jpg,VQH2KEuSnUMLEw,Émilie,Henri de Toulouse-Lautrec,The Metropolitan Museum of Art,/asset/Émilie-henri-de-toulouse-lautrec/VQH2KEuSnUMLEw,https://lh3.googleusercontent.com/ci/AL18g_QbaBdqHI7s_h1O3c7OQxlI1pdS-5VPOIYBvPVQ8DfoP5kCyaroP6ZIwquVQQz0hgIbEG-w0SQ=w128-h128-c,#e0d9b8,224,217,184,0.7948099,YELLOW,#FDD835,253,216,53,7
awFBflLbQtr1lw.jpg,awFBflLbQtr1lw,Woman in a Park,Auguste Renoir,"National Gallery of Art, Washington DC",/asset/woman-in-a-park-auguste-renoir/awFBflLbQtr1lw,https://lh3.googleusercontent.com/ci/AL18g_S7yYMBjpfZbWJgi20nvbe3JTC1KzFK6n_VOh4hAcASoqghh9mulDt7tmVxbJeWwqB2IvcVCYM=w128-h128-c,#e0d9b8,224,217,184,0.5852051,YELLOW,#FDD835,253,216,53,7
mwHal2Bt2N5f8g.jpg,mwHal2Bt2N5f8g,Powley: Young Man Hoeing Corn,Grace Hudson,Los Angeles County Museum of Art,/asset/powley-young-man-hoeing-corn-grace-hudson/mwHal2Bt2N5f8g,https://lh3.googleusercontent.com/ci/AL18g_T6a2umTyTkreKdWNtKiLViF4obfXQEK6TYJ12eBDWiZtYG9UR7IiyhjbMncml3QI4aqK4nj1Y=w128-h128-c,#e0d9b8,224,217,184,0.57243246,YELLOW,#FDD835,253,216,53,7
FgE4x5YdBkSrNA.jpg,FgE4x5YdBkSrNA,"Grand Canal, Venice",Thomas Moran,Oklahoma City Museum of Art,/asset/grand-canal-venice-thomas-moran/FgE4x5YdBkSrNA,https://lh3.googleusercontent.com/ci/AL18g_TWCW6nKlX-7BFwYbEo6ceoRgMZ99jI8R28K76GVHkDRHjLxZoCrjX-0aK113MfRraOBSottxs=w128-h128-c,#e0d9b8,224,217,184,1.4278556,YELLOW,#FDD835,253,216,53,7
tAE_NMbUBjvoeA.jpg,tAE_NMbUBjvoeA,Helen of Troy,Evelyn De Morgan,De Morgan Collection,/asset/helen-of-troy-evelyn-de-morgan/tAE_NMbUBjvoeA,https://lh3.googleusercontent.com/ci/AL18g_RXzX6EiBYUBMCYTjnyNUNuuF0ouvCEaQ-6e8CnDQ5_lurGNrjIbgvzI0Mmf1qpL3v5oVQPFgU=w128-h128-c,#e0ceb8,224,206,184,0.48795968,ORANGE,#FF9800,255,152,0,8
VwGUHkHwLWn_dQ.jpg,VwGUHkHwLWn_dQ,Self-portrait with Monkey,Frida Kahlo,Museo Robert Brady,/asset/self-portrait-with-monkey-frida-kahlo/VwGUHkHwLWn_dQ,https://lh3.googleusercontent.com/ci/AL18g_RHKnp91dGeqnNfmT1kNBv268wi9QNixsQylADHtPN3BUOiqDvPNQ8_b7bwwBGEge5rgb57XA=w128-h128-c,#e0cab8,224,202,184,0.7200165,ORANGE,#FF9800,255,152,0,8
2QEStjY33nkbfQ.jpg,2QEStjY33nkbfQ,Weeping Coconuts (Cocos gimientes),Frida Kahlo,Los Angeles County Museum of Art,/asset/weeping-coconuts-cocos-gimientes-frida-kahlo/2QEStjY33nkbfQ,https://lh3.googleusercontent.com/ci/AL18g_TA7bsBtvFF277TJzbw48_QKlRqkPLoHqYUdr7E8NsrUkPaLyo3wJTS2UQKLzN9zz-0piCtPg=w128-h128-c,#e0ceb8,224,206,184,1.2838137,ORANGE,#FF9800,255,152,0,8
KgHdj5f98vdwmA.jpg,KgHdj5f98vdwmA,Self-Portrait,Paul Gauguin,"National Gallery of Art, Washington DC",/asset/self-portrait-paul-gauguin/KgHdj5f98vdwmA,https://lh3.googleusercontent.com/ci/AL18g_SrD89d904MLv4wodA7cFU_xfuyIkWuog-YwDkZipv11wleB9JIXtM2SbhziRPOJjGmJex7JA=w128-h128-c,#e0d2b8,224,210,184,0.6425959,ORANGE,#FF9800,255,152,0,8
6QHr6HJ5fx8xmA.jpg,6QHr6HJ5fx8xmA,Draupadi at the Court of Virat,Raja Ravi Varma,The Ganesh Shivaswamy Foundation,/asset/draupadi-at-the-court-of-virat-raja-ravi-varma/6QHr6HJ5fx8xmA,https://lh3.googleusercontent.com/ci/AL18g_QUqz6Bhq2eO-hcx1cj9JzTk0jAnyP-ibsqaFLw4RJCu0G82QJvzZlAkVmgEW23IrNh6zRFuA=w128-h128-c,#e0d0b8,224,208,184,1.5728012,ORANGE,#FF9800,255,152,0,8
wAEvxi429fS7sg.jpg,wAEvxi429fS7sg,On the Southern Plains,Frederic Remington,The Metropolitan Museum of Art,/asset/on-the-southern-plains-frederic-remington/wAEvxi429fS7sg,https://lh3.googleusercontent.com/ci/AL18g_SiJW7fRQ8zjd_aLFvQI83z5ZTzBGkbwvhMmtNvR0y4b-AJBAUr1y95cvBzCJiiU7yYFasBlEg=w128-h128-c,#e0d0b8,224,208,184,1.6788546,ORANGE,#FF9800,255,152,0,8
kAEF0jHPuuzn4g.jpg,kAEF0jHPuuzn4g,"The White Cloud, Head Chief of the Iowas",George Catlin,"National Gallery of Art, Washington DC",/asset/the-white-cloud-head-chief-of-the-iowas-george-catlin/kAEF0jHPuuzn4g,https://lh3.googleusercontent.com/ci/AL18g_RaeI3YGMu-ilLvWfdPQnNqnvYeQnKZhSILImFgDz30pWI4MB2Zc0HqHbwIP0dP60Wt2QDwBrk=w128-h128-c,#e0ceb8,224,206,184,0.80759275,ORANGE,#FF9800,255,152,0,8
wwGjQhhRhu1CvQ.jpg,wwGjQhhRhu1CvQ,Nagercoil Ammachi,Raja Ravi Varma,Raja Ravi Varma Heritage Foundation,/asset/nagercoil-ammachi-raja-ravi-varma/wwGjQhhRhu1CvQ,https://lh3.googleusercontent.com/ci/AL18g_QNj2alGXUBW5UW_V7VFMMBKG3oMVcPCio-RckPODafPGQRC94lsP9nJ_4mReQYXngLAoAANg=w128-h128-c,#e0c8b8,224,200,184,0.75,ORANGE,#FF9800,255,152,0,8
QgGvyzAHHxHRpQ.jpg,QgGvyzAHHxHRpQ,Hark! The Lark,Winslow Homer,Milwaukee Art Museum,/asset/hark-the-lark-winslow-homer/QgGvyzAHHxHRpQ,https://lh3.googleusercontent.com/ci/AL18g_TMypROtIyZwqdYt7BSe78ihGvmjryeNb85upgROl3YsBYb-YKqGSkynMY4mh6eTc8O2FtL2Y0=w128-h128-c,#e0cab8,224,202,184,0.8483172,ORANGE,#FF9800,255,152,0,8
EgF0gpSzDobY8Q.jpg,EgF0gpSzDobY8Q,The Love Potion,Evelyn De Morgan,De Morgan Collection,/asset/the-love-potion-evelyn-de-morgan/EgF0gpSzDobY8Q,https://lh3.googleusercontent.com/ci/AL18g_Qw6NmJ68thxEnnK_EhzA7RnRe_heVyKnPq13r4pYQw4EQhuJMbVfumJpcufGVtm9IF7TWOBQ=w128-h128-c,#e0ceb8,224,206,184,0.63652074,ORANGE,#FF9800,255,152,0,8
JwFvLjxE1eZNdA.jpg,JwFvLjxE1eZNdA,Tending the Horses,Anselmo Bucci,Fondazione Cariplo,/asset/tending-the-horses-anselmo-bucci/JwFvLjxE1eZNdA,https://lh3.googleusercontent.com/ci/AL18g_Q5vEqy8oMG08ZbB6o3FwQvMlvMQPmE1zv0fALbTjm-cTL7poma-f9v-pH5eUEMUVG6_qdQiJQ=w128-h128-c,#e0cab8,224,202,184,1.9260143,ORANGE,#FF9800,255,152,0,8
WgFSYLyOA55QMQ.jpg,WgFSYLyOA55QMQ,Cassandra,Evelyn De Morgan,De Morgan Collection,/asset/cassandra-evelyn-de-morgan/WgFSYLyOA55QMQ,https://lh3.googleusercontent.com/ci/AL18g_Rj-Y9nk9vx9nnkBz-ltFfuGvqTDdfiBoV7snCJXcgx9TuiW9Th_UQcJgBG5YA7aTvDomj0ITMa=w128-h128-c,#e0d0b8,224,208,184,0.48080292,ORANGE,#FF9800,255,152,0,8
EgEtYIrQx9nF6Q.jpg,EgEtYIrQx9nF6Q,Nude on a Blue Cushion,Amedeo Modigliani,"National Gallery of Art, Washington DC",/asset/nude-on-a-blue-cushion-amedeo-modigliani/EgEtYIrQx9nF6Q,https://lh3.googleusercontent.com/ci/AL18g_STHqEEWmNWUFGGQ6PpISPY9JDQugyDjS2Nk8NIQq6Z9Mm37OvsxJfKx4abe_NDIEf5iFY8TvA=w128-h128-c,#e0d0b8,224,208,184,1.5532802,ORANGE,#FF9800,255,152,0,8
0AEB0A0Fyh6sBw.jpg,0AEB0A0Fyh6sBw,Kardinal Niccolò Albergati (?),Jan van Eyck,Kunsthistorisches Museum Wien,/asset/kardinal-niccolò-albergati-jan-van-eyck/0AEB0A0Fyh6sBw,https://lh3.googleusercontent.com/ci/AL18g_TKMciv9K3H2E-jUeuVTC7rxBR7OOYXn0zuyKvV3W51Bf_i2nAUJv8HGnFwSEHUpDjtVn-xuG0=w128-h128-c,#e0d0b8,224,208,184,0.7779896,ORANGE,#FF9800,255,152,0,8
qQG5-2dbEd7KZg.jpg,qQG5-2dbEd7KZg,Léon Bakst,Amedeo Modigliani,"National Gallery of Art, Washington DC",/asset/léon-bakst-amedeo-modigliani/qQG5-2dbEd7KZg,https://lh3.googleusercontent.com/ci/AL18g_RX9u1_6Skc9j6m3VKb29nhs-k9-wbaLv7mXtFwVs5dQMt7j1qxbjN3nsigjFOOt9gbuYPZifsK=w128-h128-c,#e0d0b8,224,208,184,0.59765625,ORANGE,#FF9800,255,152,0,8
4QGx8cQTxA82mw.jpg,4QGx8cQTxA82mw,"Timmy, a Tasmanian Aboriginal, throwing a spear",Benjamin DUTERRAU,Art Gallery of South Australia,/asset/timmy-a-tasmanian-aboriginal-throwing-a-spear-benjamin-duterrau/4QGx8cQTxA82mw,https://lh3.googleusercontent.com/ci/AL18g_QBqNsHX0kkH3Rz-GXMTasNTp9JCFVKzIOtcSLT2tjEZHNEIJNl3lb0aF72yFmYr9DK3bA2VSc=w128-h128-c,#e0ceb8,224,206,184,0.86485714,ORANGE,#FF9800,255,152,0,8
lgFOAoi5jIJ8kw.jpg,lgFOAoi5jIJ8kw,Ruins of the Parthenon,Sanford Robinson Gifford,"National Gallery of Art, Washington DC",/asset/ruins-of-the-parthenon-sanford-robinson-gifford/lgFOAoi5jIJ8kw,https://lh3.googleusercontent.com/ci/AL18g_QCD7YWThqCrRRrysXIpvpG5YLbp6lUYORol895NctS4Gweur7VASJtJKhC1_0DZqon8ckzlw=w128-h128-c,#e0ceb8,224,206,184,1.9149135,ORANGE,#FF9800,255,152,0,8
wQFxEs74xYplKw.jpg,wQFxEs74xYplKw,Three Tahitians,Paul Gauguin,National Galleries Scotland: National,/asset/three-tahitians-paul-gauguin/wQFxEs74xYplKw,https://lh3.googleusercontent.com/ci/AL18g_QYn7ijT9uRyxRKea2svCJ2DjYCsmG6xLEgkhbxH0MkIdYeNIimhRSdeAxYDIRfTKPGOntwKA=w128-h128-c,#e0cfb8,224,207,184,1.2825412,ORANGE,#FF9800,255,152,0,8
_AFv7N8y_RbNbg.jpg,_AFv7N8y_RbNbg,There Comes Papa,Raja Ravi Varma,The Ganesh Shivaswamy Foundation,/asset/there-comes-papa-raja-ravi-varma/_AFv7N8y_RbNbg,https://lh3.googleusercontent.com/ci/AL18g_SlcUYZyCT1EJeDVNEEYkOlRyAtW2hm1CAH5LePhLl-V4wBPECBX6Z84A3BqvEvVq5b0ujD3nc=w128-h128-c,#e0c8b8,224,200,184,0.69472224,ORANGE,#FF9800,255,152,0,8
XwE0R12q1msw6A.jpg,XwE0R12q1msw6A,Pope Urban II Preaching the First Crusade in the Square of Clermont,Francesco Hayez,Fondazione Cariplo,/asset/pope-urban-ii-preaching-the-first-crusade-in-the-square-of-clermont-francesco-hayez/XwE0R12q1msw6A,https://lh3.googleusercontent.com/ci/AL18g_QiP64j6riPdjM2iGqTrgN5n2Dl3FL5dg6gi0jUefXwO5fg1zOzyPwDmv1oqateimm33wjxAQ=w128-h128-c,#e0d0b8,224,208,184,1.5070423,ORANGE,#FF9800,255,152,0,8
MwE0wWo8V2etkA.jpg,MwE0wWo8V2etkA,Christ and the Woman Taken in Adultery,Lucas Cranach the Younger,Chrysler Museum of Art,/asset/christ-and-the-woman-taken-in-adultery-lucas-cranach-the-younger/MwE0wWo8V2etkA,https://lh3.googleusercontent.com/ci/AL18g_Tyk-j85IZFKULhWRJfpZrhd0Jroq-DiydMr3X4NVFqL_AIhPRpJUzTFa1kLymI7fpZOy5FGw=w128-h128-c,#e0d0b8,224,208,184,1.6371077,ORANGE,#FF9800,255,152,0,8
8wExoUveivX9FQ.jpg,8wExoUveivX9FQ,Mermaids Under Water,Félix Ziem,Los Angeles County Museum of Art,/asset/mermaids-under-water-félix-ziem/8wExoUveivX9FQ,https://lh3.googleusercontent.com/ci/AL18g_Rf-2Jmd6hMevPClUlZKoci5AnLx9Yz0G7OdCvADYi4tBdf5IWo4ZMQrxp33iozd18UfL7Gf7E=w128-h128-c,#e0ceb8,224,206,184,1.8680738,ORANGE,#FF9800,255,152,0,8
FgFI5iaav6d0cA.jpg,FgFI5iaav6d0cA,Dance of the Haymakers (Music is Contagious),William Sidney Mount,"The Long Island Museum of American Art, History, & Carriages",/asset/dance-of-the-haymakers-music-is-contagious-william-sidney-mount/FgFI5iaav6d0cA,https://lh3.googleusercontent.com/ci/AL18g_TZWpMcvImyzW_mOD4sUJoEawV7VN9pNlcb0a-j5Zy5hg8HWl19YA1VJTg8C9oJE2MLdmpFEQ=w128-h128-c,#e0c8b8,224,200,184,1.2000831,ORANGE,#FF9800,255,152,0,8
0wGJGRgdH_PLdg.jpg,0wGJGRgdH_PLdg,October in the Catskills,Sanford Robinson Gifford,Los Angeles County Museum of Art,/asset/october-in-the-catskills-sanford-robinson-gifford/0wGJGRgdH_PLdg,https://lh3.googleusercontent.com/ci/AL18g_QXREEr1NyoW0d1ekPJXlYOHBU23qGlbzSpcqBMnqg6Z1ROySE_aOZyYw5rQraZGPMWrQiBgw=w128-h128-c,#e0d0b8,224,208,184,0.80074173,ORANGE,#FF9800,255,152,0,8
QQFgbijSsKxTzg.jpg,QQFgbijSsKxTzg,Self-Portrait with Monkey,Frida Kahlo,Buffalo AKG Art Museum,/asset/self-portrait-with-monkey-frida-kahlo/QQFgbijSsKxTzg,https://lh3.googleusercontent.com/ci/AL18g_QUKdcUtGOLt61tbk7ff5PM8WlUoSc5qc1CzWMHXULE5AUe-9ML-9RbBrVy5EjiQtvcQSbIBgg=w128-h128-c,#e0d0b8,224,208,184,0.75765306,ORANGE,#FF9800,255,152,0,8
LwFtMJ17KhCSkQ.jpg,LwFtMJ17KhCSkQ,Five angels dancing at the foot of a throne,Giovanni di Paolo,Château de Chantilly,/asset/five-angels-dancing-at-the-foot-of-a-throne-giovanni-di-paolo/LwFtMJ17KhCSkQ,https://lh3.googleusercontent.com/ci/AL18g_StREPUu7lm7_fnMC7iFxjpke7NmNVpGgZPHjjB4Ehns5KYICSluLZXbMz36vK3DRO5EpqyL-M=w128-h128-c,#e0cfb8,224,207,184,1.2341309,ORANGE,#FF9800,255,152,0,8
-gFk16qqzXE1tQ.jpg,-gFk16qqzXE1tQ,Japanese Theatre,Ernst Ludwig Kirchner,National Galleries Scotland: Modern,/asset/japanese-theatre-ernst-ludwig-kirchner/-gFk16qqzXE1tQ,https://lh3.googleusercontent.com/ci/AL18g_RKJBbLaOXVvIyfK1fhpX1fXr72gVv29Qh5ZzpnTdPn5qHdMsfJIMB_nDDAIQJxGGYjUB7bPg=w128-h128-c,#e0d2b8,224,210,184,1.0034642,ORANGE,#FF9800,255,152,0,8
NAG9qLOT_QJApA.jpg,NAG9qLOT_QJApA,Untitled (Still life with parrot and fruit),Frida Kahlo,Harry Ransom Center,/asset/untitled-still-life-with-parrot-and-fruit-frida-kahlo/NAG9qLOT_QJApA,https://lh3.googleusercontent.com/ci/AL18g_Tl7nrMNts0mmZ57VE4Ve6f0jNVL1ELQykzCNAYd2-b0e_mFY1rs6jIcwOUCip5RJuIx8U9uGg=w128-h128-c,#e0ccb8,224,204,184,1.1331445,ORANGE,#FF9800,255,152,0,8
rwGAyTvb3mANjw.jpg,rwGAyTvb3mANjw,La creazione della luce,Gaetano Previati,La Galleria Nazionale d’Arte Moderna e Contemporanea,/asset/la-creazione-della-luce-gaetano-previati/rwGAyTvb3mANjw,https://lh3.googleusercontent.com/ci/AL18g_QJRw6LT_QaW-B_lSgrdXlU9yW1L6Is1CotyDhUgkK4oVlkwRMK7gtFiyRYX1N4990UzA-qvg=w128-h128-c,#e0d2b8,224,210,184,1.0818071,ORANGE,#FF9800,255,152,0,8
oQEEz6zva2qNqA.jpg,oQEEz6zva2qNqA,My crown and sceptre,Thomas Cooper Gotch,Art Gallery of New South Wales,/asset/my-crown-and-sceptre-thomas-cooper-gotch/oQEEz6zva2qNqA,https://lh3.googleusercontent.com/ci/AL18g_QoMwpW0kH2pl760da20r-Rzixpa1Sksx8S3NQFOGBSx1pwM1VUTqvti8l_VcPQ30s3YNoZWYo=w128-h128-c,#e0cfb8,224,207,184,0.7172,ORANGE,#FF9800,255,152,0,8
YAGiz44Q1W-iag.jpg,YAGiz44Q1W-iag,"The Motherland (Feeling), the centre part of the triptych: The Law – The Motherland – The Art",Jacek Malczewski (1854–1929),National Museum in Wrocław,/asset/the-motherland-feeling-the-centre-part-of-the-triptych-the-law-–-the-motherland-–-the-art-jacek-malczewski-1854–1929/YAGiz44Q1W-iag,https://lh3.googleusercontent.com/ci/AL18g_QemY8VGRFmF_C-3oJjjHTbIMxaIXpse3ytBQHPyq3JTDG37AxnNDjK6vZMtw5f7QYdbQtQ2o8=w128-h128-c,#e0c8b8,224,200,184,1.41275,ORANGE,#FF9800,255,152,0,8
bQGz9HYNvt0zjA.jpg,bQGz9HYNvt0zjA,Nude on a Divan,Amedeo Modigliani,"National Gallery of Art, Washington DC",/asset/nude-on-a-divan-amedeo-modigliani/bQGz9HYNvt0zjA,https://lh3.googleusercontent.com/ci/AL18g_TU4sIQDyuEBCR5i4DdTxeYszrAvs7b3Q99dbwtvGAtcRKr7NX9V7wORHzzsocaa8j1O1g9ZQ8=w128-h128-c,#e0cab8,224,202,184,1.5538695,ORANGE,#FF9800,255,152,0,8
JwEr8WHYM55TLw.jpg,JwEr8WHYM55TLw,Roses in a vase,Ferdinand Hodler,National Gallery of Bosnia and Herzegovina,/asset/roses-in-a-vase-ferdinand-hodler/JwEr8WHYM55TLw,https://lh3.googleusercontent.com/ci/AL18g_QAZnyNhv2SecZ2EEv6VnFkgv1PNBurXQxaFGGzWsuPWcWhSyYzqFadKdrHc1k01Y81-Y4xlD8=w128-h128-c,#e0cab8,224,202,184,0.5192028,ORANGE,#FF9800,255,152,0,8
awGRnijQ3VlkDg.jpg,awGRnijQ3VlkDg,Cotopaxi,Frederic Edwin Church,Detroit Institute of Arts,/asset/cotopaxi-frederic-edwin-church/awGRnijQ3VlkDg,https://lh3.googleusercontent.com/ci/AL18g_Qg6HLOkgudBVVmXV6oJD0FXCROo8-XHSYBLN7wvjFcN6oeQmoqQji9i9Jl_k-OFEwKpws7DKw=w128-h128-c,#e0d0b8,224,208,184,1.752109,ORANGE,#FF9800,255,152,0,8
LQFi9guXxD6Jfw.jpg,LQFi9guXxD6Jfw,A Man Mounting a Horse,Anthony van Dyck,The Metropolitan Museum of Art,/asset/a-man-mounting-a-horse-anthony-van-dyck/LQFi9guXxD6Jfw,https://lh3.googleusercontent.com/ci/AL18g_QF8S2YG0lXfnzp7i1SS9Tfe4Wf3l1U0YzSGicQGQTPIn32b9qOvIwzsLQczROCPU62vtr_Lyw=w128-h128-c,#e0ceb8,224,206,184,0.8660287,ORANGE,#FF9800,255,152,0,8
KgHrhbERVpSMlw.jpg,KgHrhbERVpSMlw,Portrait of Hanni Esche,Edvard Munch,Kunsthaus Zürich,/asset/portrait-of-hanni-esche-edvard-munch/KgHrhbERVpSMlw,https://lh3.googleusercontent.com/ci/AL18g_Tsjn4mN9ajGUba-Axtbora1jNdES7hasukWqKdaSKDVp-o8cr3IQJAjsVVeyBJHgxVBkTnPw=w128-h128-c,#e0ceb8,224,206,184,0.8576667,ORANGE,#FF9800,255,152,0,8
mwGtcryQvTiPLw.jpg,mwGtcryQvTiPLw,Self-Portrait with Monkey and Parrot,Frida Kahlo,MALBA – Museo de Arte Latinoamericano de Buenos Aires,/asset/self-portrait-with-monkey-and-parrot-frida-kahlo/mwGtcryQvTiPLw,https://lh3.googleusercontent.com/ci/AL18g_RRFFzh-BgeLxqCLO-ZicGhVzHAjMBTu-3VtbZKAl1a5IeAMXLbLcBqMczLzLZC7WOVvNBp=w128-h128-c,#e0cfb8,224,207,184,0.7907388,ORANGE,#FF9800,255,152,0,8
QQESTVMaXA4Ohw.jpg,QQESTVMaXA4Ohw,The Gypsies Of South India,Raja Ravi Varma,Raja Ravi Varma Heritage Foundation,/asset/the-gypsies-of-south-india-raja-ravi-varma/QQESTVMaXA4Ohw,https://lh3.googleusercontent.com/ci/AL18g_R78DoWD_zDf2wxsHTpUTc1VAR2n-NxV5Fe3MyLRkydlGJYDx2sdi5Ijj4WDdVg3RvR0XPZQiY=w128-h128-c,#e0cab8,224,202,184,0.6454308,ORANGE,#FF9800,255,152,0,8
cwHli1F19TGJkw.jpg,cwHli1F19TGJkw,"Phoebe Anna Traquair, 1852 - 1936. Artist (Self-portrait)",Phoebe Anna Traquair,National Galleries Scotland: National,/asset/phoebe-anna-traquair-1852-1936-artist-self-portrait-phoebe-anna-traquair/cwHli1F19TGJkw,https://lh3.googleusercontent.com/ci/AL18g_Q3PaaBEsIGWIOEJbAkWeaXsdl-kUTqM259N7267qVjgndnphyJDNPN2N_-XXlVuzC8YQ6K=w128-h128-c,#e0cfb8,224,207,184,1.1614953,ORANGE,#FF9800,255,152,0,8
SQGQa5QXbT4Kwg.jpg,SQGQa5QXbT4Kwg,Portrait of Jeanne Hébuterne,Amedeo Modigliani,Ohara Museum of Art,/asset/portrait-of-jeanne-hébuterne-amedeo-modigliani/SQGQa5QXbT4Kwg,https://lh3.googleusercontent.com/ci/AL18g_SIdTBA4Y52gwjycgTQ78raIaN1sjXMQN_0uFKeBVNgp2lYevm2W7Nt0ofHLOd7IQHP3_ccAQ=w128-h128-c,#e0ceb8,224,206,184,0.5932653,ORANGE,#FF9800,255,152,0,8
_AHwQjWVZhPeNA.jpg,_AHwQjWVZhPeNA,Study for 'The Sleeping Knights',Edward Burne-Jones,"Walker Art Gallery, Liverpool",/asset/study-for-the-sleeping-knights-edward-burne-jones/_AHwQjWVZhPeNA,https://lh3.googleusercontent.com/ci/AL18g_Q7VoKe0vQ5JNdHnTU6_FO4w64cvAIUJGxw9-XueGecpWZhR_QBIRARvRXPpGP_KbG4o6EXtQ=w128-h128-c,#e0d0b8,224,208,184,1.3807843,ORANGE,#FF9800,255,152,0,8
ygF-rpPBRwf2cw.jpg,ygF-rpPBRwf2cw,Woman in a Yellow Dress,Amedeo Modigliani,Castello di Rivoli Museo d'Arte Contemporanea,/asset/woman-in-a-yellow-dress-amedeo-modigliani/ygF-rpPBRwf2cw,https://lh3.googleusercontent.com/ci/AL18g_T6W2K40bO32bSz504zR3eZfCJ9d3n-Km0JzprMZfoLhekMSjzdYGFlETHFjSBd8iGNeP4V=w128-h128-c,#e0d2b8,224,210,184,0.64835167,ORANGE,#FF9800,255,152,0,8
OAHfFNzd6NaggQ.jpg,OAHfFNzd6NaggQ,La creazione della luce,Gaetano Previati,La Galleria Nazionale d’Arte Moderna e Contemporanea,/asset/la-creazione-della-luce-gaetano-previati/OAHfFNzd6NaggQ,https://lh3.googleusercontent.com/ci/AL18g_TYhFCKDxO70Iw3U-cgYjaDmvYwlPQh5nhQ1N7hbuU1h3ZbiYeu2SBJ-Eci48-qY7K3WDH3teo=w128-h128-c,#e0ceb8,224,206,184,1.0910153,ORANGE,#FF9800,255,152,0,8
nwE2-E27PvJcgA.jpg,nwE2-E27PvJcgA,Paul Durand-Ruel,Pierre-Auguste Renoir (1841–1919),Frick Art Research Library,/asset/paul-durand-ruel-pierre-auguste-renoir-1841–1919/nwE2-E27PvJcgA,https://lh3.googleusercontent.com/ci/AL18g_RYB9OBXQ1FDMA88vLG0jH9b1P-Sxcn8wngiqbW1J03zZKa4JD5dPlf5QFE8u4_CtsHvRWJEg=w128-h128-c,#e0d0b8,224,208,184,0.8154714,ORANGE,#FF9800,255,152,0,8
xQEYBYK7kYPu6A.jpg,xQEYBYK7kYPu6A,Indian Summer in the White Mountains,Sanford Robinson Gifford,The Mint Museum,/asset/indian-summer-in-the-white-mountains-sanford-robinson-gifford/xQEYBYK7kYPu6A,https://lh3.googleusercontent.com/ci/AL18g_QURzUk_NAYZSlKKWhkKKMOcL_-UFjDvBIy8zAfbw9QNZ4JhmWdwN2f0qLyaClywm3w2xr0ng=w128-h128-c,#e0cfb8,224,207,184,1.9059708,ORANGE,#FF9800,255,152,0,8
OwENFVwqcR9-mw.jpg,OwENFVwqcR9-mw,Twelve Studies of Vesuvius,Giuseppe De Nittis,Galleria d'Arte Moderna - Milano,/asset/twelve-studies-of-vesuvius-giuseppe-de-nittis/OwENFVwqcR9-mw,https://lh3.googleusercontent.com/ci/AL18g_TWf9IVdHMwMG_91KXcVEpGMsfdRNuZnIQp-7xm6RUdTRfxpAUPk4Cii_gIadlNV7t0_nL6aQ=w128-h128-c,#e0ceb8,224,206,184,0.56421053,ORANGE,#FF9800,255,152,0,8
5wHPwSlRjAh4PQ.jpg,5wHPwSlRjAh4PQ,Woman on a Sofa,Edgar Degas,The Metropolitan Museum of Art,/asset/woman-on-a-sofa-edgar-degas/5wHPwSlRjAh4PQ,https://lh3.googleusercontent.com/ci/AL18g_TMv5Wie6EhB-pJNA1ViVtSiTld8XmMKfmr_DW9uwQNqbqjyJKL_LkWaQAVU7Qlr189uA7XWQ=w128-h128-c,#e0cab8,224,202,184,0.8748052,ORANGE,#FF9800,255,152,0,8
IwEsOWKiqNixhQ.jpg,IwEsOWKiqNixhQ,Flaming June,Frederic Leighton,Museo de Arte de Ponce,/asset/flaming-june-frederic-leighton/IwEsOWKiqNixhQ,https://lh3.googleusercontent.com/ci/AL18g_S3aj375qa0qQwu8DOQwpZw50OeAm9fFsjqfmaGx326Hq0Kc_mHTzTXzptT92vrY9MDU-apLA=w128-h128-c,#e0c8b8,224,200,184,0.99040806,ORANGE,#FF9800,255,152,0,8
agG3QMnSjat1vg.jpg,agG3QMnSjat1vg,Gypsies of South India or Poverty,Raja Ravi Varma,Raja Ravi Varma Heritage Foundation,/asset/gypsies-of-south-india-or-poverty-raja-ravi-varma/agG3QMnSjat1vg,https://lh3.googleusercontent.com/ci/AL18g_S2oynfB5Nn-xA64-IboSVF1duTlkCjVVTt41jlYVmVzc2MDv-CtOKZialRLCcr-PIOYep7Ws8=w128-h128-c,#e0cab8,224,202,184,0.6454308,ORANGE,#FF9800,255,152,0,8
2AGn_IsYqThXOw.jpg,2AGn_IsYqThXOw,Three Bathers,Auguste RENOIR,"The Museum of Modern Art, Saitama",/asset/three-bathers-auguste-renoir/2AGn_IsYqThXOw,https://lh3.googleusercontent.com/ci/AL18g_RUZq3LE5ycWNfjt3UMpaNi37C5XuXxXPk9Ys41YkwqKqYGt78hoAwyneJFe3VtniIQZZJlsMH_=w128-h128-c,#e0cfb8,224,207,184,1.2196878,ORANGE,#FF9800,255,152,0,8
YgE3yHMmehN3lg.jpg,YgE3yHMmehN3lg,The Death of Ellenai,Witold Pruszkowski (1846–1896),National Museum in Wrocław,/asset/the-death-of-ellenai-witold-pruszkowski-1846–1896/YgE3yHMmehN3lg,https://lh3.googleusercontent.com/ci/AL18g_RyxO-pgYagKiT1hlWsz-6wXDOcQS0Rc1upt1_cbSHKNNbxZ8kxSpSPUwnIHfbL2t0sAqEaQ5-E=w128-h128-c,#e0c8b8,224,200,184,1.9375,ORANGE,#FF9800,255,152,0,8
MgFQSxu9qY_hIw.jpg,MgFQSxu9qY_hIw,Madame Amédée (Woman with Cigarette),Amedeo Modigliani,"National Gallery of Art, Washington DC",/asset/madame-amédée-woman-with-cigarette-amedeo-modigliani/MgFQSxu9qY_hIw,https://lh3.googleusercontent.com/ci/AL18g_S2FupXaQS6_EfJTIrN_l9m0a3GG--zBFcDID7GBkgI5moB53NQIYGP9i5XrOhO7TueHoY2muc=w128-h128-c,#e0ceb8,224,206,184,0.64697266,ORANGE,#FF9800,255,152,0,8
cAGppoODXeGnNg.jpg,cAGppoODXeGnNg,Landscape with Crows,Karl Friedrich Lessing,Los Angeles County Museum of Art,/asset/landscape-with-crows-karl-friedrich-lessing/cAGppoODXeGnNg,https://lh3.googleusercontent.com/ci/AL18g_Qj21UBHnNatTsxJOPRT8QGzN-kiTlF-B18eLSFDBFbOL2MkA7D12oEwBDkPhbq_VkVIYyNzLMs=w128-h128-c,#e0cfb8,224,207,184,1.4984242,ORANGE,#FF9800,255,152,0,8
pAExbLv2RU--Ow.jpg,pAExbLv2RU--Ow,Prometheus (detail),José Clemente Orozco,Pomona College Museum of Art,/asset/prometheus-detail-josé-clemente-orozco/pAExbLv2RU--Ow,https://lh3.googleusercontent.com/ci/AL18g_Qtzo2i4ntGOnFkJem-EKYEwgjML_3LHO6DtSgDBHERlb1KQsEdUp1GAFczIh4N1BhQfS0xgTs=w128-h128-c,#e0c8b8,224,200,184,1.3921114,ORANGE,#FF9800,255,152,0,8
IAHBCuwmra8KHw.jpg,IAHBCuwmra8KHw,Twelve Studies of Vesuvius,Giuseppe De Nittis,Galleria d'Arte Moderna - Milano,/asset/twelve-studies-of-vesuvius-giuseppe-de-nittis/IAHBCuwmra8KHw,https://lh3.googleusercontent.com/ci/AL18g_R5QrtH4wRpG1i7jWHaWToK-qmNh7N9VluqcZCis_cRF6tiq5npb6T_Qo3MmaX7QZRZNQV6Es8u=w128-h128-c,#e0d0b8,224,208,184,1.4125705,ORANGE,#FF9800,255,152,0,8
NQEabTiTjT-Pfg.jpg,NQEabTiTjT-Pfg,Madonna and Child Between Two Saints,Giovanni Battista Cima da Conegliano,The Nivaagaard Collection,/asset/madonna-and-child-between-two-saints-giovanni-battista-cima-da-conegliano/NQEabTiTjT-Pfg,https://lh3.googleusercontent.com/ci/AL18g_S4w-CJJk1pBaXPOoAPvMuEGV8H8ec2-ZNSV7ck9oHuFQg0zZ8hs0Rq-8RFF9g-r1T5gr9ocg=w128-h128-c,#e0ceb8,224,206,184,1.4376812,ORANGE,#FF9800,255,152,0,8
pQFgQIk9i2DEkQ.jpg,pQFgQIk9i2DEkQ,Maharana Fateh Singh of Mewar,Raja Ravi Varma,The Ganesh Shivaswamy Foundation,/asset/maharana-fateh-singh-of-mewar-raja-ravi-varma/pQFgQIk9i2DEkQ,https://lh3.googleusercontent.com/ci/AL18g_SrXe72zMFnCcGQhugix6Y15j8gzm1hm_TtcHQrIWQRGdBlBQQRLS5SZnviq5bh9EuPpKHYGw=w128-h128-c,#e0cab8,224,202,184,0.743865,ORANGE,#FF9800,255,152,0,8
SQFGXEmvmI_X6Q.jpg,SQFGXEmvmI_X6Q,Nude Woman,Sava Šumanović,The Pavle Beljanski Memorial Collection,/asset/nude-woman-sava-Šumanović/SQFGXEmvmI_X6Q,https://lh3.googleusercontent.com/ci/AL18g_QG_9NZyqQkEC7M9-y5piT3cmOKjuBypnrqKyxEDdlMze0uOJmrTteUSAM3wTlljK9KYHOIc50=w128-h128-c,#e0d0b8,224,208,184,0.8100998,ORANGE,#FF9800,255,152,0,8
jAF1fSRLmdgd2Q.jpg,jAF1fSRLmdgd2Q,Madonna and Child,Jacopo Bellini,Los Angeles County Museum of Art,/asset/madonna-and-child-jacopo-bellini/jAF1fSRLmdgd2Q,https://lh3.googleusercontent.com/ci/AL18g_SeICkzP_LNtACUPLc1ynUzcIDIdYkw3h0V4WpoRGr0TbhN6pTA2YUmfcyR1javJ6EkpOscKco=w128-h128-c,#e0cfb8,224,207,184,0.6771778,ORANGE,#FF9800,255,152,0,8
EQGn4b3QdyUv7A.jpg,EQGn4b3QdyUv7A,Madonna and Child,Luca Signorelli (Luca d'Egidio di Luca di Ventura),The Metropolitan Museum of Art,/asset/madonna-and-child-luca-signorelli-luca-d-egidio-di-luca-di-ventura/EQGn4b3QdyUv7A,https://lh3.googleusercontent.com/ci/AL18g_S6C05249TTjMj0DcEInZlkAwVuNEnBQ-1dbvUuiGDq8nwoebvkM4Yv8qt-FlOiHEXSf1mHxc8-=w128-h128-c,#e0ceb8,224,206,184,0.9139989,ORANGE,#FF9800,255,152,0,8
5gHG3wG-Qy5sRw.jpg,5gHG3wG-Qy5sRw,Chief Flat Iron-Sioux,Joseph Henry Sharp,Panhandle-Plains Historical Museum,/asset/chief-flat-iron-sioux-joseph-henry-sharp/5gHG3wG-Qy5sRw,https://lh3.googleusercontent.com/ci/AL18g_TyBOHn4fAuj-Xj2XeJsMyR54zc7rjtmmVQlAMzff5y6BU6DnZONP0g4T5038HmrjqY9GYbu1Sa=w128-h128-c,#e0d0b8,224,208,184,0.72786456,ORANGE,#FF9800,255,152,0,8
AAG9Kt3Sr1U2SQ.jpg,AAG9Kt3Sr1U2SQ,The White Kimono,Kenneth Hayes Miller,The Phillips Collection,/asset/the-white-kimono-kenneth-hayes-miller/AAG9Kt3Sr1U2SQ,https://lh3.googleusercontent.com/ci/AL18g_QyCqQUguwqmzWMNJlzFMNxRv9aBUTRO_YJ8OtXxleXOr8xPXVQUYtFJdkjw4zT3ZgTjFLEtpA=w128-h128-c,#e0c8b8,224,200,184,0.837125,ORANGE,#FF9800,255,152,0,8
7AFXqWJNOgIpMg.jpg,7AFXqWJNOgIpMg,The Trinity,"Laurent Girardin (French, 1478)",The Cleveland Museum of Art,/asset/the-trinity-laurent-girardin-french-1478/7AFXqWJNOgIpMg,https://lh3.googleusercontent.com/ci/AL18g_QFfpXIHKS5xkYcyu1bldTWcjCKddr_M8wu5sD1agbpfYjhgrkX0tONMZI-Jrfke6c-lUkElj0=w128-h128-c,#e0d0b8,224,208,184,0.83235294,ORANGE,#FF9800,255,152,0,8
UQEVLbpAwhvNLA.jpg,UQEVLbpAwhvNLA,The Child Pyrrhos imploring King Glaucus for Asylum,Angelica Kauffmann,"Museum of Fine Arts, Budapest",/asset/the-child-pyrrhos-imploring-king-glaucus-for-asylum-angelica-kauffmann/UQEVLbpAwhvNLA,https://lh3.googleusercontent.com/ci/AL18g_TOTnTgoOz0PTKa0zoHpxgpWzIMu4iL6ljt5sv480mvUDYtcWUdQTMnVKpnhzA1rVk8CFyuOFE=w128-h128-c,#e0cfb8,224,207,184,1.3339608,ORANGE,#FF9800,255,152,0,8
BwFdnfTDWndhNA.jpg,BwFdnfTDWndhNA,The Two Majesties (Les Deux Majestés),Jean-Léon Gérôme,Milwaukee Art Museum,/asset/the-two-majesties-les-deux-majestés-jean-léon-gérôme/BwFdnfTDWndhNA,https://lh3.googleusercontent.com/ci/AL18g_T7L4ks9IayJpW7IV87_BB2Uj5cWQMrFnXPby3jsdKCfQZEorL_RF95wchVlKVOIv9clo_CkQ=w128-h128-c,#e0c6b8,224,198,184,1.83675,ORANGE,#FF9800,255,152,0,8
bQGYSkqjaipALQ.jpg,bQGYSkqjaipALQ,Review of the troops by Paul I in Gatchina,Otto Gottlieb Schwarz (1800-1862),Gatchina Palace and Estate Museum,/asset/review-of-the-troops-by-paul-i-in-gatchina-otto-gottlieb-schwarz-1800-1862/bQGYSkqjaipALQ,https://lh3.googleusercontent.com/ci/AL18g_SfT-YVdsAQFWx6wQi6HWN-1vOX7aAQCzpM1yQdWM2w5lt4C0Y6TtZg9lRbNWD8_8xAgDssRok=w128-h128-c,#e0cab8,224,202,184,1.4553192,ORANGE,#FF9800,255,152,0,8
egFNN533pdtbjQ.jpg,egFNN533pdtbjQ,Girl getting out of the bath,Paolo Vetri,"Gallery of Modern Art ""Empedocle Restivo""",/asset/girl-getting-out-of-the-bath-paolo-vetri/egFNN533pdtbjQ,https://lh3.googleusercontent.com/ci/AL18g_Q2p0KkVr8LNoSJKPFTKdwEH7OF2wkCkK0UuNape7nYF4sp7ZT23jAM1gVdvCljyBpdJL3uBAA=w128-h128-c,#e0c8b8,224,200,184,0.73677206,ORANGE,#FF9800,255,152,0,8
eAGTj1BXdH2kug.jpg,eAGTj1BXdH2kug,A Female Allegorical Figure,Giovanni Battista Tiepolo,The Metropolitan Museum of Art,/asset/a-female-allegorical-figure-giovanni-battista-tiepolo/eAGTj1BXdH2kug,https://lh3.googleusercontent.com/ci/AL18g_REUaGlB2cIeQ6j4W1eLmHh8QE7If-LuejZox4_WpzGCD5pUllpl-3cHkAU3JaKBAlcR8awRzYl=w128-h128-c,#e0ceb8,224,206,184,0.79714054,ORANGE,#FF9800,255,152,0,8
bwGdUIf3iACqOA.jpg,bwGdUIf3iACqOA,The Walker,Max Klinger,"Alte Nationalgalerie, Staatliche Museen zu Berlin",/asset/the-walker-max-klinger/bwGdUIf3iACqOA,https://lh3.googleusercontent.com/ci/AL18g_QZTXWS7FX0yOqno1Vln90bvnjQ2CBKzi03CwLHn5n3Q6ZFxsT9GuYfFsAMhSXR16lPiXXZEqA=w128-h128-c,#e0c8b8,224,200,184,2.4,ORANGE,#FF9800,255,152,0,8
QwF4aFun20gnnA.jpg,QwF4aFun20gnnA,"Three Celebrated Ball Players - Choctaw, Sioux and Ojibbeway",George Catlin,"National Gallery of Art, Washington DC",/asset/three-celebrated-ball-players-choctaw-sioux-and-ojibbeway-george-catlin/QwF4aFun20gnnA,https://lh3.googleusercontent.com/ci/AL18g_RBesmlu9ca4Aiu8UMIastbWqbvDHl_oMHooU7R_SNOr4Mh0ghs458-u2dm2gU7nSh3RaEojLZT=w128-h128-c,#e0d0b8,224,208,184,1.3359426,ORANGE,#FF9800,255,152,0,8
0gHuvxScZZmpfA.jpg,0gHuvxScZZmpfA,La Vieille du Pouldu,Paul Sérusier,Musée des Beaux-Arts de Quimper,/asset/la-vieille-du-pouldu-paul-sérusier/0gHuvxScZZmpfA,https://lh3.googleusercontent.com/ci/AL18g_S5zwx4tQ6E-AFNl-m4M0b4nQiLxyxUvrLc3aB5s0Jvg9_0O0jXs8vxR4sMp22CSCotV7PPGeM=w128-h128-c,#e0c8b8,224,200,184,1.275289,ORANGE,#FF9800,255,152,0,8
2gHA7lXFdv09ow.jpg,2gHA7lXFdv09ow,Blossoms,Albert Moore,Tate Britain,/asset/blossoms-albert-moore/2gHA7lXFdv09ow,https://lh3.googleusercontent.com/ci/AL18g_SAZ4wQV0IR5WlS7UaumN-CxfPvpbbSLZy7Ux8C8LqjTi2pw2Q9WyYluP14uXwLhQey6DLxOmU=w128-h128-c,#e0d0b8,224,208,184,0.3105023,ORANGE,#FF9800,255,152,0,8
EAHCpkgtb5jf3g.jpg,EAHCpkgtb5jf3g,La fille aux yeux verts (The Girl with Green Eyes),Henri Matisse,San Francisco Museum of Modern Art (SFMOMA),/asset/la-fille-aux-yeux-verts-the-girl-with-green-eyes-henri-matisse/EAHCpkgtb5jf3g,https://lh3.googleusercontent.com/ci/AL18g_RAFdkfUr6x9MomLwiajbebVBpz1MhqDVO4u0Q7J6_1FgTVFLi4aPh-2AgG9PkZq3Ls2-WGOZU=w128-h128-c,#e0c8b8,224,200,184,0.7689963,ORANGE,#FF9800,255,152,0,8
EwH3W1s5r6OV6A.jpg,EwH3W1s5r6OV6A,Ravana Dressed As A Mendicant Arrives With The Intention Of Abducting Sita,Raja Ravi Varma,Raja Ravi Varma Heritage Foundation,/asset/ravana-dressed-as-a-mendicant-arrives-with-the-intention-of-abducting-sita-raja-ravi-varma/EwH3W1s5r6OV6A,https://lh3.googleusercontent.com/ci/AL18g_S_QArPQFMcPNXKEhVuwSE6j7s40zfyv3CNiwM9F9Kqpd9-K7WHq8aC4gtlEdX1RK9b7moqmC8=w128-h128-c,#e0ceb8,224,206,184,0.71691895,ORANGE,#FF9800,255,152,0,8
8wH2k-7xfErevA.jpg,8wH2k-7xfErevA,Crusaders before Jerusalem,Wilhelm von Kaulbach,The Metropolitan Museum of Art,/asset/crusaders-before-jerusalem-wilhelm-von-kaulbach/8wH2k-7xfErevA,https://lh3.googleusercontent.com/ci/AL18g_RlXQQ-Yae-gBj0bdMJiSSgzIWWw39_NuKJ7wr4c2CSpEk8MJqiWsXegHHTyyMs78lAqu6MJLA=w128-h128-c,#e0ceb8,224,206,184,1.1890607,ORANGE,#FF9800,255,152,0,8
7QGqlwJFbeuPQg.jpg,7QGqlwJFbeuPQg,"Burning of Old South Church, Bath, Maine",John Hilling,"National Gallery of Art, Washington DC",/asset/burning-of-old-south-church-bath-maine-john-hilling/7QGqlwJFbeuPQg,https://lh3.googleusercontent.com/ci/AL18g_SEhyo5Z-a-Na2FTCcOsBo664m2o3R_jLKpCTI0TaXcqhFEmE_tiPLVTR3PkBjpm4CiBBInyUA=w128-h128-c,#e0ceb8,224,206,184,1.3544973,ORANGE,#FF9800,255,152,0,8
xQH1TizU34n-uA.jpg,xQH1TizU34n-uA,Interior. Brøndum's annex,Anna Ancher,Skagens Museum,/asset/interior-brøndum-s-annex-anna-ancher/xQH1TizU34n-uA,https://lh3.googleusercontent.com/ci/AL18g_TfLzDkjpvl7xuz51Qgi5cfmQkwW2dKT9GcjhfsWu2_PMxCufPAEE07XhSZC8jciGMg2x1AExc=w128-h128-c,#e0d0b8,224,208,184,0.85421747,ORANGE,#FF9800,255,152,0,8
egFeeU7qs0bILQ.jpg,egFeeU7qs0bILQ,Monsieur Deleu,Amedeo Modigliani,"National Gallery of Art, Washington DC",/asset/monsieur-deleu-amedeo-modigliani/egFeeU7qs0bILQ,https://lh3.googleusercontent.com/ci/AL18g_Q9TIauARSQwXVsn_FC9i6kG_K7EAAUG6JMsp-bKeC38WdLbQHDyeE0qGojRfqdUYLYp8m0jw=w128-h128-c,#e0d0b8,224,208,184,0.5617676,ORANGE,#FF9800,255,152,0,8
VAE1f25fvwTxnw.jpg,VAE1f25fvwTxnw,Untitled (Portrait of a Young Woman in Russet and Crimson Sari),Raja Ravi Varma,Raja Ravi Varma Heritage Foundation,/asset/untitled-portrait-of-a-young-woman-in-russet-and-crimson-sari-raja-ravi-varma/VAE1f25fvwTxnw,https://lh3.googleusercontent.com/ci/AL18g_QeNAYmlA9shu9F-afK2KVvIIC5X17GBCWsIJ-FGU1uROVVV0cyk-UOiqUxB4QnMOFjjTLV_W4=w128-h128-c,#e0cfb8,224,207,184,0.67783505,ORANGE,#FF9800,255,152,0,8
bwFUwn2Et3dOjQ.jpg,bwFUwn2Et3dOjQ,Self Portrait in a Group of Friend,Francesco Hayez,Museo Poldi Pezzoli,/asset/self-portrait-in-a-group-of-friend-francesco-hayez/bwFUwn2Et3dOjQ,https://lh3.googleusercontent.com/ci/AL18g_Su-fObo70uMHiI8BVBOapPAlvrJMb3Y6XUtSJEtv2FM-xNbHT1Y6Tr1ZNjX6LOk8OjrSDxE_4=w128-h128-c,#e0d0b8,224,208,184,0.9124,ORANGE,#FF9800,255,152,0,8
dgHbTi9mYN05GA.jpg,dgHbTi9mYN05GA,Gesù consegna le chiavi a San Pietro,Lorenzo Veneziano,Museo Correr,/asset/gesù-consegna-le-chiavi-a-san-pietro-lorenzo-veneziano/dgHbTi9mYN05GA,https://lh3.googleusercontent.com/ci/AL18g_TU2MwAtHxSDJ_NUYN0QXFuBroudW8KyiO-okXhgeZA4MrjnzgkJYj65df9OTQA8iMpGMY5224=w128-h128-c,#e0d0b8,224,208,184,0.6370224,ORANGE,#FF9800,255,152,0,8
igHu-P0cPZ6inw.jpg,igHu-P0cPZ6inw,Portrait of a Lady with a Book,Vittore Carpaccio,Denver Art Museum,/asset/portrait-of-a-lady-with-a-book-vittore-carpaccio/igHu-P0cPZ6inw,https://lh3.googleusercontent.com/ci/AL18g_QydeF8ZtEKvPB5nL4fJkLZl6heYpcv64MEg6_cR2OQTzxFA9ZlHXfAB07iyhyh_50Uz6qRTcQ=w128-h128-c,#e0cab8,224,202,184,0.75132275,ORANGE,#FF9800,255,152,0,8
VAG-zLzVtzeflw.jpg,VAG-zLzVtzeflw,Pan,Phoebe Anna Traquair,National Galleries Scotland: National,/asset/pan-phoebe-anna-traquair/VAG-zLzVtzeflw,https://lh3.googleusercontent.com/ci/AL18g_SeoEV3JLHD5h8WAelZ_GasFeuzIixxjxmRuBsbAbVPcHaCnKIfOZY4FL6MwvXvqLvxgdMMJYc=w128-h128-c,#e0ceb8,224,206,184,0.472,ORANGE,#FF9800,255,152,0,8
gwFlMSrFl_iJoA.jpg,gwFlMSrFl_iJoA,Still Life with Watermelons,Frida Kahlo,Museo de Arte Moderno de México (MAM),/asset/still-life-with-watermelons-frida-kahlo/gwFlMSrFl_iJoA,https://lh3.googleusercontent.com/ci/AL18g_TN7h5xRe0zjmzCe-Wi18cn8Bpk_kcK91O4WTfuMlzfWFJuDilr14C1bP4Z3X91uxGhIHV9rsU=w128-h128-c,#e0d2b8,224,210,184,1.5163112,ORANGE,#FF9800,255,152,0,8
MAF4nCjVDB3Ezg.jpg,MAF4nCjVDB3Ezg,Allegory of Prudence,Simon Vouet,Palace of Versailles,/asset/allegory-of-prudence-simon-vouet/MAF4nCjVDB3Ezg,https://lh3.googleusercontent.com/ci/AL18g_StpBOarvifZhfVd0CenvdysCT9jMB34DB5Y890n1vxsIiBlb49i8UhGW6QwD2tUNuWU0OyLQ=w128-h128-c,#e0ceb8,224,206,184,1.3149414,ORANGE,#FF9800,255,152,0,8
gQFCfaM-kY9MOA.jpg,gQFCfaM-kY9MOA,Eagle Dance,Tonita Pena (1893-1949),National Cowboy & Western Heritage Museum,/asset/eagle-dance-tonita-pena-1893-1949/gQFCfaM-kY9MOA,https://lh3.googleusercontent.com/ci/AL18g_SGz5jMqdur6o6xmvMTr8jIx7E_LWlwfw3DtLQoKF0hBJ4KsQ-QNW54suphP_a25NPjCE-zRY4=w128-h128-c,#e0d0b8,224,208,184,1.6799031,ORANGE,#FF9800,255,152,0,8
7AH1XJvqOBwSXQ.jpg,7AH1XJvqOBwSXQ,The Queen of Sheba before Solomon,Konrad Witz,"Gemäldegalerie, Staatliche Museen zu Berlin",/asset/the-queen-of-sheba-before-solomon-konrad-witz/7AH1XJvqOBwSXQ,https://lh3.googleusercontent.com/ci/AL18g_Sb2S3OvTEDMRmqZTxdD08Ls8w5Bf8SKQT9-nizGzwHL2lwY5mTf3c5EF1vBGxcOF_uTXWwXyY=w128-h128-c,#e0d0b8,224,208,184,0.9286262,ORANGE,#FF9800,255,152,0,8
MgFzL-6Upzuh6Q.jpg,MgFzL-6Upzuh6Q,Boy at the Spring (The Spring),Albin Egger-Lienz,Leopold Museum,/asset/boy-at-the-spring-the-spring-albin-egger-lienz/MgFzL-6Upzuh6Q,https://lh3.googleusercontent.com/ci/AL18g_R8rTRDKFwN4_mN6Dcfi-1BGWx5BHWwX01hsL7GtevusrmmW2DlBPv1iqUySgSynbjbDPH2lP0_=w128-h128-c,#e0c8b8,224,200,184,1.4951923,ORANGE,#FF9800,255,152,0,8
cgEWWFA1kuUTkQ.jpg,cgEWWFA1kuUTkQ,Coleadero,Ernesto Icaza Sánchez,Museo Soumaya.Fundación Carlos Slim,/asset/coleadero-ernesto-icaza-sánchez/cgEWWFA1kuUTkQ,https://lh3.googleusercontent.com/ci/AL18g_TgibDRLsN6g1KcOkjeyw3fCjcJp76ZjkuiJ7FiBf2gJcjBa8x2gpxw2Bbh6Q-Bsi8QJX81aAw=w128-h128-c,#e0cab8,224,202,184,1.5323899,ORANGE,#FF9800,255,152,0,8
rQEMba9jB6XNzA.jpg,rQEMba9jB6XNzA,The Golden Hour,Thomas Moran,Blanton Museum of Art,/asset/the-golden-hour-thomas-moran/rQEMba9jB6XNzA,https://lh3.googleusercontent.com/ci/AL18g_SKJtaa4tal5jlkVIsYdhIAcIcz5RM2lvTllZaDugmvwPtMnM9KPadvRXi979WnpqLEqgDcm0g=w128-h128-c,#e0c8b8,224,200,184,1.459854,ORANGE,#FF9800,255,152,0,8
NwHtoNGh8pCAUQ.jpg,NwHtoNGh8pCAUQ,Madonna and Child,"Gherardo Starnina (Italian, c. 1360–before 1413)",The Cleveland Museum of Art,/asset/madonna-and-child-gherardo-starnina-italian-c-1360–before-1413/NwHtoNGh8pCAUQ,https://lh3.googleusercontent.com/ci/AL18g_TsmaW7yxtVR1SbKSDH3cn95HZllBGKwqFLm-VAbt3_MNaQSuo7e_eJyH1pcCcKx9vwCH0x0xs=w128-h128-c,#e0d0b8,224,208,184,0.60764706,ORANGE,#FF9800,255,152,0,8
ugFGcSh7jvWCvg.jpg,ugFGcSh7jvWCvg,Azotea Gaditana,José Pérez Siguimboscum,Museo de Cádiz,/asset/azotea-gaditana-josé-pérez-siguimboscum/ugFGcSh7jvWCvg,https://lh3.googleusercontent.com/ci/AL18g_SC6F3Qis9Mm3KaNOZLfABKvvugtiqSHF67AJyDNKSvcJQMnRAAP0ge2kRdpIYdvmfxvqVsNQ=w128-h128-c,#e0ceb8,224,206,184,0.67667437,ORANGE,#FF9800,255,152,0,8
IwFars9rMJclYw.jpg,IwFars9rMJclYw,The Apotheosis of Saint Charles Borromeo,Rottmayr Johann Michael (1654–1730),DomQuartier Salzburg | Residenzgalerie Salzburg,/asset/the-apotheosis-of-saint-charles-borromeo-rottmayr-johann-michael-1654–1730/IwFars9rMJclYw,https://lh3.googleusercontent.com/ci/AL18g_TuSZ7HZPPBGkZkoOQ2Lqq3NZmH1q94uErIKynRZGvEOmX_MDN2xam9dJgZFqgdGkrXmp-QNF4=w128-h128-c,#e0ceb8,224,206,184,0.43266043,ORANGE,#FF9800,255,152,0,8
1gEqUPhGQQtKWw.jpg,1gEqUPhGQQtKWw,The Blue Coffee Pot,Émile Bernard,Kunsthalle Bremen,/asset/the-blue-coffee-pot-Émile-bernard/1gEqUPhGQQtKWw,https://lh3.googleusercontent.com/ci/AL18g_TAK59matrYTUJBj3EytB9Y9U8EOlZQRvckBR2-qnURx45A3dzHQvu1DbPb_cMDk2_KfLqyQg=w128-h128-c,#e0ceb8,224,206,184,0.8252222,ORANGE,#FF9800,255,152,0,8
vAHN8qGabTXIMw.jpg,vAHN8qGabTXIMw,"Pawneepict Chief, Two Daughters, and a Warrior",George Catlin,"National Gallery of Art, Washington DC",/asset/pawneepict-chief-two-daughters-and-a-warrior-george-catlin/vAHN8qGabTXIMw,https://lh3.googleusercontent.com/ci/AL18g_RlMmy2G_g2ZN_bn_Uox1cKzD-ZQ1M5FGJNGcFqfF5H5PEQDxxhNcC9cD5Bw-GL6FyYpD4N2A=w128-h128-c,#e0d0b8,224,208,184,1.266543,ORANGE,#FF9800,255,152,0,8
5QG2Fm_LGUWAHA.jpg,5QG2Fm_LGUWAHA,"Composition with Red, Blue and Yellow",Piet Mondrian,Kunsthaus Zürich,/asset/composition-with-red-blue-and-yellow-piet-mondrian/5QG2Fm_LGUWAHA,https://lh3.googleusercontent.com/ci/AL18g_SC14b4skn2dmV4QTAA2EWuZXgESHUToxUDfoFCkkPv3bsN84sDKXYw0CYjMO_YOgh7u2bo0T4=w128-h128-c,#e0b8b8,224,184,184,0.998,RED,#D50000,213,0,0,9
SwHq47XAgCz28Q.jpg,SwHq47XAgCz28Q,Parson Weems' Fable,Grant Wood,Amon Carter Museum of American Art,/asset/parson-weems-fable-grant-wood/SwHq47XAgCz28Q,https://lh3.googleusercontent.com/ci/AL18g_Q95kA7ZhiLK4AN8Fg5Psr0QfB3gIwMFU7Ta_AJlS2Px7dBDhN2LOdITqelO_qio6wnYS_b_A0a=w128-h128-c,#e0bfb8,224,191,184,1.2703757,RED,#D50000,213,0,0,9
tAEz2XlPWdJliw.jpg,tAEz2XlPWdJliw,The Veteran in a New Field,Winslow Homer,The Metropolitan Museum of Art,/asset/the-veteran-in-a-new-field-winslow-homer/tAEz2XlPWdJliw,https://lh3.googleusercontent.com/ci/AL18g_Rwqi5TUhoy6ZNSWFEtQz95ok-EFzLrUIsGo_yZ_2w1kRPYmMLp6-nteF6NPpPKtBijMfeR9dA=w128-h128-c,#e0b8b8,224,184,184,1.5779874,RED,#D50000,213,0,0,9
TQE_WxQuF0sJPw.jpg,TQE_WxQuF0sJPw,Stańczyk [The Jester],Leon Wyczółkowski,The National Museum in Krakow,/asset/stańczyk-the-jester-leon-wyczółkowski/TQE_WxQuF0sJPw,https://lh3.googleusercontent.com/ci/AL18g_Qm-xsXtTPe7v6WufQqEvTHDsxx4fJ4qNJK4FSeBW0_vKUCWZZq0td5vYbTaUMZxa-UsaL-C04=w128-h128-c,#dfb9c6,223,185,198,1.4113655,RED,#D50000,213,0,0,9
8wGaGSond6R9CQ.jpg,8wGaGSond6R9CQ,A Lady in Her Bath,François Clouet,"National Gallery of Art, Washington DC",/asset/a-lady-in-her-bath-françois-clouet/8wGaGSond6R9CQ,https://lh3.googleusercontent.com/ci/AL18g_QIy5ErP-8Rkj0m8eXOh4IzkqmxJi-SUL5zA6I3EKOM3UGHMmMeY7O7XweFjihvwJo46GvEwZo=w128-h128-c,#e0b8b8,224,184,184,0.8811189,RED,#D50000,213,0,0,9
UQHCCGCXto1o4A.jpg,UQHCCGCXto1o4A,Her Highness Janaki Subamma Bai Sahib of Pudukkottai,Raja Ravi Varma,Raja Ravi Varma Heritage Foundation,/asset/her-highness-janaki-subamma-bai-sahib-of-pudukkottai-raja-ravi-varma/UQHCCGCXto1o4A,https://lh3.googleusercontent.com/ci/AL18g_TykvmoHDk6-idmN6_k_PdaEUq82Z-GSdVworWYmcf8ZYTtDNeDuPUOKhwlTMC8wU5p-xphZg=w128-h128-c,#e0c2b8,224,194,184,0.7624703,RED,#D50000,213,0,0,9
NgEcYNri9WW1Qg.jpg,NgEcYNri9WW1Qg,A Tamil Lady,Raja Ravi Varma,Raja Ravi Varma Heritage Foundation,/asset/a-tamil-lady-raja-ravi-varma/NgEcYNri9WW1Qg,https://lh3.googleusercontent.com/ci/AL18g_TVyU8JTwNdwQOPZsuznsXGfAkhnpes2vp0A5goSQU7wxoGkDj8O00dJgZUlVqRKFn_xD2eH-k=w128-h128-c,#e0c2b8,224,194,184,0.74626005,RED,#D50000,213,0,0,9
8AH7A_3QZ94aPg.jpg,8AH7A_3QZ94aPg,"HH Sri Janaki Subbamma Bai Sahib, Rani of Pudukkottai",Raja Ravi Varma,Raja Ravi Varma Heritage Foundation,/asset/hh-sri-janaki-subbamma-bai-sahib-rani-of-pudukkottai-raja-ravi-varma/8AH7A_3QZ94aPg,https://lh3.googleusercontent.com/ci/AL18g_QhxcfTxWPQPo1Vd016vAEyFL_GnIGoB_VBsjMCgf6BHm3vNZh1kfqWxSgwQabOEZBqyHJ_W9A=w128-h128-c,#e0b8b8,224,184,184,0.76346606,RED,#D50000,213,0,0,9
dAH2wHiNta1Low.jpg,dAH2wHiNta1Low,Queen Eleanor and the Fair Rosamund,Evelyn De Morgan,De Morgan Collection,/asset/queen-eleanor-and-the-fair-rosamund-evelyn-de-morgan/dAH2wHiNta1Low,https://lh3.googleusercontent.com/ci/AL18g_ShnY9KkI5xakQSkFhlzMVhhf5jRvqdaj4czxFGkWebtbUCbz8kSVThdBbNRrALXJF--kDk-Q=w128-h128-c,#e0b8b8,224,184,184,0.87871605,RED,#D50000,213,0,0,9
dwHWY4z9brre1w.jpg,dwHWY4z9brre1w,The Musician's Table,Juan Gris,Museo Reina Sofia,/asset/the-musician-s-table-juan-gris/dwHWY4z9brre1w,https://lh3.googleusercontent.com/ci/AL18g_SwsED665lb93O7oZ35YhTQfMooa9NVUA-nWPLiYZ_CLvC5b18zsBsvfB4Gt5Y8kE7nlhvybLw=w128-h128-c,#e0bfb8,224,191,184,1.228145,RED,#D50000,213,0,0,9
UgGlchBfaSf7hA.jpg,UgGlchBfaSf7hA,Portrait of Marguerite of Navarre,Jean Clouet (Attributed),"Walker Art Gallery, Liverpool",/asset/portrait-of-marguerite-of-navarre-jean-clouet-attributed/UgGlchBfaSf7hA,https://lh3.googleusercontent.com/ci/AL18g_RmFmeL2hV5DjIITqRPk2OH5CuONMEIhoeFkgl7II85SGh6QoR9A3BoiLrcSFNnHj9im1K-ng=w128-h128-c,#e0beb8,224,190,184,0.84559536,RED,#D50000,213,0,0,9
FQHBWsJ40XPjLg.jpg,FQHBWsJ40XPjLg,Miss Mary Edwards,William Hogarth,The Frick Collection,/asset/miss-mary-edwards-william-hogarth/FQHBWsJ40XPjLg,https://lh3.googleusercontent.com/ci/AL18g_SU5hARP05rP5qeUMwLxcIWO6n_730dHNFYbA7FLDqh9ai3ve1LyUxlvTcLadBnJ9-mGiKwz2VC=w128-h128-c,#e0bfb8,224,191,184,0.80690235,RED,#D50000,213,0,0,9
fgGYFrGD2c5Etg.jpg,fgGYFrGD2c5Etg,Edward VI as a Child,Hans Holbein the Younger,"National Gallery of Art, Washington DC",/asset/edward-vi-as-a-child-hans-holbein-the-younger/fgGYFrGD2c5Etg,https://lh3.googleusercontent.com/ci/AL18g_Qx6aKwqo8G7fZnzw5R1KE3KkrVAHPFXY20gwD8BHXbQce0eJ6a8hdRSckBKJRxMvclVQhcnOI=w128-h128-c,#e0b8b8,224,184,184,0.77041566,RED,#D50000,213,0,0,9
wQGOTSgUCEE06w.jpg,wQGOTSgUCEE06w,Girl with Ranunculus,Theo van Doesburg,Centraal Museum,/asset/girl-with-ranunculus-theo-van-doesburg/wQGOTSgUCEE06w,https://lh3.googleusercontent.com/ci/AL18g_S9blsa1htc5yP-eZ3q2LkBemZMxz8dpdVsFeIaXfFJIKx3MW2I5nAwf4PdKMT9YjPNdQRUqRxF=w128-h128-c,#e0b8b8,224,184,184,0.99594206,RED,#D50000,213,0,0,9
FwGUU4gyTQb5Xg.jpg,FwGUU4gyTQb5Xg,Giuliano de'Medici (1453-1478),Sandro Botticelli,"Gemäldegalerie, Staatliche Museen zu Berlin",/asset/giuliano-de-medici-1453-1478-sandro-botticelli/FwGUU4gyTQb5Xg,https://lh3.googleusercontent.com/ci/AL18g_RDsezG9uQnwtoRxmJqyrji23gEIE4ESqgB8gJoAZ-Qw4JRUusDWlR4GxdYLgVT_qUIsfAkCVY=w128-h128-c,#e0b8b8,224,184,184,0.60828316,RED,#D50000,213,0,0,9
pQH3UO0q2KyUmQ.jpg,pQH3UO0q2KyUmQ,Study of Lilia,Carolus-Duran,"National Gallery of Art, Washington DC",/asset/study-of-lilia-carolus-duran/pQH3UO0q2KyUmQ,https://lh3.googleusercontent.com/ci/AL18g_T0C8kuujE_rHJThgide25HJxL3HmqQDpuUe1v7tqF5zcy0zqYKcxi0auvUedMtF6qVV_6MHix3=w128-h128-c,#e0c2b8,224,194,184,0.8286133,RED,#D50000,213,0,0,9
JwGDYsj2N2gl3w.jpg,JwGDYsj2N2gl3w,Saint Jerome in His Study,Jan van Eyck,Detroit Institute of Arts,/asset/saint-jerome-in-his-study-jan-van-eyck/JwGDYsj2N2gl3w,https://lh3.googleusercontent.com/ci/AL18g_Tys8xy5B3jhL5Dj6G9T4UaZVUkYS1UXdeFMDUElsPjeo6ThVOMO7Tk14Sw86j1czrYSe4O74fZ=w128-h128-c,#e0c2b8,224,194,184,0.6248148,RED,#D50000,213,0,0,9
6AF2UetLe5bmSw.jpg,6AF2UetLe5bmSw,Weeping Nude,Edvard Munch,MUNCH,/asset/weeping-nude-edvard-munch/6AF2UetLe5bmSw,https://lh3.googleusercontent.com/ci/AL18g_R5VTwJ2GjgcZv0wkq5f8856__c-d5EC8oEH6LpCaZr7I5CwF_0LEKHbmA65pj2KJZW6oUIjjSo=w128-h128-c,#e0b8b8,224,184,184,1.2229618,RED,#D50000,213,0,0,9
TgFEdjxup-BPNA.jpg,TgFEdjxup-BPNA,"Indian Prince, Palace of Agra",Edwin Lord Weeks,Berkshire Museum,/asset/indian-prince-palace-of-agra-edwin-lord-weeks/TgFEdjxup-BPNA,https://lh3.googleusercontent.com/ci/AL18g_S1GFRvYJTuguwL3_cwstCh1DwuwTQgnL2ya894vgKzhnbP_3-oSX3HQIe_HNZw07uc7AetGg=w128-h128-c,#e0b8b8,224,184,184,0.8273214,RED,#D50000,213,0,0,9
RAHM6zK5_UkygQ.jpg,RAHM6zK5_UkygQ,Leipziger Straße with Electric Tram,Ernst Ludwig Kirchner,Museum Folkwang,/asset/leipziger-straße-with-electric-tram-ernst-ludwig-kirchner/RAHM6zK5_UkygQ,https://lh3.googleusercontent.com/ci/AL18g_TYIVbgG_TamHVvhnviIx3G3A88K-3Vw_BHpricl8jxikKi3iKsUn3v_q8mHyymj3AeyUAUy04=w128-h128-c,#e0bbb8,224,187,184,1.1436414,RED,#D50000,213,0,0,9
iwGflsofsz8QWw.jpg,iwGflsofsz8QWw,Eqyptian drink vendor,Arthur STREETON,National Gallery of Australia,/asset/eqyptian-drink-vendor-arthur-streeton/iwGflsofsz8QWw,https://lh3.googleusercontent.com/ci/AL18g_Q78MT7fCsS0CAn95XPiUzVPH0NTbXWtSu5JfePRjkz4vsPGsw7Ju7EfjUSXBM6OaI6HSbm=w128-h128-c,#e0b8b8,224,184,184,0.51004636,RED,#D50000,213,0,0,9
3wE7F_o9BSpGzQ.jpg,3wE7F_o9BSpGzQ,"Young Girl with a Flowered Hat, 1910",Alexei Jawlensky,Albertina Museum,/asset/young-girl-with-a-flowered-hat-1910-alexei-jawlensky/3wE7F_o9BSpGzQ,https://lh3.googleusercontent.com/ci/AL18g_Qwh2LiC19NVINwBQZ5-B5_LnCQyH7oXLxs_kc_F9Ad8akbDU0a7M08d2tKEFJYC2jYUs4kleM=w128-h128-c,#e0bbb8,224,187,184,0.72386056,RED,#D50000,213,0,0,9
iAHnDe4cMh1SaQ.jpg,iAHnDe4cMh1SaQ,The Virgin Reading,Vittore Carpaccio,"National Gallery of Art, Washington DC",/asset/the-virgin-reading-vittore-carpaccio/iAHnDe4cMh1SaQ,https://lh3.googleusercontent.com/ci/AL18g_RV8v0DIlLK9tHy4o9lY5TYH2NYe0pW8ggrIVP4O13W3XSQgsj5GfjY0BPSNsSzWH1SzdT1KA=w128-h128-c,#e0c2b8,224,194,184,0.6489258,RED,#D50000,213,0,0,9
vgFJccXGWrwF5A.jpg,vgFJccXGWrwF5A,Untitled (Tilottama),Raja Ravi Varma,Raja Ravi Varma Heritage Foundation,/asset/untitled-tilottama-raja-ravi-varma/vgFJccXGWrwF5A,https://lh3.googleusercontent.com/ci/AL18g_SQZ8vv-g0uyF_p6w_2f_in7Cg2MEHVuBz1jIJ8u_PICFEJLMeRSeCOe4CqqnZ6vG5zfyfk=w128-h128-c,#e0b8c0,224,184,192,0.6769042,RED,#D50000,213,0,0,9
sQFZ3hXwv3VeSA.jpg,sQFZ3hXwv3VeSA,Portrait of Thérésa Tallien,Jean-Bernard Duvivier,Sound and Music,/asset/portrait-of-thérésa-tallien-jean-bernard-duvivier/sQFZ3hXwv3VeSA,https://lh3.googleusercontent.com/ci/AL18g_T45V3QXpJ-9iLmP57fHC7izMx8FovPl6hIw_-P5gJQSTj0uJP4rrJvlz_Jm-h5Z_A5OG-yqg=w128-h128-c,#e0b8b8,224,184,184,0.73502606,RED,#D50000,213,0,0,9
UQFRecAOQw89pg.jpg,UQFRecAOQw89pg,Interior with Nude Woman and Man,Ernst Ludwig Kirchner,National Galleries Scotland: Modern,/asset/interior-with-nude-woman-and-man-ernst-ludwig-kirchner/UQFRecAOQw89pg,https://lh3.googleusercontent.com/ci/AL18g_TXt6W8-rnMNrk_WNGh74vKaR-6nshfmiUooLuldavoziC_yJE4oikjwQLPOTiWQHfzw26a=w128-h128-c,#e0bbb8,224,187,184,0.90034723,RED,#D50000,213,0,0,9
rgG6ACSeQJSwlQ.jpg,rgG6ACSeQJSwlQ,Ruben M. Campos's Portrait,Julio Ruelas,Colección Blaisten,/asset/ruben-m-campos-s-portrait-julio-ruelas/rgG6ACSeQJSwlQ,https://lh3.googleusercontent.com/ci/AL18g_TTwKRBAl-hJlraeBFe26jY00Y2Kz_sbwSpRAodkND4D0zki97bWMfAQv9JIE__gwhYgD2Tjg=w128-h128-c,#e0b8b8,224,184,184,0.7703958,RED,#D50000,213,0,0,9
pAH6lh2kJExYSQ.jpg,pAH6lh2kJExYSQ,Saint Catherine,Lorenzo Lotto,"National Gallery of Art, Washington DC",/asset/saint-catherine-lorenzo-lotto/pAH6lh2kJExYSQ,https://lh3.googleusercontent.com/ci/AL18g_RMXofys5rVwBkDbFf42X6K9eMom-U0dB4_uKqKIcxBeyEhn-kQMz31tHCTQAXPLH3P6rHjJqw=w128-h128-c,#e0b8b8,224,184,184,0.89501953,RED,#D50000,213,0,0,9
agHCfQmzQmTC4A.jpg,agHCfQmzQmTC4A,Christ Giving the Keys of Heaven to Saint Peter,Peter Paul Rubens,"Gemäldegalerie, Staatliche Museen zu Berlin",/asset/christ-giving-the-keys-of-heaven-to-saint-peter-peter-paul-rubens/agHCfQmzQmTC4A,https://lh3.googleusercontent.com/ci/AL18g_Rlo_ClnP2P8aVS26r78CARYfkaDLJtbhQg9FvA65Y8zcusbzc45P1txCtD8cdU7soqWcihrK4=w128-h128-c,#e0c2b8,224,194,184,0.8507625,RED,#D50000,213,0,0,9
VwFkT2NrPAuAlQ.jpg,VwFkT2NrPAuAlQ,Girl with Pigtails,Amedeo Modigliani,Nagoya City Art Museum,/asset/girl-with-pigtails-amedeo-modigliani/VwFkT2NrPAuAlQ,https://lh3.googleusercontent.com/ci/AL18g_QjQIgqdxfJqF8FGiwSyvpbOkAgNKkwDmW8bsVUA1bwEK6isrfCsUApyNQKSSkEP9zAkdbPfPs=w128-h128-c,#dfbab9,223,186,185,0.74761045,RED,#D50000,213,0,0,9
IgEZG9fxg5ypUA.jpg,IgEZG9fxg5ypUA,John Hancock (1737–1793),John Singleton Copley,The White House,/asset/john-hancock-1737–1793-john-singleton-copley/IgEZG9fxg5ypUA,https://lh3.googleusercontent.com/ci/AL18g_QPyCfrXFfa-Mqk7c3Nyi9BB_Rk8UviRYwQXn-Rv30qyd7Qxrpx6VlOb00uO0r2h5k1P1u7oF6q=w128-h128-c,#e0b8b8,224,184,184,0.6666667,RED,#D50000,213,0,0,9
SwFA55WGhCH39Q.jpg,SwFA55WGhCH39Q,Joseph and Potiphars wife,Orazio Gentileschi,"Royal Collection Trust, UK",/asset/joseph-and-potiphars-wife-orazio-gentileschi/SwFA55WGhCH39Q,https://lh3.googleusercontent.com/ci/AL18g_QJCiA_2LE1G6uWf56tN9RAKW4sn9xHq4bitVVPFBmf8Iep73U8MMNmBuN7SCdcgKfG4qIjOds=w128-h128-c,#e0b8b8,224,184,184,1.2792419,RED,#D50000,213,0,0,9
lQFiF6ncmU47OA.jpg,lQFiF6ncmU47OA,Three Old Women,Jēkabs Kazaks,Latvian National Museum of Art,/asset/three-old-women-jēkabs-kazaks/lQFiF6ncmU47OA,https://lh3.googleusercontent.com/ci/AL18g_TwgvE5_2HCONGFqKLu7vb1Yji30m0IccrIJu5lzvPZMBLlzV8b3VDe3QCux7x9oGMjHYEp6A0=w128-h128-c,#e0b8b8,224,184,184,1.1795,RED,#D50000,213,0,0,9
KgGbH4lILi-Drg.jpg,KgGbH4lILi-Drg,Saint Anne with the Virgin and the Christ Child,Master of Frankfurt,"National Gallery of Art, Washington DC",/asset/saint-anne-with-the-virgin-and-the-christ-child-master-of-frankfurt/KgGbH4lILi-Drg,https://lh3.googleusercontent.com/ci/AL18g_Q05NkmyKtMZTn8U4AaErVDbpPwm7KMSfOvjl4KAKu6oO5paIkWC9ilyvSvgc_Q9J0aoQI55A=w128-h128-c,#e0b8b8,224,184,184,0.7734375,RED,#D50000,213,0,0,9
FwHpG_vUYlhevA.jpg,FwHpG_vUYlhevA,Allegory of Mexico,José Clemente Orozco,Colección Blaisten,/asset/allegory-of-mexico-josé-clemente-orozco/FwHpG_vUYlhevA,https://lh3.googleusercontent.com/ci/AL18g_QNilTmts1vgCNbIzNx2N4Ve0-Pqu7CM43wpcKUHh0idT7MchslR-SlkFTq6894Vr6ADovTN-67=w128-h128-c,#e0b8b8,224,184,184,1.5372806,RED,#D50000,213,0,0,9
IwEWzVRlkD1KYQ.jpg,IwEWzVRlkD1KYQ,Mercury,Evelyn De Morgan,De Morgan Collection,/asset/mercury-evelyn-de-morgan/IwEWzVRlkD1KYQ,https://lh3.googleusercontent.com/ci/AL18g_RNY7NzRfOEN1Pvz1Q7lcX7qFnvZOqpbHknP2KOj04tah9mw9IuzlpZzxIkixno6y8d6Ztqu6Q=w128-h128-c,#e0b8b8,224,184,184,0.63197434,RED,#D50000,213,0,0,9
owHnVbvchYuj2g.jpg,owHnVbvchYuj2g,Toilette of Venus,"Simon Vouet (French, b.1590, d.1649)",Cincinnati Art Museum,/asset/toilette-of-venus-simon-vouet-french-b-1590-d-1649/owHnVbvchYuj2g,https://lh3.googleusercontent.com/ci/AL18g_SKTBQKGTUppJO7ddqttIlBrGtc0vF_Pf7HnIhiOjE3jqQPWmrCEK-x1p7ci9jRbWOVNHaQsEk=w128-h128-c,#e0b9b8,224,185,184,0.82682925,RED,#D50000,213,0,0,9
jAGcxFFmzqdeNg.jpg,jAGcxFFmzqdeNg,Portrait of a Girl (Erdmute Esche),Edvard Munch,Kunsthaus Zürich,/asset/portrait-of-a-girl-erdmute-esche-edvard-munch/jAGcxFFmzqdeNg,https://lh3.googleusercontent.com/ci/AL18g_SEHG5UrUyp5zMLCeH7iGNXpzkSsM6bJlY1wtu3d5ufga_PpyGu6Uyd2e0iz5oD85ZV6tSqCmo=w128-h128-c,#e0beb8,224,190,184,0.77633333,RED,#D50000,213,0,0,9
VwHAmWQRzk8iow.jpg,VwHAmWQRzk8iow,Portrait of Agostino Pallavicini,Anthony van Dyck,The J. Paul Getty Museum,/asset/portrait-of-agostino-pallavicini-anthony-van-dyck/VwHAmWQRzk8iow,https://lh3.googleusercontent.com/ci/AL18g_TSLD90R7ypmFxVho05GCdflR11c6_tPo6NZIQslTOBoglZ7vpdqAuREpdPED0NdHCp0YIUEb0=w128-h128-c,#e0bfb8,224,191,184,0.6476313,RED,#D50000,213,0,0,9
8AFLHP3kRiXBlA.jpg,8AFLHP3kRiXBlA,"Leaping Dancer, Gret Palucca",Ernst Ludwig Kirchner,Museum Folkwang,/asset/leaping-dancer-gret-palucca-ernst-ludwig-kirchner/8AFLHP3kRiXBlA,https://lh3.googleusercontent.com/ci/AL18g_RbZEBy9LtBy-jJ2iJu0q-znbuM6eUC0IOp7LkMeRClfLIB8JiWb9lG39GutR6ZJPo_PfdfyDk=w128-h128-c,#e0b8b8,224,184,184,0.7977026,RED,#D50000,213,0,0,9
lAFimTbbq1no5Q.jpg,lAFimTbbq1no5Q,Berlin Abstraction,Marsden Hartley,"National Gallery of Art, Washington DC",/asset/berlin-abstraction-marsden-hartley/lAFimTbbq1no5Q,https://lh3.googleusercontent.com/ci/AL18g_SxXyBg5P4jdVheua7tUyMD4B0DpTAiawcDQkPoUBC_YMrTjyCw2Tl4epzUCucKH_rDPIuitfM=w128-h128-c,#e0c2b8,224,194,184,0.79675,RED,#D50000,213,0,0,9
dgFaNSl3VRBJ-g.jpg,dgFaNSl3VRBJ-g,Portrait of Saint Charles Borromeo,Giovanni Ambrogio Figino,Veneranda Biblioteca Ambrosiana,/asset/portrait-of-saint-charles-borromeo-giovanni-ambrogio-figino/dgFaNSl3VRBJ-g,https://lh3.googleusercontent.com/ci/AL18g_QND7kE-Wc9tV9BRL9gL1PQhYjBN7Q4T_wMO5fiCk8dKB_ahogyG1A5hUFOkSvGUlUg9YbxeH4=w128-h128-c,#e0bfb8,224,191,184,0.8943605,RED,#D50000,213,0,0,9
_QF3rh6L3QUGcA.jpg,_QF3rh6L3QUGcA,Faaturuma (Melancholic),Paul Gauguin,The Nelson-Atkins Museum of Art,/asset/faaturuma-melancholic-paul-gauguin/_QF3rh6L3QUGcA,https://lh3.googleusercontent.com/ci/AL18g_RgtPJu_SfcYVOaZkh8R7tK7OdoJ_-89e9BBPKJiUKvMAiATqUhuWnVNrqywIxOiqyaUdWHQw=w128-h128-c,#dfbab9,223,186,185,0.72275,RED,#D50000,213,0,0,9
yAFZ59bFu2mllA.jpg,yAFZ59bFu2mllA,The Irish Girl,"Ford Madox Brown, 1821–1893, British",Yale Center for British Art,/asset/the-irish-girl-ford-madox-brown-1821–1893-british/yAFZ59bFu2mllA,https://lh3.googleusercontent.com/ci/AL18g_Qio0O_F2D5XifWY5mrKsfYtfNxwtWtzk4Apk3DN4OvTQ2RrBSon74eex1iBDQLEBZUBx_HRywp=w128-h128-c,#e0b8b8,224,184,184,0.95989585,RED,#D50000,213,0,0,9
ZgG06sD1IBUBJw.jpg,ZgG06sD1IBUBJw,Portrait of Marjorie Gertler,Mark Gertler,Lakeland Arts - Abbot Hall Art Gallery and Museum,/asset/portrait-of-marjorie-gertler-mark-gertler/ZgG06sD1IBUBJw,https://lh3.googleusercontent.com/ci/AL18g_SG7SD5BWMVT3WAkBLn_O0yopl1F-Q3leqBhaEYaUQms8gtCecmlQQxAQUiGz8fFKgSKZ0i3g=w128-h128-c,#e0b9b8,224,185,184,1.3171675,RED,#D50000,213,0,0,9
jAEbAhGHRnaPLg.jpg,jAEbAhGHRnaPLg,Durante a pose [During the Pose],Oscar Pereira da Silva,Pinacoteca de São Paulo,/asset/durante-a-pose-during-the-pose-oscar-pereira-da-silva/jAEbAhGHRnaPLg,https://lh3.googleusercontent.com/ci/AL18g_QzOOQcPsEfLVerVsZI4uzle6V5j8jpv9zD9W47IvvNb2j41MI6dJMdiV8BUW_f3YJ-Ack4dw=w128-h128-c,#e0c2b8,224,194,184,0.7372669,RED,#D50000,213,0,0,9
YwEoKnDFl51C_A.jpg,YwEoKnDFl51C_A,Coronation Of Rama,Raja Ravi Varma,Raja Ravi Varma Heritage Foundation,/asset/coronation-of-rama-raja-ravi-varma/YwEoKnDFl51C_A,https://lh3.googleusercontent.com/ci/AL18g_S0quL0WtHOkZiIVhj8TOT3T7j951m8DTq5KzN4_h9Flrdjo4DT2IKaOhv0AQH_tg0f7lDi_A=w128-h128-c,#e0b8b8,224,184,184,0.7334062,RED,#D50000,213,0,0,9
SQFMY83UnMIArA.jpg,SQFMY83UnMIArA,Portrait of a Negro,Théodore Géricault,Buffalo AKG Art Museum,/asset/portrait-of-a-negro-théodore-géricault/SQFMY83UnMIArA,https://lh3.googleusercontent.com/ci/AL18g_R5wBQx9lxopyNXx5y1iBs85wjnbAjU5sNLSwQEwqzV2S4s99Xw5oWIsOsF3IEuHYDU176RD02p=w128-h128-c,#e0c1b8,224,193,184,0.84033215,RED,#D50000,213,0,0,9
2AH_VPhgYDMpQA.jpg,2AH_VPhgYDMpQA,Madonna in adorazione del Bambino,Maestro dei Baldraccani,Galleria dei dipinti antichi della Fondazione e della Cassa di Risparmio di Cesena,/asset/madonna-in-adorazione-del-bambino-maestro-dei-baldraccani/2AH_VPhgYDMpQA,https://lh3.googleusercontent.com/ci/AL18g_Q-wQyTH-PGcz0YSO_EuwX7DfVlmdqZSxh_PWeDb2p7m534c_b_E5GB7hLF-F91GBjGLqJDAg=w128-h128-c,#dfbab9,223,186,185,0.68391037,RED,#D50000,213,0,0,9
YwGOICXDmZoB2g.jpg,YwGOICXDmZoB2g,Male Portrait in profile,Antonio Leonelli da Crevalcore,Museo Correr,/asset/male-portrait-in-profile-antonio-leonelli-da-crevalcore/YwGOICXDmZoB2g,https://lh3.googleusercontent.com/ci/AL18g_TW6iRt0zUoVyy2HlFMPtWLBQ_L1FreQIWUfjHxjVG5WMvBVS3Jqb_XI8B2Mm_hXT5ip3pha_c=w128-h128-c,#e0b8b8,224,184,184,0.69306564,RED,#D50000,213,0,0,9
iQET2NnyKOvwYA.jpg,iQET2NnyKOvwYA,A Woman With a Japanese Parasol,Olga Boznańska (1865–1940),National Museum in Wrocław,/asset/a-woman-with-a-japanese-parasol-olga-boznańska-1865–1940/iQET2NnyKOvwYA,https://lh3.googleusercontent.com/ci/AL18g_QGkoZChw_0MK5vm0x7iLsdNfmbS4u_zf9jotOyYIK_VxzdvTTS8i-WO32_2Vz_6PB8b1TzE_Wg=w128-h128-c,#e0b8b8,224,184,184,0.7501876,RED,#D50000,213,0,0,9
KgHKNv4KaG8goQ.jpg,KgHKNv4KaG8goQ,The Count's Court Jester,David Klöcker Ehrenstrahl,Skokloster Castle,/asset/the-count-s-court-jester-david-klöcker-ehrenstrahl/KgHKNv4KaG8goQ,https://lh3.googleusercontent.com/ci/AL18g_T13p5chYlPs97I0cwY0yFuJciJjkptImFUstHau0q24KFW4AFRanrZS2WnLoqv7w9yXwBFY40=w128-h128-c,#e0b8b8,224,184,184,0.75940645,RED,#D50000,213,0,0,9
LgH7EKY5nDmUjw.jpg,LgH7EKY5nDmUjw,The Soul's Prison House,Evelyn De Morgan,De Morgan Collection,/asset/the-soul-s-prison-house-evelyn-de-morgan/LgH7EKY5nDmUjw,https://lh3.googleusercontent.com/ci/AL18g_RDiyKIffoeAZxquYRp0cFFY8MQfwihXVf_XB1eBT4AGX1d4D1pEjSMg_b6ka7m1F_iRXHPSw=w128-h128-c,#e0c2b8,224,194,184,0.6373807,RED,#D50000,213,0,0,9
2wFGW-oHKVnnoQ.jpg,2wFGW-oHKVnnoQ,The Frame,Frida Kahlo,Centre Pompidou,/asset/the-frame-frida-kahlo/2wFGW-oHKVnnoQ,https://lh3.googleusercontent.com/ci/AL18g_RuIWwIAlRBfQHgSIH0B1PaDpNGlCGgsEMDFhb7s6psEWZuXrZV92oS_bNsD4mnX_xukcM3Mdc=w128-h128-c,#e0beb8,224,190,184,0.75461537,RED,#D50000,213,0,0,9
oQHn8UvuSPCYSA.jpg,oQHn8UvuSPCYSA,Marian Anderson,Laura Wheeler Waring,Smithsonian's National Portrait Gallery,/asset/marian-anderson-laura-wheeler-waring/oQHn8UvuSPCYSA,https://lh3.googleusercontent.com/ci/AL18g_R10A_Y7Tab756u4GXIXmAnwSYXw9Q50ZOoWQHlQwMcjq4Q78AtPcwCF0KfucmlNLKsMeG0ePIQ=w128-h128-c,#e0b8c0,224,184,192,0.52260613,RED,#D50000,213,0,0,9
0AGOAKRV68RNWw.jpg,0AGOAKRV68RNWw,Lady in Turkish Dress Holding a Fan,Jean-Étienne Liotard,The Royal Łazienki Museum in Warsaw,/asset/lady-in-turkish-dress-holding-a-fan-jean-Étienne-liotard/0AGOAKRV68RNWw,https://lh3.googleusercontent.com/ci/AL18g_QN5VJYRPW6iyDOdEuwYqYfzjv_4OxkAIT-kQunzbeClyKjtEFcF4KWSV380F7yfX9_32Lrmmc=w128-h128-c,#e0c2b8,224,194,184,1.1937331,RED,#D50000,213,0,0,9
pAEcg2oa0Zzitw.jpg,pAEcg2oa0Zzitw,Count Tommaso Inghirami,Raphael,Isabella Stewart Gardner Museum,/asset/count-tommaso-inghirami-raphael/pAEcg2oa0Zzitw,https://lh3.googleusercontent.com/ci/AL18g_Tqsls5NZ-kz76s8kIpLfrGwy4h3bUu6qEKqnfolXpuzrx_-3hXXbOEH6QASEiA5ekX6OhSTi0=w128-h128-c,#e0b8b8,224,184,184,0.6979167,RED,#D50000,213,0,0,9
4gGoUU8tEFOjPg.jpg,4gGoUU8tEFOjPg,The Holy Family with Two Saints,Master of the Antwerp Adoration (and workshop),Bilboa Museoa. Museo de Bellas Artes de Bilbao,/asset/the-holy-family-with-two-saints-master-of-the-antwerp-adoration-and-workshop/4gGoUU8tEFOjPg,https://lh3.googleusercontent.com/ci/AL18g_TAk0HWzrr3tM6SjQaj-1_RK-tkzKmGVf1ZKypAZQtn0WGIfBSvdAWNxk51znBlnCpI01RlZQ=w128-h128-c,#e0b8b8,224,184,184,0.86338025,RED,#D50000,213,0,0,9
vQFIAu2MNRKc1w.jpg,vQFIAu2MNRKc1w,Self-Portrait,María Izquierdo,Colección Blaisten,/asset/self-portrait-maría-izquierdo/vQFIAu2MNRKc1w,https://lh3.googleusercontent.com/ci/AL18g_Q6_VEiUrPmcJtXG3Fto1dfw1cvaiJoIIxDmQe8FNZ3b9IUZK1uO_ZgXahhjs6FHgQOkRv5aCY=w128-h128-c,#e0b8b8,224,184,184,0.62132454,RED,#D50000,213,0,0,9
jwGBopAXVLhoiQ.jpg,jwGBopAXVLhoiQ,Portrait of Queen Victoria,Laurits Tuxen,The Hirschsprung Collection,/asset/portrait-of-queen-victoria-laurits-tuxen/jwGBopAXVLhoiQ,https://lh3.googleusercontent.com/ci/AL18g_S0D4lHK5bkBhWx4iT4McgpXUjbw-Jhc27_QEgESlb03bY5yLqifDn8hg73W78RrLo28RxCmA=w128-h128-c,#e0b8b8,224,184,184,0.7350934,RED,#D50000,213,0,0,9
kAFWuHXRGbS0Lg.jpg,kAFWuHXRGbS0Lg,Street in Røros,Harald Sohlberg,"The National Museum of Art, Architecture and Design, Norway",/asset/street-in-røros-harald-sohlberg/kAFWuHXRGbS0Lg,https://lh3.googleusercontent.com/ci/AL18g_TNg6E6oUzZn4DlIyIwCkVycPUgrtUSP-iOkVaATObd35cK_LTMuLue78U4q5mR9y42xUz2VQ=w128-h128-c,#e0b8b8,224,184,184,0.68898726,RED,#D50000,213,0,0,9
RQGOy_4XFfOaHA.jpg,RQGOy_4XFfOaHA,Romanian Woman in a Red Dress,Felix Vallotton (1865-1925),Rmn-Grand Palais,/asset/romanian-woman-in-a-red-dress-felix-vallotton-1865-1925-and-paris-centre-pompidou-musée-national-d-art-moderne/RQGOy_4XFfOaHA,https://lh3.googleusercontent.com/ci/AL18g_QbCYFOWJnILxR7M1zLfzTV6QbFONTCy3aLVtxru4jwq9ketjFNJIxGSzmniMNeLHXGLJY-6qvZ=w128-h128-c,#e0b8b8,224,184,184,0.8065,RED,#D50000,213,0,0,9
cQGiFYgQxS1cGw.jpg,cQGiFYgQxS1cGw,"Composition with Red, Yellow, and Blue",Piet Mondrian,British Fashion Council,/asset/composition-with-red-yellow-and-blue-piet-mondrian/cQGiFYgQxS1cGw,https://lh3.googleusercontent.com/ci/AL18g_TaqtrLjLyHUTLtGTBkWt4_Y0hHT8vSUNe1N_pAYquA8VV_9ZEiShjH5pd4C-ESJ8iCmmuxuw=w128-h128-c,#e0beb8,224,190,184,0.9986413,RED,#D50000,213,0,0,9
RAE0XF808wXKqg.jpg,RAE0XF808wXKqg,Angel,Raphael (Raffaello Sanzio),Fondazione Brescia Musei,/asset/angel-raphael-raffaello-sanzio/RAE0XF808wXKqg,https://lh3.googleusercontent.com/ci/AL18g_SgfWG4uoaaHLb4Gf56VF9vcn1P7MB5o5pehpoD3AbUrWP-3dmGg56xzUB8tpLhZrAp5Dlcy78=w128-h128-c,#e0b8b8,224,184,184,0.84582746,RED,#D50000,213,0,0,9
vQEjYm6OLylBvg.jpg,vQEjYm6OLylBvg,Jim (Jim Mirabel),Walter Ufer,National Academy of Design,/asset/jim-jim-mirabel-walter-ufer/vQEjYm6OLylBvg,https://lh3.googleusercontent.com/ci/AL18g_SOkOTBEezjr02q0iq49YdpHOy5Wq7RWh-QjpC0zx8cNmn_IvSpmwj7UBw4hW4FMx7KYEI29QUg=w128-h128-c,#e0c1b8,224,193,184,0.9030996,RED,#D50000,213,0,0,9
5gHO0jw1OqkgiA.jpg,5gHO0jw1OqkgiA,Prince Henry the Navigator,Adriano de Sousa Lopes,The Portuguese Task Force for the Commemorations of the V Centenary of Circumnavigation,/asset/prince-henry-the-navigator-adriano-de-sousa-lopes/5gHO0jw1OqkgiA,https://lh3.googleusercontent.com/ci/AL18g_QZH4Rsv8C0zRZ7R2aKk8WZqhzKT7zFw4zXrCqYsP4bp7SEYXpKzR7ynj-v6eTx-5pivQRf4ZQ=w128-h128-c,#e0b8b8,224,184,184,1.3496426,RED,#D50000,213,0,0,9
vwHD1b4Go-GHOQ.jpg,vwHD1b4Go-GHOQ,The Return of Christopher Columbus,Eugène Delacroix,The Toledo Museum of Art,/asset/the-return-of-christopher-columbus-eugène-delacroix/vwHD1b4Go-GHOQ,https://lh3.googleusercontent.com/ci/AL18g_SLRl980lx9xO8MeePgclicL94pE1s5DjLz7JZ1234MefqsWIFXUeR9S8mdZJccVlCv_TQDew=w128-h128-c,#e0b8b8,224,184,184,1.3072916,RED,#D50000,213,0,0,9
hwHsQ1QWtJRQbQ.jpg,hwHsQ1QWtJRQbQ,Coconuts,Frida Kahlo,Museo de Arte Moderno de México (MAM),/asset/coconuts-frida-kahlo/hwHsQ1QWtJRQbQ,https://lh3.googleusercontent.com/ci/AL18g_SEdmp5M8reEVdobIb4GawylH-b6ktxhTxtQF1Bx9vCBHhLchMlL3-oodkVqcOb5wSFGbuiWK0=w128-h128-c,#e0bbb8,224,187,184,1.3810433,RED,#D50000,213,0,0,9
egH0zRK2cOsyIw.jpg,egH0zRK2cOsyIw,Portrait of Cardinale Carlo de' Medici,Justus Sustermans,Museo Poldi Pezzoli,/asset/portrait-of-cardinale-carlo-de-medici-justus-sustermans/egH0zRK2cOsyIw,https://lh3.googleusercontent.com/ci/AL18g_Q5OpNOTtK-WezOsOAKm-9IR0SkbvAXRWgVtU6ispYTBqMq7ulaY-7Z7BUkIe_cE764nZUnYR4y=w128-h128-c,#e0b8b8,224,184,184,0.8841278,RED,#D50000,213,0,0,9
PQGA94QEMp7U3g.jpg,PQGA94QEMp7U3g,The Virgin Crowned by Angels,"Stefan Lochner (German, 1400-c. 1452)",The Cleveland Museum of Art,/asset/the-virgin-crowned-by-angels-stefan-lochner-german-1400-c-1452/PQGA94QEMp7U3g,https://lh3.googleusercontent.com/ci/AL18g_Ta85A8kV7dke-lppLodEniFEixJSCaBk4ngeCn4VE4gGEF_ZMk7ipUwUma4MWMPcDCSTT3qa0=w128-h128-c,#e0c2b8,224,194,184,0.5764706,RED,#D50000,213,0,0,9
NwH9hjTwOS_L6A.jpg,NwH9hjTwOS_L6A,Crucifixion,Pere Terrencs,Catedral de Mallorca,/asset/crucifixion-pere-terrencs-and-alonso-de-sedano/NwH9hjTwOS_L6A,https://lh3.googleusercontent.com/ci/AL18g_S24Ef2DG1wBRG37ZLRE1FjbGbjkIjl52SKd1aE1KWhW8vKnnSnlM5cQRcgkpmWNnIrjhQAgw=w128-h128-c,#e0b9b8,224,185,184,0.6666667,RED,#D50000,213,0,0,9
6QEJ3Cd4BXuZ6Q.jpg,6QEJ3Cd4BXuZ6Q,Forms at Play,Franz Marc,Museum Folkwang,/asset/forms-at-play-franz-marc/6QEJ3Cd4BXuZ6Q,https://lh3.googleusercontent.com/ci/AL18g_S0CxpP7vKxN4OSuLQ88_rcOwQbiKo1VM7jtjnzQ5UYshqCoI4Uo7WR9Rg-FT_lCbu-sNa5NQ=w128-h128-c,#e0b8b8,224,184,184,3.1381755,RED,#D50000,213,0,0,9
9AGxzfWWjcT6rA.jpg,9AGxzfWWjcT6rA,"Antoine Perrenot, Cardinal Granvelle",Willem Key,Royal Museums of Fine Arts of Belgium,/asset/antoine-perrenot-cardinal-granvelle-willem-key/9AGxzfWWjcT6rA,https://lh3.googleusercontent.com/ci/AL18g_Qz-zuumQ93ep7eAgvrX-7M2NW8raGf_ebqLZ0hRZAIdzXX1l3s4rWzgpaLExxBXd0Yh51kag=w128-h128-c,#e0beb8,224,190,184,0.76375955,RED,#D50000,213,0,0,9
cwHVpT2dylPozQ.jpg,cwHVpT2dylPozQ,Pink Clown. Head of the Little Clown,Mikuláš Galanda,Turiec Gallery,/asset/pink-clown-head-of-the-little-clown-mikuláš-galanda/cwHVpT2dylPozQ,https://lh3.googleusercontent.com/ci/AL18g_RGaECpScTf2P-k_js_CwiAz_QnA7E91BwviPDBTQK1s5iHVOORj6sSymRCWBB0BCGbwl9VaBY=w128-h128-c,#e0b8b8,224,184,184,0.8898457,RED,#D50000,213,0,0,9
eQFt8bgigwNqIA.jpg,eQFt8bgigwNqIA,The Red Carpet,Lesser Ury,"The Israel Museum, Jerusalem",/asset/the-red-carpet-lesser-ury/eQFt8bgigwNqIA,https://lh3.googleusercontent.com/ci/AL18g_QPRgBSl01Vb_0qDRFjdbpkwE91o2wC17L9YfkxLFakwLY4dRjO22UoSg3cxq7_Ff2c2lcTE5g=w128-h128-c,#e0b8b8,224,184,184,0.6604492,RED,#D50000,213,0,0,9
5wFf68BJED0Z9A.jpg,5wFf68BJED0Z9A,Manuel Rodríguez Torices,Luis García Hevia,Museo de la Universidad del Rosario,/asset/manuel-rodríguez-torices-luis-garcía-hevia/5wFf68BJED0Z9A,https://lh3.googleusercontent.com/ci/AL18g_QSgvWRgDSf2rSCztuxARszcgmnfsohZ5PnYrAU3MNZcKhOmYjJCKVNc-mR_9-dexrRt1eBsg=w128-h128-c,#e0b8b9,224,184,185,0.80473375,RED,#D50000,213,0,0,9
KwHdjOhJWrN6Cg.jpg,KwHdjOhJWrN6Cg,At the Temple [Au Tanpe],Hector Hyppolite,Milwaukee Art Museum,/asset/at-the-temple-au-tanpe-hector-hyppolite/KwHdjOhJWrN6Cg,https://lh3.googleusercontent.com/ci/AL18g_RWClmekBzRPNAHvpQsWqp33TwuRXmoEQFV6r-ptmusYSFjnp1rDer7A_utfsbmTr5Wds0A1jA=w128-h128-c,#e0c2b8,224,194,184,0.73421437,RED,#D50000,213,0,0,9
YAGSmwLsUMI9WA.jpg,YAGSmwLsUMI9WA,The Hourglass,Evelyn De Morgan,De Morgan Collection,/asset/the-hourglass-evelyn-de-morgan/YAGSmwLsUMI9WA,https://lh3.googleusercontent.com/ci/AL18g_Rd_Djbd4-eTrd5dhJ2PHjXfjOVx404gRwCQdp30hcELCBwWEO1gD07EYzWoEiWce8AsfoLJNg=w128-h128-c,#e0c2b8,224,194,184,0.8507564,RED,#D50000,213,0,0,9
owGqYFC2Hi4Osg.jpg,owGqYFC2Hi4Osg,Self-Portrait,Kaita Murayama,Osaka City Museum of Fine Arts,/asset/self-portrait-kaita-murayama/owGqYFC2Hi4Osg,https://lh3.googleusercontent.com/ci/AL18g_Ty1JDZtJQgOzZHXhj3e_a6LkM97bqs7YDe60id-y3bFmUzyobCr1btw-LK_ql9vWbNg9vYriY=w128-h128-c,#e0b8b8,224,184,184,0.85070425,RED,#D50000,213,0,0,9
IgEBRFsY8Z4lmQ.jpg,IgEBRFsY8Z4lmQ,The Holy Family with Saints Elizabeth and John the Baptist,"Peter Paul Rubens (Flemish, 1577–1640)",The Art Institute of Chicago,/asset/the-holy-family-with-saints-elizabeth-and-john-the-baptist-peter-paul-rubens-flemish-1577–1640/IgEBRFsY8Z4lmQ,https://lh3.googleusercontent.com/ci/AL18g_Td4kJDzF56aCXq0wLRENLn_GOkySByHoRl1xF8v3JWrljr5OLPqaWnBeTMtMzyzJ7PyPLOI84=w128-h128-c,#e0b8b8,224,184,184,0.79866666,RED,#D50000,213,0,0,9
cgHHbDQ1vni75w.jpg,cgHHbDQ1vni75w,Peasant in Rome,Arcadi Mas i Fondevila,"Museu Nacional d'Art de Catalunya - MNAC, Barcelona",/asset/peasant-in-rome-arcadi-mas-i-fondevila/cgHHbDQ1vni75w,https://lh3.googleusercontent.com/ci/AL18g_R7tltIJwW_Sc7ExyIIG6A_V8j-HtcJeDGnGjmM7nZjxu-OntOgjLziiKSgbPwIU4sZ8YI3EPk=w128-h128-c,#e0b8b8,224,184,184,0.7507272,RED,#D50000,213,0,0,9
2QEV9qyK7rExGw.jpg,2QEV9qyK7rExGw,Portrait of a Girl,Dimitar Dobrovich (1816 - 1905),National Gallery of Bulgaria,/asset/portrait-of-a-girl-dimitar-dobrovich-1816-1905/2QEV9qyK7rExGw,https://lh3.googleusercontent.com/ci/AL18g_RW98q3GIYLJEO9td7VBnXNj8JPsrkcE9T-bRBixhcWBkX4L8yGftqXqx1g7d6FV2c-YcdUWFQB=w128-h128-c,#e0bbb8,224,187,184,0.7732214,RED,#D50000,213,0,0,9
2QFF-1uQ2J023Q.jpg,2QFF-1uQ2J023Q,Portrait of Hetman Petro Konashevych-Sahaidachnyi,Havrylo Vasko,National Museum of the History of Ukraine,/asset/portrait-of-hetman-petro-konashevych-sahaidachnyi-havrylo-vasko/2QFF-1uQ2J023Q,https://lh3.googleusercontent.com/ci/AL18g_SvP1BIBTJYQs37rXeMCd1XrpRnkuTaJ7G4LakcJDdndK_pcyPBr9fNBiv978mXIkJyU_lXOv4=w128-h128-c,#e0b8b8,224,184,184,0.689465,RED,#D50000,213,0,0,9
ZgFOyokAQW25lA.jpg,ZgFOyokAQW25lA,Maiden with a bunch of flowers,Federico Zandomeneghi,"Pinacoteca Metropolitana ""Corrado Giaquinto""",/asset/maiden-with-a-bunch-of-flowers-federico-zandomeneghi/ZgFOyokAQW25lA,https://lh3.googleusercontent.com/ci/AL18g_T4dGnbyEpLFtmag2Fp0RCn-XwaTE5tv2E-vURQu4Q272apb2wkRkR7-gStZDWsf07n1Pzw5Q=w128-h128-c,#e0b8b8,224,184,184,1.178,RED,#D50000,213,0,0,9
nQGQXoTwlo-RRQ.jpg,nQGQXoTwlo-RRQ,Painterly Architectonic,Lyubov Popova,National Galleries Scotland: Modern,/asset/painterly-architectonic-lyubov-popova/nQGQXoTwlo-RRQ,https://lh3.googleusercontent.com/ci/AL18g_Te8FjOaKsD5AFvuBcBOdf9oC-zhnjTRaECTx230zrOFaVAdV2_mL42Ygw1jBjidQYmq9l3m7l6=w128-h128-c,#e0beb8,224,190,184,0.65631646,RED,#D50000,213,0,0,9
agFvsAYicUFPdQ.jpg,agFvsAYicUFPdQ,Self-portrait with hat and veil,Paula Modersohn-Becker,Kunstmuseum,/asset/self-portrait-with-hat-and-veil-paula-modersohn-becker/agFvsAYicUFPdQ,https://lh3.googleusercontent.com/ci/AL18g_Rlu8yHlW6B1Jsd8tNxcMwQsS7hTxogMcW5o1NK0Ei85ZlEB-PtoGzeilsmpZN4U_wAbs9Xfg=w128-h128-c,#e0b8b8,224,184,184,0.830442,RED,#D50000,213,0,0,9
NwGMcuMyXqfEkw.jpg,NwGMcuMyXqfEkw,Page Boy at Maxim's,Chaïm Soutine,Buffalo AKG Art Museum,/asset/page-boy-at-maxim-s-chaïm-soutine/NwGMcuMyXqfEkw,https://lh3.googleusercontent.com/ci/AL18g_Sku6vO4WtqcZ7FvsEaLQYK28q17Fd4dOnHJmGmG0pQSejSIp1wWSZFKW7voumZ05suwmBsTUI=w128-h128-c,#e0b8b8,224,184,184,0.5083282,RED,#D50000,213,0,0,9
