filename,asset_id,title,artist,museum,asset_path,thumbnail_url,dominant_hex,dom_r,dom_g,dom_b,aspect_ratio,color_label,color_hex,color_r,color_g,color_b,color_value
HQGxUutM_F6ZGg.jpg,HQGxUutM_F6ZGg,The Kiss,Gustav Klimt,Belvedere,/asset/the-kiss-gustav-klimt/HQGxUutM_F6ZGg,https://lh3.googleusercontent.com/ci/AL18g_SeMXewDdxbfmepJXDr8qNOUM3H_JDDJsgEqjjkINpWeIgMr5HeGJdNu-c_a5H-WH2VM8nI=w128-h128-c,#e0d9b8,224,217,184,0.99663603,YELLOW,#FDD835,253,216,53,7
CgEiMJRg7ZS6DA.jpg,CgEiMJRg7ZS6DA,The Sistine Madonna,Unknown,"Old Masters Picture Gallery, Dresden State Art Museums",/asset/the-sistine-madonna/CgEiMJRg7ZS6DA,https://lh3.googleusercontent.com/ci/AL18g_Sjfe_498a-dEMEIg3QM-92sp00LCEGYicGAxzs-JFJZx32Pi7buaJ2NJ1eQQ0TmMnwc66O=w128-h128-c,#e0d9b8,224,217,184,0.73633075,YELLOW,#FDD835,253,216,53,7
8AGgCo0-kGh2aw.jpg,8AGgCo0-kGh2aw,Adele Bloch-Bauer I,Gustav Klimt,Neue Galerie New York,/asset/adele-bloch-bauer-i-gustav-klimt/8AGgCo0-kGh2aw,https://lh3.googleusercontent.com/ci/AL18g_TdZByz9ugS-EB8wiOdQCQxxCc4zZAHgGNesdsSFnlVkOk0hav3dUV2Lma50KuUJPczaa7s=w128-h128-c,#e0d9b8,224,217,184,0.9919463,YELLOW,#FDD835,253,216,53,7
KwF-AdF1REQl6w.jpg,KwF-AdF1REQl6w,The Bedroom,Vincent van Gogh,Van Gogh Museum,/asset/the-bedroom-vincent-van-gogh/KwF-AdF1REQl6w,https://lh3.googleusercontent.com/ci/AL18g_RRsAX-cfcFkGbrT8xXl8UDvT4gnfbIArjBctB8IiQEAVge6nJVi9hzDNFnNkYloYPn-gd6HQ=w128-h128-c,#e0d9b8,224,217,184,1.2603437,YELLOW,#FDD835,253,216,53,7
ggHMkbvZk1yLaw.jpg,ggHMkbvZk1yLaw,Sewing the Sail,Joaquin Sorolla y Bastida,Ca' Pesaro - Galleria Internazionale d'Arte Moderna,/asset/sewing-the-sail-joaquin-sorolla-y-bastida/ggHMkbvZk1yLaw,https://lh3.googleusercontent.com/ci/AL18g_RoyLWUX7Dvmg4CAIdNewcoL7WKSyrOY2jgB_5kZwazmd8H-QWbrwF-FkwqYmHGwh7PTNwy=w128-h128-c,#e0d9b8,224,217,184,1.3617524,YELLOW,#FDD835,253,216,53,7
hwEGmsM-FoHAwA.jpg,hwEGmsM-FoHAwA,Sunflowers,Vincent van Gogh,Van Gogh Museum,/asset/sunflowers-vincent-van-gogh/hwEGmsM-FoHAwA,https://lh3.googleusercontent.com/ci/AL18g_SsmReqaH4y_rZ7X9cSLsvQwFwlDdDx5k3ZZGlzRXEwyMpKb5mDIq5R-WZ13dkQyz1F-jfrtA=w128-h128-c,#e0d9b8,224,217,184,0.75800645,YELLOW,#FDD835,253,216,53,7
KAFLuV9czvNz_A.jpg,KAFLuV9czvNz_A,Les Trois Grâces,Unknown,Château de Chantilly,/asset/les-trois-grâces/KAFLuV9czvNz_A,https://lh3.googleusercontent.com/ci/AL18g_RWJSORIiKPDgipELwkvMYTqmMlxHuh7EBq6OG_eydRjPrjowSe3Gr7Qi0opInLoraaswAJqg=w128-h128-c,#e0d9b8,224,217,184,0.75725085,YELLOW,#FDD835,253,216,53,7
ZQH2h7PBY47yXQ.jpg,ZQH2h7PBY47yXQ,Irises,Vincent van Gogh,Van Gogh Museum,/asset/irises-vincent-van-gogh/ZQH2h7PBY47yXQ,https://lh3.googleusercontent.com/ci/AL18g_T_U8ZoIugSoknIt5GGE5QUacELHQS0-l_dZf4IdNicQdR1unYxtk4AKh0wUbBh661iMqBvvA=w128-h128-c,#e0d8b8,224,216,184,0.7898089,YELLOW,#FDD835,253,216,53,7
lAHVoVdZIhA1ow.jpg,lAHVoVdZIhA1ow,Look Mickey,Roy Lichtenstein,"National Gallery of Art, Washington DC",/asset/look-mickey-roy-lichtenstein/lAHVoVdZIhA1ow,https://lh3.googleusercontent.com/ci/AL18g_QBCDjqHzQY1DNKvJ8xmzACokz2E5eeJ6wiMkbf-sVHXe5u68d-Z3DiCOqcEUpHJDEg08XX=w128-h128-c,#e0e0b8,224,224,184,1.4417459,YELLOW,#FDD835,253,216,53,7
WQGYd-7iPjW88g.jpg,WQGYd-7iPjW88g,Tree-roots,Vincent van Gogh,Van Gogh Museum,/asset/tree-roots-vincent-van-gogh/WQGYd-7iPjW88g,https://lh3.googleusercontent.com/ci/AL18g_St9j8PojLD8mpL_mxVDEbQUDdZUJdTiBi7islsu-hz0Kn7Xnt1zfazK1347fcB1TpJc7ot=w128-h128-c,#e0d9b8,224,217,184,2.0248268,YELLOW,#FDD835,253,216,53,7
SgERzXISGt3RuA.jpg,SgERzXISGt3RuA,Apocalyptic horse,Albert Tucker,Art Gallery of New South Wales,/asset/apocalyptic-horse-albert-tucker/SgERzXISGt3RuA,https://lh3.googleusercontent.com/ci/AL18g_RL6efxUbcfIJ69gI41melZpdzeAOzC98eNmWXd6Wy8rfnwnSZ3ZVSsTbwmYT5NWCawwHH3=w128-h128-c,#e0d9b8,224,217,184,1.2957563,YELLOW,#FDD835,253,216,53,7
BwH3OB1BV9luHw.jpg,BwH3OB1BV9luHw,"Nocturne in Black and Gold, The Falling Rocket",James Abbott McNeill Whistler,Detroit Institute of Arts,/asset/nocturne-in-black-and-gold-the-falling-rocket-james-abbott-mcneill-whistler/BwH3OB1BV9luHw,https://lh3.googleusercontent.com/ci/AL18g_RJxScfUnSEO59jtPu30Yj0HES8CbUxCc94oVqSIyUPS8cis00vgiJb3-R5Jl_-a02QvogvWlM=w128-h128-c,#e0d9b8,224,217,184,0.8240741,YELLOW,#FDD835,253,216,53,7
EwFgf3K9mAQuyg.jpg,EwFgf3K9mAQuyg,Moscow patio,Vasily Polenov,The State Tretyakov Gallery,/asset/moscow-patio-vasily-polenov/EwFgf3K9mAQuyg,https://lh3.googleusercontent.com/ci/AL18g_REFtXVW4YueMXicGOK0-useN1qANQQF2ImBulgglYZEc_ZgvyFjJZ0DuucXVGbqKCWgD_TP9g=w128-h128-c,#e0d9b8,224,217,184,1.2128563,YELLOW,#FDD835,253,216,53,7
kQEugEsNjGDZfw.jpg,kQEugEsNjGDZfw,Van Gogh's Bedroom in Arles,Unknown,"Musée d’Orsay, Paris",/asset/van-gogh-s-bedroom-in-arles/kQEugEsNjGDZfw,https://lh3.googleusercontent.com/ci/AL18g_TaEi4YU0Y7vnTM_TgCyB0lQJ41JKmCA6cZG4UljxLrW7fRpCgZ4Y3M1kPj3iivZWXT7AUj=w128-h128-c,#e0d9b8,224,217,184,1.2901686,YELLOW,#FDD835,253,216,53,7
LwFmpmDARcicFQ.jpg,LwFmpmDARcicFQ,The siesta (after Millet),Unknown,"Musée d’Orsay, Paris",/asset/the-siesta-after-millet/LwFmpmDARcicFQ,https://lh3.googleusercontent.com/ci/AL18g_Tx_i0amiNVfI_GPWJc_MsoI-ALKQ1R4OvvcUVPaZyFIQJl-NBg-3NLmg9vQKzClK92tbYK=w128-h128-c,#e0d9b8,224,217,184,1.2687398,YELLOW,#FDD835,253,216,53,7
kAF2cbM1fB9Hzw.jpg,kAF2cbM1fB9Hzw,The Blind Girl,Unknown,Birmingham Museum and Art Gallery,/asset/the-blind-girl/kAF2cbM1fB9Hzw,https://lh3.googleusercontent.com/ci/AL18g_SoWaoKWNrrLjpNUntAn79U-NPoruRT33K_kQA1BM59V96I0HOeCp_swsCVlF8FZBgM6bP9=w128-h128-c,#e0d9b8,224,217,184,0.68832076,YELLOW,#FDD835,253,216,53,7
pQFGVtPsNOmPlg.jpg,pQFGVtPsNOmPlg,Judith II Salomè,Gustav Klimt,Ca' Pesaro - Galleria Internazionale d'Arte Moderna,/asset/judith-ii-salomè-gustav-klimt/pQFGVtPsNOmPlg,https://lh3.googleusercontent.com/ci/AL18g_RzJBgUvj1fA5JAgFmjQ2CP70hcXg-84Mgfy2L90bpvFZKL0aYRy6jtfD4BSHhH5tXe7gUaH_Q=w128-h128-c,#e0d9b8,224,217,184,0.46522364,YELLOW,#FDD835,253,216,53,7
BgFGcS3ucZqeRA.jpg,BgFGcS3ucZqeRA,Wheatfield with a reaper,Vincent van Gogh,Van Gogh Museum,/asset/wheatfield-with-a-reaper-vincent-van-gogh/BgFGcS3ucZqeRA,https://lh3.googleusercontent.com/ci/AL18g_SV911M2tB5ZFogZtw565L3vBrDXfg2no9HsOilaWhEcw7I3RU3bfEv1slWORYcu0aLkodi6w=w128-h128-c,#e0d9b8,224,217,184,1.2649194,YELLOW,#FDD835,253,216,53,7
sAHwUAdG0Q3MqA.jpg,sAHwUAdG0Q3MqA,Theseus Killing the Minotaur,Giovanni Battista Cima da Conegliano,Museo Poldi Pezzoli,/asset/theseus-killing-the-minotaur-giovanni-battista-cima-da-conegliano/sAHwUAdG0Q3MqA,https://lh3.googleusercontent.com/ci/AL18g_Q73IXf3ypZ-0qPkTdeZ6O0Fu5YQu6MolNvK4q3Aiz_z36mrCBBVU1itF--M6lBR_b54DKL-A=w128-h128-c,#e0d9b8,224,217,184,0.8128,YELLOW,#FDD835,253,216,53,7
rwGVxwlpIhHn6g.jpg,rwGVxwlpIhHn6g,Olive Trees,Unknown,Minneapolis Institute of Art,/asset/olive-trees/rwGVxwlpIhHn6g,https://lh3.googleusercontent.com/ci/AL18g_Q80MuH2ke-QicyPF9YL9sX8qGKId1yTasDCZ2refI_qVSV8Z5t0ZtNN9t1yw5X-n5AdvOF5w=w128-h128-c,#e0d9b8,224,217,184,1.2523069,YELLOW,#FDD835,253,216,53,7
wwF-3DqGLFNo_Q.jpg,wwF-3DqGLFNo_Q,The Golden Stairs,Sir Edward Coley Burne-Jones,Tate Britain,/asset/the-golden-stairs-sir-edward-coley-burne-jones/wwF-3DqGLFNo_Q,https://lh3.googleusercontent.com/ci/AL18g_R_FjeFcbh0Xk8umdCv2mdVx59--V4a5BsBz7de0eBZAlHJsy8UkB0PUn8ehTCLf1iCqWpt=w128-h128-c,#e0d9b8,224,217,184,0.41292813,YELLOW,#FDD835,253,216,53,7
NAFEpTWPytfIHA.jpg,NAFEpTWPytfIHA,Man in a Vest,Unknown,Smithsonian American Art Museum,/asset/man-in-a-vest/NAFEpTWPytfIHA,https://lh3.googleusercontent.com/ci/AL18g_RtSvuUEs8BrkEFKbRUvL20Ftl_DH2aLRHRlgg2ZGjTXqzeNpjwXnXL23chhDqsiSoFDYgxGA=w128-h128-c,#e0d9b8,224,217,184,0.79175,YELLOW,#FDD835,253,216,53,7
7wFNjNw91lfbOQ.jpg,7wFNjNw91lfbOQ,Jebel Cherib,Eugene von Guérard,Art Gallery of New South Wales,/asset/jebel-cherib-eugene-von-guérard/7wFNjNw91lfbOQ,https://lh3.googleusercontent.com/ci/AL18g_SjKv7e1gHr2UFBnH5qawxsqX8jzzV6apyKryEVZevhhFLcdfEN0W-z-0jR5ssdO45ODPQ7=w128-h128-c,#e0d9b8,224,217,184,1.5857913,YELLOW,#FDD835,253,216,53,7
KwGHL1HBlRbiIg.jpg,KwGHL1HBlRbiIg,Tahitian Landscape,Unknown,Minneapolis Institute of Art,/asset/tahitian-landscape/KwGHL1HBlRbiIg,https://lh3.googleusercontent.com/ci/AL18g_RKFB4IvzuxGDYymFzLso5Tcpa4XUcLXe-rbJPiRkqYqJwMpW1Mz__PH4ces9kUvvZ7pM6rLns=w128-h128-c,#e0d9b8,224,217,184,1.367745,YELLOW,#FDD835,253,216,53,7
GgFy6v2a0UOmWQ.jpg,GgFy6v2a0UOmWQ,The 28th Regiment at Quatre Bras,Elizabeth Thompson,National Gallery of Victoria,/asset/the-28th-regiment-at-quatre-bras-elizabeth-thompson/GgFy6v2a0UOmWQ,https://lh3.googleusercontent.com/ci/AL18g_Q18HtEetwV2JY_mpbPHjG9Ddt495TqR32yiWMwKZ4i16MLHRpw5mG-OYIM8VOUqUAp5J8eHw=w128-h128-c,#e0d9b8,224,217,184,1.5349741,YELLOW,#FDD835,253,216,53,7
XgFArplFbAcyrA.jpg,XgFArplFbAcyrA,Amalie Zuckerkandl,Gustav Klimt,Belvedere,/asset/amalie-zuckerkandl-gustav-klimt/XgFArplFbAcyrA,https://lh3.googleusercontent.com/ci/AL18g_RQmCMbOakN_S5550gF5hh7OtMzK9DWV662gzVI9WszjXS_xO0H3cKuFgY8DdYzto_hr7cO=w128-h128-c,#e0d9b8,224,217,184,0.982421,YELLOW,#FDD835,253,216,53,7
aAFmi5D6LEMeQA.jpg,aAFmi5D6LEMeQA,"L'Arlésienne: Madame Joseph-Michel Ginoux (Marie Julien, 1848–1911)",Vincent van Gogh,The Metropolitan Museum of Art,/asset/l-arlésienne-madame-joseph-michel-ginoux-marie-julien-1848–1911-vincent-van-gogh/aAFmi5D6LEMeQA,https://lh3.googleusercontent.com/ci/AL18g_R576CM4VWBvmipctURoppvIOT6fZRWpODvFofse_U3L_td2hEeomBkhw7GbBMkuXG1nj_G5A=w128-h128-c,#e0d8b8,224,216,184,0.79446536,YELLOW,#FDD835,253,216,53,7
dwGWfDaMPLm0Vg.jpg,dwGWfDaMPLm0Vg,PH-369,Clyfford Still,Clyfford Still Museum,/asset/ph-369-clyfford-still/dwGWfDaMPLm0Vg,https://lh3.googleusercontent.com/ci/AL18g_TmwMDaR6t4w5HKhgaNR8OHwpxlkm4ZmKG2w38JneJ0XahDvD4_dpPB_ipXw01S0o2-BeoUwvM=w128-h128-c,#e0d8b8,224,216,184,0.88013136,YELLOW,#FDD835,253,216,53,7
7QFlVButcidDvw.jpg,7QFlVButcidDvw,"Wheat Fields with Reaper, Auvers",Vincent Van Gogh,The Toledo Museum of Art,/asset/wheat-fields-with-reaper-auvers-vincent-van-gogh/7QFlVButcidDvw,https://lh3.googleusercontent.com/ci/AL18g_TMXxPyzfZdwN9GWeivzyNp5UXXoIqtRmKrug2oApFmcOSiw6U0wVbncHMNb3F3WZ2Gbt0ifw=w128-h128-c,#e0d9b8,224,217,184,1.2749691,YELLOW,#FDD835,253,216,53,7
ZQGOsBl5z50kQA.jpg,ZQGOsBl5z50kQA,Woman with a Sunflower,Mary Cassatt,"National Gallery of Art, Washington DC",/asset/woman-with-a-sunflower-mary-cassatt/ZQGOsBl5z50kQA,https://lh3.googleusercontent.com/ci/AL18g_TmX06kNy5oqIFvGyJytZZINkNW5_IbJktDjHKnwrtoe7E1E8xoy73E1zB7RoScAWnj_O6Z3g=w128-h128-c,#e0d9b8,224,217,184,0.80322266,YELLOW,#FDD835,253,216,53,7
_wFTl14TsmD5Cw.jpg,_wFTl14TsmD5Cw,Tahitian Woman with a Flower,Paul Gauguin,Ny Carlsberg Glyptotek,/asset/tahitian-woman-with-a-flower-paul-gauguin/_wFTl14TsmD5Cw,https://lh3.googleusercontent.com/ci/AL18g_SNxILK_NC8qTb9ydaFfQrxSg7a-cboVgRAvEL0JVqrhtKBQrQ3jG4uI9dxOynTm1kHCFg0aw=w128-h128-c,#e0d8b8,224,216,184,0.6577946,YELLOW,#FDD835,253,216,53,7
mgHAxu9viwsUPg.jpg,mgHAxu9viwsUPg,Impression III (Concert),Wassily Kandinsky,Städtische Galerie im Lenbachhaus und Kunstbau,/asset/impression-iii-concert-wassily-kandinsky/mgHAxu9viwsUPg,https://lh3.googleusercontent.com/ci/AL18g_QeHB-Tk6NyYS9pCAp-zA_BwV1i9FRNg_of3_gvsdqSvzNXh5qjo870e51wtLYhSUypYJmvlA=w128-h128-c,#e0d8b8,224,216,184,1.2827497,YELLOW,#FDD835,253,216,53,7
wwHX2ndwxw53Eg.jpg,wwHX2ndwxw53Eg,The sea hath its pearls,William Henry Margetson,Art Gallery of New South Wales,/asset/the-sea-hath-its-pearls-william-henry-margetson/wwHX2ndwxw53Eg,https://lh3.googleusercontent.com/ci/AL18g_R9GnqnrKI8BvWleSPnYU9Vlvr1gXNWjgeNMbWUI84CvWFy1aNbk1ZwEqBpBaZP7pcUlS3r=w128-h128-c,#e0d9b8,224,217,184,0.997998,YELLOW,#FDD835,253,216,53,7
ZQHoP72MPVWjyw.jpg,ZQHoP72MPVWjyw,Glaucus and Scylla,Joseph Mallord William Turner,Kimbell Art Museum,/asset/glaucus-and-scylla-joseph-mallord-william-turner/ZQHoP72MPVWjyw,https://lh3.googleusercontent.com/ci/AL18g_Q8zFmdJD_hv9H_AXDotZ5hC8p0zYF_pukO4KekpjjDLg7Wmk_Fp-wVML6jVPUQtsduEJCp3g=w128-h128-c,#e0d9b8,224,217,184,0.9858692,YELLOW,#FDD835,253,216,53,7
twEIx2v2EX05pA.jpg,twEIx2v2EX05pA,Sunset at Eragny,Unknown,"The Israel Museum, Jerusalem",/asset/sunset-at-eragny/twEIx2v2EX05pA,https://lh3.googleusercontent.com/ci/AL18g_S3i3zOT2dotbrTdpPD8m5jBdPgV2kBIXY3Nv0rmosVHRbSbeO8dt_056vcvPs3wUpd-P9Y3Q=w128-h128-c,#e0d9b8,224,217,184,1.2458472,YELLOW,#FDD835,253,216,53,7
1AEqWHkLoSNWtg.jpg,1AEqWHkLoSNWtg,Mask Series,Zeng Fanzhi,Long Museum West Bund,/asset/mask-series-zeng-fanzhi/1AEqWHkLoSNWtg,https://lh3.googleusercontent.com/ci/AL18g_S3vEiNDSCAprzUlyYq3IGCTHM0e0PAFJP-tWFv8XWo3K20DNQL2AQvGsGpYhe-3CVpujmVGA=w128-h128-c,#e0d9b8,224,217,184,0.8973722,YELLOW,#FDD835,253,216,53,7
5AFGtL3-YQAPkA.jpg,5AFGtL3-YQAPkA,The Weeders,Jules Breton,The Metropolitan Museum of Art,/asset/the-weeders-jules-breton/5AFGtL3-YQAPkA,https://lh3.googleusercontent.com/ci/AL18g_TuAMm3YdfzJ1Oi3MfIFecKC2QDHF4J2CqWFVhohJpUjlxddHXKl5YyDjQlkZPAjpVk8cYa=w128-h128-c,#e0d9b8,224,217,184,1.773383,YELLOW,#FDD835,253,216,53,7
3gH22t-Zy9WiLA.jpg,3gH22t-Zy9WiLA,My Bunkie,Charles Schreyvogel,The Metropolitan Museum of Art,/asset/my-bunkie-charles-schreyvogel/3gH22t-Zy9WiLA,https://lh3.googleusercontent.com/ci/AL18g_TowbUhIcdcrj4JT0mm5OCfa4CQIhtVgU5rbgCIXM23gc4AS9ZH-DfZhbyzKr1B1QvQl4s8UqY=w128-h128-c,#e0d9b8,224,217,184,1.3550829,YELLOW,#FDD835,253,216,53,7
CgHO9HAIyGRpUg.jpg,CgHO9HAIyGRpUg,Compenetrazione iridescente n. 4 (Studio della luce),Giacomo Balla,"Mart, Museum of modern and contemporary art of Trento and Rovereto",/asset/compenetrazione-iridescente-n-4-studio-della-luce-giacomo-balla/CgHO9HAIyGRpUg,https://lh3.googleusercontent.com/ci/AL18g_Sp9ls-_JcP5d6xz7X4lQvdEM8FCGB4GpNARx1lVJjwzSf9R0UAPqDgGTRpdNCot9KDETrf=w128-h128-c,#e0d9b8,224,217,184,1.4196,YELLOW,#FDD835,253,216,53,7
mgHv8oG5UUMi4w.jpg,mgHv8oG5UUMi4w,Battle of Guilford Courthouse (1781),H. Charles McBarron,The White House,/asset/battle-of-guilford-courthouse-1781-h-charles-mcbarron/mgHv8oG5UUMi4w,https://lh3.googleusercontent.com/ci/AL18g_QEHzqk0xCYAJCEZFAb-j_5gqmY_F4qeq-PI24lxZPWPnKAaTEiFbgmfbONEHkN7IpJw98XHpM=w128-h128-c,#e0d9b8,224,217,184,1.5,YELLOW,#FDD835,253,216,53,7
0wErMrU4XIciQA.jpg,0wErMrU4XIciQA,Entrance to the Public Gardens in Arle,Vincent van Gogh,The Phillips Collection,/asset/entrance-to-the-public-gardens-in-arle-vincent-van-gogh/0wErMrU4XIciQA,https://lh3.googleusercontent.com/ci/AL18g_QThsi6ez9m3x69gOKgdmFswHRPOfcR5Uv39KjtpD_64Gipry-idV1_os4klSYbdon8HzHl=w128-h128-c,#e0d9b8,224,217,184,1.2670257,YELLOW,#FDD835,253,216,53,7
_wG4aZ_dd_ClJw.jpg,_wG4aZ_dd_ClJw,Kaukola Ridge at Sunset,Albert Edelfelt,Ateneum Art Museum,/asset/kaukola-ridge-at-sunset-albert-edelfelt/_wG4aZ_dd_ClJw,https://lh3.googleusercontent.com/ci/AL18g_RMAyFkDvGHFx_Jg0jQPCaJXzR1zGbsLmt2wUD1NHY6FVkWyOfovd_vtXFp9dDoVm5eEeKr3Q=w128-h128-c,#e0d9b8,224,217,184,0.71275836,YELLOW,#FDD835,253,216,53,7
qQE--vZw_i8aPA.jpg,qQE--vZw_i8aPA,Courtesan: after Eisen,Vincent van Gogh,Van Gogh Museum,/asset/courtesan-after-eisen-vincent-van-gogh/qQE--vZw_i8aPA,https://lh3.googleusercontent.com/ci/AL18g_Qq-jw7Lw4KL_UzxNJ7U-Oe0YZTLpwEnUyZ275FjYHOR1yJz1W97CWrobOnJLkermf3q7Ix=w128-h128-c,#e0d9b8,224,217,184,0.59908754,YELLOW,#FDD835,253,216,53,7
ewFLmeFJKhHIWg.jpg,ewFLmeFJKhHIWg,Cape Cod Evening,Edward Hopper,"National Gallery of Art, Washington DC",/asset/cape-cod-evening-edward-hopper/ewFLmeFJKhHIWg,https://lh3.googleusercontent.com/ci/AL18g_SHa4YjplCuvEJUQIhu_8YGeI58feUarFLi-l00jk9JUStCHU5ip0MECJ23s9I6Ra019T-94Q=w128-h128-c,#e0d9b8,224,217,184,1.3333334,YELLOW,#FDD835,253,216,53,7
fgGSI1RQFdYnmg.jpg,fgGSI1RQFdYnmg,Godohan,Ravi Varma Press Malavli GIP,The Ganesh Shivaswamy Foundation,/asset/godohan-ravi-varma-press-malavli-gip-and-raja-ravi-varma/fgGSI1RQFdYnmg,https://lh3.googleusercontent.com/ci/AL18g_RVl31q8EW0mm__QLhj-UqcuIKWGKvZLTgfG2noeQRe8Hz0eKUnQrOrghZIUO_qbe6MPU3Wnw=w128-h128-c,#e0d9b8,224,217,184,0.6854226,YELLOW,#FDD835,253,216,53,7
FgFGNAKtgeAN9g.jpg,FgFGNAKtgeAN9g,Nebuchadnezzar on fire falling over a waterfall,Arthur Boyd,Art Gallery of New South Wales,/asset/nebuchadnezzar-on-fire-falling-over-a-waterfall-arthur-boyd/FgFGNAKtgeAN9g,https://lh3.googleusercontent.com/ci/AL18g_TciNNEWZ54DxFYkEYrCwuZ2hpZWDqncqi8xMpji092sSp4DB3QBfHtbkYEuzQVGVlmcYjJww=w128-h128-c,#e0d8b8,224,216,184,0.9592,YELLOW,#FDD835,253,216,53,7
7QF_MXm7hE90eQ.jpg,7QF_MXm7hE90eQ,Marshall Deodoro da Fonseca,Henrique Bernardelli,Museu Histórico Nacional,/asset/marshall-deodoro-da-fonseca-henrique-bernardelli/7QF_MXm7hE90eQ,https://lh3.googleusercontent.com/ci/AL18g_RT1sDO6JYinl3zilETgwvuYB-UhyKrXgcbjCJUZzJB8p6PWXgMuzomwupsMEl5-IAkYXdkUw=w128-h128-c,#e0d9b8,224,217,184,0.7243263,YELLOW,#FDD835,253,216,53,7
9gHXwqlrnkmniA.jpg,9gHXwqlrnkmniA,Klara Szepessy,Amrita Sher-Gil,National Gallery of Modern Art,/asset/klara-szepessy-amrita-sher-gil/9gHXwqlrnkmniA,https://lh3.googleusercontent.com/ci/AL18g_R_sbiiUx9uLCsULH54ouTVj2eXIVhNSdYeqe1V6QzqkPjKruxnMIEHIeBUwIzoAEKGvmPMcJcn=w128-h128-c,#e0d9b8,224,217,184,0.63365597,YELLOW,#FDD835,253,216,53,7
UgHQJsv0OGh8Tw.jpg,UgHQJsv0OGh8Tw,Interior in yellow,Grace COSSINGTON SMITH,National Gallery of Australia,/asset/interior-in-yellow-grace-cossington-smith/UgHQJsv0OGh8Tw,https://lh3.googleusercontent.com/ci/AL18g_T-m7hLTn9xfWweO0mwOpoOdxJN8n3DaWuIqzXEWRwuE_d00YQLStdN0wWWBn6IKsYoJBkCKks=w128-h128-c,#e0d8b8,224,216,184,0.73508394,YELLOW,#FDD835,253,216,53,7
wQGe0xkQuTNQpQ.jpg,wQGe0xkQuTNQpQ,View of Le Crotoy from Upstream,Georges Pierre Seurat,Detroit Institute of Arts,/asset/view-of-le-crotoy-from-upstream-georges-pierre-seurat/wQGe0xkQuTNQpQ,https://lh3.googleusercontent.com/ci/AL18g_QTPf7L4srhtTuX8RBbPOWrZV6suq3RojHP2DWL70BD9gb2-XV4nA5WHDTTayuzjDsBosRPTMSb=w128-h128-c,#e0d8b8,224,216,184,1.1568888,YELLOW,#FDD835,253,216,53,7
9gHow6OxlfMXJw.jpg,9gHow6OxlfMXJw,Still Life with Bouquet,Pierre-Auguste Renoir,"The Museum of Fine Arts, Houston",/asset/still-life-with-bouquet-pierre-auguste-renoir/9gHow6OxlfMXJw,https://lh3.googleusercontent.com/ci/AL18g_Sd2bBzV7nd6gB2qgX9CjbSJAZXPO43_rta0RwVe_ntgmBmAjMUOaWgEsA6yb0MVDDDdXZQxms=w128-h128-c,#e0d9b8,224,217,184,0.80295634,YELLOW,#FDD835,253,216,53,7
HwG3qsiwILTe8g.jpg,HwG3qsiwILTe8g,The Forest at Pontaubert,Georges Seurat,The Metropolitan Museum of Art,/asset/the-forest-at-pontaubert-georges-seurat/HwG3qsiwILTe8g,https://lh3.googleusercontent.com/ci/AL18g_SMTuQ1qZ4Sb-tsm7dpWp4-WjxQbl4fedE21mN8p2WCrVbhVlHQAyoZGk0XslHDtZkCHRBbttw=w128-h128-c,#e0d9b8,224,217,184,0.7984954,YELLOW,#FDD835,253,216,53,7
JQFHoMcPh_TgWg.jpg,JQFHoMcPh_TgWg,True Stories - Helen Garner,Jenny Sages,National Portrait Gallery,/asset/true-stories-helen-garner-jenny-sages/JQFHoMcPh_TgWg,https://lh3.googleusercontent.com/ci/AL18g_S0ZG-NeEbcEIwkD7YoLyN5-Xl_F9-C8ZKmmWTevBe62c_QW_mOMauEfxQcbkNQqTtlBOoQhb5e=w128-h128-c,#e0d9b8,224,217,184,1.6420068,YELLOW,#FDD835,253,216,53,7
HQHEpNi7MJnQsQ.jpg,HQHEpNi7MJnQsQ,High Noon in the Alps,Giovanni Segantini,Ohara Museum of Art,/asset/high-noon-in-the-alps-giovanni-segantini/HQHEpNi7MJnQsQ,https://lh3.googleusercontent.com/ci/AL18g_RN1LJUbLKx0g5XqiHhE2m_unaVTDp-OoXj30nIU7vkFT3aA-m9e1rG1o5hB16QJVaO6F24XSs=w128-h128-c,#e0d9b8,224,217,184,0.9319974,YELLOW,#FDD835,253,216,53,7
1gHNUT-xnW7TJw.jpg,1gHNUT-xnW7TJw,Ganga Bhishma,Ravi Varma Press Karli Bombay,The Ganesh Shivaswamy Foundation,/asset/ganga-bhishma-ravi-varma-press-karli-bombay-and-raja-ravi-varma/1gHNUT-xnW7TJw,https://lh3.googleusercontent.com/ci/AL18g_RpVN3xVG7GpdG8mN13kZ_ggeDrQhB-pL6puZk82DbCURtGRMaft3hDVLuJHypxpkk59Bz_VhOx=w128-h128-c,#e0d9b8,224,217,184,0.7042456,YELLOW,#FDD835,253,216,53,7
nwHJV9QWmMo11Q.jpg,nwHJV9QWmMo11Q,Arabian penisula,Unknown,Palazzo Vecchio Museum,/asset/arabian-penisula/nwHJV9QWmMo11Q,https://lh3.googleusercontent.com/ci/AL18g_QsbY3WCaRIFxuxqTI_ssAg8Bi_h2TKUMm9FXyfnbyYIojwhmDHja5l25nbDqPUJCmTG_ODNg=w128-h128-c,#e0d9b8,224,217,184,0.694778,YELLOW,#FDD835,253,216,53,7
uQG0I8RWDQcL4A.jpg,uQG0I8RWDQcL4A,The Talisman,Unknown,"Musée d’Orsay, Paris",/asset/the-talisman/uQG0I8RWDQcL4A,https://lh3.googleusercontent.com/ci/AL18g_RvSeA6pIpYunLoCgya468djLGnbU98oBd4Pvod64BOc-pSZ-wx6QOwsjq9LH18iPJ9zI9GsyI=w128-h128-c,#e0d9b8,224,217,184,0.7783705,YELLOW,#FDD835,253,216,53,7
aQHr4V9qLet9cA.jpg,aQHr4V9qLet9cA,Piles of French novels,Vincent van Gogh,Van Gogh Museum,/asset/piles-of-french-novels-vincent-van-gogh/aQHr4V9qLet9cA,https://lh3.googleusercontent.com/ci/AL18g_S8Paqvd7aKAqeTgdx3DpoqpwyKt5PsG9VYU12AK8DRNBQ__aVZadfNsu1QRpSP2gdmm1tj7UU=w128-h128-c,#e0d9b8,224,217,184,1.366129,YELLOW,#FDD835,253,216,53,7
DgGm5xSd6Ik5rg.jpg,DgGm5xSd6Ik5rg,The sower,Vincent van Gogh (1853 - 1890),Kröller-Müller Museum,/asset/the-sower-vincent-van-gogh-1853-1890/DgGm5xSd6Ik5rg,https://lh3.googleusercontent.com/ci/AL18g_ROtD5XO-8zH8Ng2yFH_KpYZmtCrxOWP7ZtR55NkubXwHjIMadW0_RVUC72UkETCk-4sfCuKbE=w128-h128-c,#e0d9b8,224,217,184,1.254469,YELLOW,#FDD835,253,216,53,7
QgGHzGidGhPIdg.jpg,QgGHzGidGhPIdg,Ghost of a Genius,Paul Klee,National Galleries Scotland: Modern,/asset/ghost-of-a-genius-paul-klee/QgGHzGidGhPIdg,https://lh3.googleusercontent.com/ci/AL18g_TYu7layzhhU6wjif0DVlS3QJU8iskpMxfpEDcZn3wgJF9RK0rXLFr1at2CWq7qYZV0FXYoWA=w128-h128-c,#e0d9b8,224,217,184,0.68927056,YELLOW,#FDD835,253,216,53,7
1QEWVFigI3-h6w.jpg,1QEWVFigI3-h6w,Ridden Down,Frederic Remington,Amon Carter Museum of American Art,/asset/ridden-down-frederic-remington/1QEWVFigI3-h6w,https://lh3.googleusercontent.com/ci/AL18g_TQbEBrxWbYHhq7uZVXcvq_s2BfCd_O6Pcd_7Cc7KLjqRlEwl0ByNCjqajimJQjQFM4cT89ykc=w128-h128-c,#e0d9b8,224,217,184,1.7121068,YELLOW,#FDD835,253,216,53,7
cwEkBcdr-DVeEg.jpg,cwEkBcdr-DVeEg,Vishnu Garuda Vahan C E Morton,Attributed to the Ravi Varma Press,The Ganesh Shivaswamy Foundation,/asset/vishnu-garuda-vahan-c-e-morton-attributed-to-the-ravi-varma-press/cwEkBcdr-DVeEg,https://lh3.googleusercontent.com/ci/AL18g_Q9CI2fm_WRZnmY5A5qpq8mMv3kikK0vW-86CUx6SR1GZ-1bUBNLT3G2ZOtZgiaq9ZdaEDR-_a0=w128-h128-c,#e0d9b8,224,217,184,0.8024103,YELLOW,#FDD835,253,216,53,7
OQHbG9JMgoQkIw.jpg,OQHbG9JMgoQkIw,The Little Worker,Unknown,Art Gallery of Ontario,/asset/the-little-worker/OQHbG9JMgoQkIw,https://lh3.googleusercontent.com/ci/AL18g_QbEVN4G6B3ZyfBsuqTm7zC6P0atUuOwrhJ4ZlfoYCE4t0LnkdNAjsrg6zPwRjkJT_Gk0Ww9oqm=w128-h128-c,#e0d9b8,224,217,184,0.83267385,YELLOW,#FDD835,253,216,53,7
4wG2kZCWsF0H8w.jpg,4wG2kZCWsF0H8w,The Roping,William Robinson Leigh,Blanton Museum of Art,/asset/the-roping-william-robinson-leigh/4wG2kZCWsF0H8w,https://lh3.googleusercontent.com/ci/AL18g_RiLT3p-nANDVcYyuc6RSHfd--UvhICuBmOZrdOswV-KLqBjqFiJuXgf0klR0jI4MHXguumWg=w128-h128-c,#e0d9b8,224,217,184,0.7413333,YELLOW,#FDD835,253,216,53,7
LwFDYT7ka4VUYg.jpg,LwFDYT7ka4VUYg,"Quinces, lemons, pears and grapes",Vincent van Gogh,Van Gogh Museum,/asset/quinces-lemons-pears-and-grapes-vincent-van-gogh/LwFDYT7ka4VUYg,https://lh3.googleusercontent.com/ci/AL18g_TdiKheHhN0V8RhHTpdiAqR3eg39monR8o8nfRkIslHqRvE0YncHRZU_EnDw3boBAAE3yY0vgs=w128-h128-c,#e0d9b8,224,217,184,1.25575,YELLOW,#FDD835,253,216,53,7
-gE3J550P97OuA.jpg,-gE3J550P97OuA,"On the Way between Old and New Cairo, Citadel Mosque of Mohammed Ali, and Tombs of the Mamelukes",Unknown,Brooklyn Museum,/asset/on-the-way-between-old-and-new-cairo-citadel-mosque-of-mohammed-ali-and-tombs-of-the-mamelukes/-gE3J550P97OuA,https://lh3.googleusercontent.com/ci/AL18g_SmS45CH0NqYnRBPr3sVUAjqzZYBZIDpMcMaH8StkBeDr7YgwFigrACf4uTsDf2dfooOVB8Elg=w128-h128-c,#e0d9b8,224,217,184,1.6440046,YELLOW,#FDD835,253,216,53,7
GwFKdWNLkhmsBA.jpg,GwFKdWNLkhmsBA,And We are Trying. From the «Sancta» Series,N. Roerich,International Centre of the Roerichs,/asset/and-we-are-trying-from-the-«sancta»-series-n-roerich/GwFKdWNLkhmsBA,https://lh3.googleusercontent.com/ci/AL18g_SIuRA9W6TNrtcdBf5FgbBEau61VpbSoeK-6rMlkduG-axYmBo-OiKcOTHnynzhfhGwLIeFbnFh=w128-h128-c,#e0d9b8,224,217,184,1.4198332,YELLOW,#FDD835,253,216,53,7
igEEPlNobdzW-Q.jpg,igEEPlNobdzW-Q,Lady in Yellow,Max Kurzweil,Wien Museum,/asset/lady-in-yellow-max-kurzweil/igEEPlNobdzW-Q,https://lh3.googleusercontent.com/ci/AL18g_Qsf-uEzz4LTajC_PgLLfIXaTXk4sPQyloV9aG84H1SDnleJa-7IypB24Rnv2XWAS6usyGmXE9b=w128-h128-c,#e0d9b8,224,217,184,0.9938224,YELLOW,#FDD835,253,216,53,7
UQEMrgcDa45FIQ.jpg,UQEMrgcDa45FIQ,Portrait of James Baldwin,Beauford Delaney,Chrysler Museum of Art,/asset/portrait-of-james-baldwin-beauford-delaney/UQEMrgcDa45FIQ,https://lh3.googleusercontent.com/ci/AL18g_ScYW9Hj2VeAJgYTnLxRbq8Z1mtqcBWj7rkswt6IoDmoEdV3YS0unYyUnYQW18dNYzBrEpjGKk=w128-h128-c,#e0d9b8,224,217,184,0.8333558,YELLOW,#FDD835,253,216,53,7
XgGNl2sJR4Q63Q.jpg,XgGNl2sJR4Q63Q,Eugène Boch,Unknown,"Musée d’Orsay, Paris",/asset/eugène-boch/XgGNl2sJR4Q63Q,https://lh3.googleusercontent.com/ci/AL18g_RkSSee0MjSx-GVvt6-sAEHHhOcWpDocjkQh7goUOkJ3aiC05_3ixoz-jn-4t6hNsb3J5IiBQ=w128-h128-c,#e0d9b8,224,217,184,0.7271021,YELLOW,#FDD835,253,216,53,7
hgH1M7XY7xxReA.jpg,hgH1M7XY7xxReA,Still Life with Quinces,Unknown,"New Masters Gallery, Dresden State Art Collections",/asset/still-life-with-quinces/hgH1M7XY7xxReA,https://lh3.googleusercontent.com/ci/AL18g_TlmmgC2MhXrfesqgqF_q8ZDIwOJqwxxmjFoOG5K7Bmle5uDqF8ZoD1Y5WzLhV-8OUGbtIDqA=w128-h128-c,#e0d9b8,224,217,184,1.2877907,YELLOW,#FDD835,253,216,53,7
VgE5xrZoIY60dg.jpg,VgE5xrZoIY60dg,Roman Girl at a Fountain,Léon Bonnat,The Metropolitan Museum of Art,/asset/roman-girl-at-a-fountain-léon-bonnat/VgE5xrZoIY60dg,https://lh3.googleusercontent.com/ci/AL18g_RxuTXAIlMDP5LieLjfcPgCrkx_qe_kRw-eDfeohNGhUdrNIyzRYoLslwBFhKQ2yufh9I_XhoH7=w128-h128-c,#e0d9b8,224,217,184,0.5988716,YELLOW,#FDD835,253,216,53,7
ygEoGPGLZRQzeg.jpg,ygEoGPGLZRQzeg,Gassed,"Sargent, John Singer (RA)",Imperial War Museums,/asset/gassed-sargent-john-singer-ra/ygEoGPGLZRQzeg,https://lh3.googleusercontent.com/ci/AL18g_TDh8t51MktyhdQQSGiMYuAs5a8vhDJLwhUNBq7SJsfUZciL9MVPnoEpawa2L1-LyrZCXLhg7ex=w128-h128-c,#e0d9b8,224,217,184,2.6763895,YELLOW,#FDD835,253,216,53,7
wwHG-YVchEJqDw.jpg,wwHG-YVchEJqDw,PH-645,Clyfford Still,Clyfford Still Museum,/asset/ph-645-clyfford-still/wwHG-YVchEJqDw,https://lh3.googleusercontent.com/ci/AL18g_RlhXmM5PvtVZj0AlEA2iNLYhiqHyClqGmQsVZ5j2i9I37ouK-EUeNY2tbjWr-XX1fTPdzxKIQ=w128-h128-c,#e0d8b8,224,216,184,0.7945165,YELLOW,#FDD835,253,216,53,7
NAE7GuLXwY1fsA.jpg,NAE7GuLXwY1fsA,Harvesters,Anna Ancher,Skagens Museum,/asset/harvesters-anna-ancher/NAE7GuLXwY1fsA,https://lh3.googleusercontent.com/ci/AL18g_RjR2HhsaT_Y_SDG9R8HStk3bqMdwZPPat6qeXimbK5jlSq4SvbpwpLDIcz2rZIBYUsA1eeqk0=w128-h128-c,#e0d9b8,224,217,184,1.3101983,YELLOW,#FDD835,253,216,53,7
WgENGOGblbjsEQ.jpg,WgENGOGblbjsEQ,Houses in Hydra,Unknown,B & M Theocharakis Foundation for the Fine Arts and Music,/asset/houses-in-hydra/WgENGOGblbjsEQ,https://lh3.googleusercontent.com/ci/AL18g_QM2VLZQl1CkGdXr2Trh29CCAuG69iYYCmy8cjDQwRfgtkRaDDgk6xSMYO3L1N2Zlnc8yiDs38=w128-h128-c,#e0d9b8,224,217,184,1.0205839,YELLOW,#FDD835,253,216,53,7
0wGhp8DeAXH5tw.jpg,0wGhp8DeAXH5tw,The Dead Flower,Unknown,Museo Nacional de Arte,/asset/the-dead-flower/0wGhp8DeAXH5tw,https://lh3.googleusercontent.com/ci/AL18g_TLigGfXzmZS-8ni51ayETtGOYo9JbgIlYW_8rrffdlHJ4xWisScb1xZ4DYC5gl8GK4AeEOXKol=w128-h128-c,#e0d9b8,224,217,184,0.67678046,YELLOW,#FDD835,253,216,53,7
HAGsn-LkzRwvqQ.jpg,HAGsn-LkzRwvqQ,A Family Dancing Together,Lee Jung-seob,Korea Data Agency,/asset/a-family-dancing-together-lee-jung-seob/HAGsn-LkzRwvqQ,https://lh3.googleusercontent.com/ci/AL18g_SCLg4bW-fzexoCmPwivBfE8UFAHXYSiADzoAVKYGfUESjfFouTWD588GNIE-Y6umrBGbMdhVY=w128-h128-c,#e0d9b8,224,217,184,1.3651786,YELLOW,#FDD835,253,216,53,7
igFRxcDQR15b5w.jpg,igFRxcDQR15b5w,The Pontine Marshes at sunset,August Kopisch,"Alte Nationalgalerie, Staatliche Museen zu Berlin",/asset/the-pontine-marshes-at-sunset-august-kopisch/igFRxcDQR15b5w,https://lh3.googleusercontent.com/ci/AL18g_RiBZOaN_aBeCYAxJEuy7dmVruY6kaGpe352cp1T3Y4yvHBpR1vzXNNJtrT3KGuIEfyMsl4rmQ=w128-h128-c,#e0d9b8,224,217,184,1.824313,YELLOW,#FDD835,253,216,53,7
CAHqJ37c2fGZbg.jpg,CAHqJ37c2fGZbg,The Hangover (Suzanne Valadon),Unknown,Harvard Art Museums,/asset/the-hangover-suzanne-valadon/CAHqJ37c2fGZbg,https://lh3.googleusercontent.com/ci/AL18g_R1K8ZuAjGqlHd1tlO3MGDr51qoIcSaBgyplBKdApR2Gv8RcbHvLmtXaBxpBw9aieQfB5lpPP4=w128-h128-c,#e0d9b8,224,217,184,1.1707765,YELLOW,#FDD835,253,216,53,7
JAHhZudbdNRBSA.jpg,JAHhZudbdNRBSA,Sita Swayamvar,Ravi Varma Press,Raja Ravi Varma Heritage Foundation,/asset/sita-swayamvar-ravi-varma-press/JAHhZudbdNRBSA,https://lh3.googleusercontent.com/ci/AL18g_R0VTqoXxfiJGEfp8P1dUm34aU2mi2Wm0WM-Z86KKQLa1RUyHTB7DajQ47TNaY7judOmqlBXQ=w128-h128-c,#e0d9b8,224,217,184,0.70387447,YELLOW,#FDD835,253,216,53,7
BwGixiGjkrjuYQ.jpg,BwGixiGjkrjuYQ,Portrait of Nadezhda Mikhailovna Sapozhnikova,Nicolai Ivanovich Fechin,Museum of Fine Arts of Tatarstan,/asset/portrait-of-nadezhda-mikhailovna-sapozhnikova-nicolai-ivanovich-fechin/BwGixiGjkrjuYQ,https://lh3.googleusercontent.com/ci/AL18g_T3yu0Yg8j9ecffkOGopvz1Oc5hYKJgSXtm4lzu4cjCk47lmwvPdYuqBcB1RgervunPw9oXig=w128-h128-c,#e0d9b8,224,217,184,1.0765306,YELLOW,#FDD835,253,216,53,7
bAEaHnJs9pVCjA.jpg,bAEaHnJs9pVCjA,PH-960,Clyfford Still,Clyfford Still Museum,/asset/ph-960-clyfford-still/bAEaHnJs9pVCjA,https://lh3.googleusercontent.com/ci/AL18g_T7t0cRavTI3vGRMszkdf7wenmu85xy2ttwM_mQRyGIi69PGEwmSMp9lrPjb8toX1CpKMDvxTQ=w128-h128-c,#e0d9b8,224,217,184,1.2856069,YELLOW,#FDD835,253,216,53,7
kwHY9LoWNxrSzQ.jpg,kwHY9LoWNxrSzQ,La Place due Théâtre Français,Camille Pissarro,Los Angeles County Museum of Art,/asset/la-place-due-théâtre-français-camille-pissarro/kwHY9LoWNxrSzQ,https://lh3.googleusercontent.com/ci/AL18g_RdI322GOLy7pC7cWx36w6SZsE2BSXs4hSPSMXJYn84jvUnZbP3N-Thxyl1ZIAaGeC8of5Y7Q=w128-h128-c,#e0d9b8,224,217,184,1.2636061,YELLOW,#FDD835,253,216,53,7
BAEgcZpNT-yhhg.jpg,BAEgcZpNT-yhhg,Still Life of Oranges and Lemons with Blue Gloves,Vincent van Gogh,"National Gallery of Art, Washington DC",/asset/still-life-of-oranges-and-lemons-with-blue-gloves-vincent-van-gogh/BAEgcZpNT-yhhg,https://lh3.googleusercontent.com/ci/AL18g_TowFBno7S99pDAr9v5Kd7dI8X6nG_50UMv2QgAVreIYQTz31McDmFPr6iifp9CKmtztui4gQ=w128-h128-c,#e0d9b8,224,217,184,1.2989469,YELLOW,#FDD835,253,216,53,7
oQHcpqcNomEBOA.jpg,oQHcpqcNomEBOA,Colonnades of Canberra’s Civic Centre,Ethel Carrick Fox,Canberra Museum and Gallery,/asset/colonnades-of-canberra’s-civic-centre-ethel-carrick-fox/oQHcpqcNomEBOA,https://lh3.googleusercontent.com/ci/AL18g_S2U7gdhaFiwFgSfsqWxz7-JSCnNNzOmnDQjy8J6U_8qAJKcaxfebvZQo6AeBJsqrxwFk-j9Q=w128-h128-c,#e0d9b8,224,217,184,1.3936751,YELLOW,#FDD835,253,216,53,7
EwF_G8DKhG3P-A.jpg,EwF_G8DKhG3P-A,Saint John the Baptist in the Desert,"Aeken, Hieronymus van, El Bosco",Museo Lázaro Galdiano,/asset/saint-john-the-baptist-in-the-desert-aeken-hieronymus-van-el-bosco/EwF_G8DKhG3P-A,https://lh3.googleusercontent.com/ci/AL18g_RFhl6qWmxgZAiX03cvCjEu1t12UjX6ehG5tCPnsMYffD8ZGt9Cd7d83EeuBHkRx51VDXPefQ=w128-h128-c,#e0d9b8,224,217,184,0.8244,YELLOW,#FDD835,253,216,53,7
1gERIRKAvSitPw.jpg,1gERIRKAvSitPw,Figures with Horses by a Stable,Unknown,Philadelphia Museum of Art,/asset/figures-with-horses-by-a-stable/1gERIRKAvSitPw,https://lh3.googleusercontent.com/ci/AL18g_T8t8poHC2I4RHonDHRDY3GctmhuKFNYKr6-jJE9cjQ4HRZfvuD_v-Z-i0XHxPo51pZKFv1ETf6=w128-h128-c,#e0d9b8,224,217,184,0.8403465,YELLOW,#FDD835,253,216,53,7
tAEe_37MIa7pFw.jpg,tAEe_37MIa7pFw,Bordeaux. - The harbour,Eugène Boudin,Museu Nacional de Belas Artes,/asset/bordeaux-the-harbour-eugène-boudin/tAEe_37MIa7pFw,https://lh3.googleusercontent.com/ci/AL18g_SKti5ksUKZcjQnPhZbo9Z7gWmdFXgFjrXMJbQyzSMmQpYP0pYQ9JoeXMClQgDQ4vGaqDyxiA=w128-h128-c,#e0d9b8,224,217,184,1.5021476,YELLOW,#FDD835,253,216,53,7
hQG8RqPFWD7ryQ.jpg,hQG8RqPFWD7ryQ,La Danse bachique,Gustave Boulanger,Opéra national de Paris,/asset/la-danse-bachique-gustave-boulanger/hQG8RqPFWD7ryQ,https://lh3.googleusercontent.com/ci/AL18g_S9xte7LgiZn63y41JctnULcovTM0WKzxk3OXlYd276NwEdlyb1vU8prDQxBVX2OHcPTzu0WA=w128-h128-c,#e0d9b8,224,217,184,0.67398465,YELLOW,#FDD835,253,216,53,7
WgExVWWAj5qaGw.jpg,WgExVWWAj5qaGw,Kafka: Cartas a Milena,Unknown,Art Museum of the Americas,/asset/kafka-cartas-a-milena/WgExVWWAj5qaGw,https://lh3.googleusercontent.com/ci/AL18g_SGyw0_mBWaGCoHzso9ywWVPL0KS7OL2-YiGHOl-2uLKxYs1tlZvUMFp2vxq4BLpKdRhynFeDBB=w128-h128-c,#e0d9b8,224,217,184,1.0165746,YELLOW,#FDD835,253,216,53,7
4gGtM1I8A2msOw.jpg,4gGtM1I8A2msOw,Govardhanlalji,"Ravi Varma Press, Karla Lonavala",The Ganesh Shivaswamy Foundation,/asset/govardhanlalji-ravi-varma-press-karla-lonavala-and-raja-ravi-varma/4gGtM1I8A2msOw,https://lh3.googleusercontent.com/ci/AL18g_QXEXco0onV_Oi93JW_h-rOzmUSbqO3lQG7iNo4NNWXft1J-ECzWYXqw2H3Y1H3i834IaZh6w=w128-h128-c,#e0d9b8,224,217,184,0.70155853,YELLOW,#FDD835,253,216,53,7
5gFleVZF0KkyLQ.jpg,5gFleVZF0KkyLQ,Ocean Park #83,Richard Diebenkorn,"National Gallery of Art, Washington DC",/asset/ocean-park-83-richard-diebenkorn/5gFleVZF0KkyLQ,https://lh3.googleusercontent.com/ci/AL18g_SxLLSx4SfiazAPNnBWItHOT4J1iDnnSwCWFoctlkhcVmcVfhxLjj5G320AE62_-N2sSbLQIWM=w128-h128-c,#e0d9b8,224,217,184,0.80688477,YELLOW,#FDD835,253,216,53,7
GgHuLBdi3xlH8A.jpg,GgHuLBdi3xlH8A,The Return of the Reapers,Henry Herbert La Thangue,Tate Britain,/asset/the-return-of-the-reapers-henry-herbert-la-thangue/GgHuLBdi3xlH8A,https://lh3.googleusercontent.com/ci/AL18g_RnRvTcAFZqSPlQszf1PfjL8aqGUMxlxi9h6M4b1RLN5b81WDbRfBiQG0HMqrTPR7gpiuBmJGUR=w128-h128-c,#e0d9b8,224,217,184,0.57721406,YELLOW,#FDD835,253,216,53,7
_QFT82wCI2--PQ.jpg,_QFT82wCI2--PQ,Bahsir,Barkley L. Hendricks,Nasher Museum of Art at Duke University,/asset/bahsir-barkley-l-hendricks/_QFT82wCI2--PQ,https://lh3.googleusercontent.com/ci/AL18g_Qx876biJpHfyB6cvWqpjtXyG_Wk5oYNLc7zWdu4DLF1ngbaxHSYO96aPbYd61P7nUmLa_nig=w128-h128-c,#e0d9b8,224,217,184,0.79344153,YELLOW,#FDD835,253,216,53,7
7AHvJbbYYnNV0g.jpg,7AHvJbbYYnNV0g,Indochinese Peninsula and major islands of Indonesia,Unknown,Palazzo Vecchio Museum,/asset/indochinese-peninsula-and-major-islands-of-indonesia/7AHvJbbYYnNV0g,https://lh3.googleusercontent.com/ci/AL18g_QU7YVzN2_cvkwMGiGNEkq_Acd-foHAku-9v7DqnV4P7CSrjQkFIiy7FbBVxxJiKbslK7sW_650=w128-h128-c,#e0d9b8,224,217,184,0.57838786,YELLOW,#FDD835,253,216,53,7
cgEcSDDsbyTCBA.jpg,cgEcSDDsbyTCBA,"The plain of Gennevilliers, yellow fields",Gustave Caillebotte,National Gallery of Victoria,/asset/the-plain-of-gennevilliers-yellow-fields-gustave-caillebotte/cgEcSDDsbyTCBA,https://lh3.googleusercontent.com/ci/AL18g_RbiDv_spWi4o9vXirhCnwU_TwcKPYCdc30-_txrv7skTzvrjwiBXhSgCBG3KeY4eFpYNBBAw8=w128-h128-c,#e0d9b8,224,217,184,1.2472,YELLOW,#FDD835,253,216,53,7
rQFCmHhrV6cXng.jpg,rQFCmHhrV6cXng,Girl Knitting,"Blommers, Bernardus Johannes",Rijksmuseum,/asset/girl-knitting-blommers-bernardus-johannes/rQFCmHhrV6cXng,https://lh3.googleusercontent.com/ci/AL18g_Te3t74W7u8bP3crXoR7AQApNzBp2KEr5at_zS7YtI41EC9w46VAgvagN2A6ImjuWX99rlqS5Y=w128-h128-c,#e0d9b8,224,217,184,0.804,YELLOW,#FDD835,253,216,53,7
TgEzwy5A1771lA.jpg,TgEzwy5A1771lA,Homesicknessof an Engineer,Giorgio de Chirico,Chrysler Museum of Art,/asset/homesicknessof-an-engineer-giorgio-de-chirico/TgEzwy5A1771lA,https://lh3.googleusercontent.com/ci/AL18g_QoUzMwlppZC7TLkM5ql3lzSt9orkeOpaRwL8A08nn-jLEFefRPaBddN9Bh6sxPrm2MhUWZuX0=w128-h128-c,#e0d8b8,224,216,184,0.79019076,YELLOW,#FDD835,253,216,53,7
mwGD6E7Ek5acqQ.jpg,mwGD6E7Ek5acqQ,Zinnias in a Pot,Clementine Hunter,SCAD Museum of Art,/asset/zinnias-in-a-pot-clementine-hunter/mwGD6E7Ek5acqQ,https://lh3.googleusercontent.com/ci/AL18g_QUEBmzVaXJFgtC4cp27b4B3DFVVCJYAbD6X-kxmmG-vJDnwO3s47X6zjltWjABI1FFuUYvCnEK=w128-h128-c,#e0d9b8,224,217,184,0.73295784,YELLOW,#FDD835,253,216,53,7
IgHEk9ISbVM5jA.jpg,IgHEk9ISbVM5jA,Saraswati Vinolia Soap Calendar,Attributed to the Ravi Varma Press,The Ganesh Shivaswamy Foundation,/asset/saraswati-vinolia-soap-calendar-attributed-to-the-ravi-varma-press/IgHEk9ISbVM5jA,https://lh3.googleusercontent.com/ci/AL18g_Tss6g9yMfN_7Rvxdv61cZ7LMSTCdqCKivtdXwYxoUyplU6Zq5f6xUEnKhbE02dhXsZVTQNeHiz=w128-h128-c,#e0d9b8,224,217,184,0.69308066,YELLOW,#FDD835,253,216,53,7
qgG8o6ZjvJjrDA.jpg,qgG8o6ZjvJjrDA,Flowers on the veranda,Constantine Gorbatov,Fabergé Museum,/asset/flowers-on-the-veranda-constantine-gorbatov/qgG8o6ZjvJjrDA,https://lh3.googleusercontent.com/ci/AL18g_QB63GjUlngqYSUaK071vWKkcBwlAcB80w7JttBF3sUyF6vdIiLGq7VycUPGyoGB_E8BK2CBoMF=w128-h128-c,#e0d9b8,224,217,184,1.0787487,YELLOW,#FDD835,253,216,53,7
FAHYH_zT97NWNQ.jpg,FAHYH_zT97NWNQ,Chile and Argentina with the strait of Magellan,Unknown,Palazzo Vecchio Museum,/asset/chile-and-argentina-with-the-strait-of-magellan/FAHYH_zT97NWNQ,https://lh3.googleusercontent.com/ci/AL18g_RIbrp8kGAFrtRWpdHgWP14HpamGkQYXqAAgltRq80E6pc9UEvG8siECVuh2GBdoIlqaWLNQFU6=w128-h128-c,#e0d9b8,224,217,184,0.52813447,YELLOW,#FDD835,253,216,53,7
fQHmk7EOn06KHw.jpg,fQHmk7EOn06KHw,The spirit of the drought,Arthur STREETON,National Gallery of Australia,/asset/the-spirit-of-the-drought-arthur-streeton/fQHmk7EOn06KHw,https://lh3.googleusercontent.com/ci/AL18g_TTyUd2lYOcowWzwILNDrkACoJZTgV4B9TYyJh5JHe80SzLzNutfcLMWJmmR6vevgm_HArpDg=w128-h128-c,#e0d9b8,224,217,184,1.0618067,YELLOW,#FDD835,253,216,53,7
0AHNsXL1VvM93g.jpg,0AHNsXL1VvM93g,The Massacre of the Innocents,Pieter Brueghel II (according to Pieter Bruegel the Elder),Royal Museums of Fine Arts of Belgium,/asset/the-massacre-of-the-innocents-pieter-brueghel-ii-according-to-pieter-bruegel-the-elder/0AHNsXL1VvM93g,https://lh3.googleusercontent.com/ci/AL18g_RBJRVNMFHU7ApPpG1aBmlcGpp3HY-TCUr3oM_Z22WS6UP8qswRlBAX--Lq8XovnyI5CVAhYw=w128-h128-c,#e0d9b8,224,217,184,1.4005241,YELLOW,#FDD835,253,216,53,7
DQE0lNQZTcHdyg.jpg,DQE0lNQZTcHdyg,ARTHUR ST. CLAIR,"by Charles Willson Peale, from life","Independence National Historical Park, National Park Service",/asset/arthur-st-clair-by-charles-willson-peale-from-life/DQE0lNQZTcHdyg,https://lh3.googleusercontent.com/ci/AL18g_TWeVFJRYDrPqc_4jdVPw3MRIhMp6Zw3MWqcI4-Dud2Sx55-6CHVlWB8Rvwhv_kzZoT9sIx1MU=w128-h128-c,#e0d9b8,224,217,184,0.7925532,YELLOW,#FDD835,253,216,53,7
3wG2cqIA1Yd8oQ.jpg,3wG2cqIA1Yd8oQ,Avila Morning [The Ambles Valley],Unknown,Museo Nacional de Arte,/asset/avila-morning-the-ambles-valley/3wG2cqIA1Yd8oQ,https://lh3.googleusercontent.com/ci/AL18g_RqyNCgXCUH1D1on0VUZrENb9hjkd8NlPALFHZtxK25Ju-9P5lxU7X4Z2gUEn-wF4LXakPeIzra=w128-h128-c,#e0d9b8,224,217,184,1.2629911,YELLOW,#FDD835,253,216,53,7
gwHnsTpU4ydthw.jpg,gwHnsTpU4ydthw,Corn Harvest in Provence,Unknown,"The Israel Museum, Jerusalem",/asset/corn-harvest-in-provence/gwHnsTpU4ydthw,https://lh3.googleusercontent.com/ci/AL18g_RCHQlEX-umzCIkWM8v-1SnvGSkHN98ug-i6hKtxeakQyGl_zY92N6IirJg7bSDhWm81Vr0JNE=w128-h128-c,#e0d9b8,224,217,184,1.2186205,YELLOW,#FDD835,253,216,53,7
jAGUvWvxut3isQ.jpg,jAGUvWvxut3isQ,Yellow Leafed Poplars,KURODA Seiki,Iwami Art Museum,/asset/yellow-leafed-poplars-kuroda-seiki/jAGUvWvxut3isQ,https://lh3.googleusercontent.com/ci/AL18g_RDQFyDQjOPIpOv7ij5Oqx_q1-94FoM6ZgLRU6-N9dKZWHCAWAG93Sefm9rFdf-zJrf7m781Q=w128-h128-c,#e0d9b8,224,217,184,1.2373126,YELLOW,#FDD835,253,216,53,7
TQHMWfAEi5IXCw.jpg,TQHMWfAEi5IXCw,Natura morta (con scatola),Giorgio Morandi,La Galleria Nazionale d’Arte Moderna e Contemporanea,/asset/natura-morta-con-scatola-giorgio-morandi/TQHMWfAEi5IXCw,https://lh3.googleusercontent.com/ci/AL18g_Re2hjm5iHpWhoy9Sn3STzWpk9jU8blNw2lHluYxEcoOkZZ0SsAtQ-hqcHBpxxNEXS7LWSyGg=w128-h128-c,#e0d9b8,224,217,184,0.80633146,YELLOW,#FDD835,253,216,53,7
igHHOIS5IntFrA.jpg,igHHOIS5IntFrA,Venice Coat of Arms,Gaetano Lodi,Quirinale Palace,/asset/venice-coat-of-arms-gaetano-lodi/igHHOIS5IntFrA,https://lh3.googleusercontent.com/ci/AL18g_R1cP8I_nzmscuvqGyUDZ3BO9YlLO8MqqpG7sKfa6kWjuhogBw2YskbVfkHFm94YhZF18dz0Ik=w128-h128-c,#e0d9b8,224,217,184,0.77740866,YELLOW,#FDD835,253,216,53,7
7QFfklVZSFvnAA.jpg,7QFfklVZSFvnAA,Binodini,Ramkinkar Baij,National Gallery of Modern Art,/asset/binodini-ramkinkar-baij/7QFfklVZSFvnAA,https://lh3.googleusercontent.com/ci/AL18g_TrY1i1JQ3YBOXXnQJnkFXyLBsOr8ZB8DlrqRwAhj-dC73lr_2FYN_wkm2MUK6hRefn8FagfV0=w128-h128-c,#e0d9b8,224,217,184,0.59568584,YELLOW,#FDD835,253,216,53,7
9AEixZ_gSYx_cA.jpg,9AEixZ_gSYx_cA,Three girls watching TV,Liu Xiaodong,Hayward Gallery,/asset/three-girls-watching-tv-liu-xiaodong/9AEixZ_gSYx_cA,https://lh3.googleusercontent.com/ci/AL18g_S9C3rhZyyaJAUh-2yv-Mhsf9gqKwSXXL07wt1xT9hdcXBme3lzhCWCprCrbSCmABQWO_q2r-o=w128-h128-c,#e0d9b8,224,217,184,1.1076651,YELLOW,#FDD835,253,216,53,7
XQGpoHv1vH-CXw.jpg,XQGpoHv1vH-CXw,Turkey Vendor,Unknown,Projeto Portinari,/asset/turkey-vendor/XQGpoHv1vH-CXw,https://lh3.googleusercontent.com/ci/AL18g_Sh3dEPvDS-u6aT5NHq3Ajwk5nFUicRo8sDXLLV_2U7E4KH6yV5gyF5P6djN08kqnIIpgF_REQ=w128-h128-c,#e0d9b8,224,217,184,0.6895454,YELLOW,#FDD835,253,216,53,7
5wH_nDUx3XkzQA.jpg,5wH_nDUx3XkzQA,Girl with Braids and Bow,Unknown,Projeto Portinari,/asset/girl-with-braids-and-bow/5wH_nDUx3XkzQA,https://lh3.googleusercontent.com/ci/AL18g_QnYibuh9J_DmOQxAII8OdKB2axJeRK1YkSJLCmgGmp1swGHjB_vdXqGZIORFWMZrq6HEYMrQ=w128-h128-c,#e0d9b8,224,217,184,0.8447766,YELLOW,#FDD835,253,216,53,7
BQEAJ6jRMUDNPg.jpg,BQEAJ6jRMUDNPg,"Mexican Girl, Lucinda",Robert Henri,The Phillips Collection,/asset/mexican-girl-lucinda-robert-henri/BQEAJ6jRMUDNPg,https://lh3.googleusercontent.com/ci/AL18g_Snu7dFXiUpJ0djYZAu4q1dipRvluxFtwToceSlcitbwqS_dCB1CFq9lCsDalTvvwJTtRfD-QU=w128-h128-c,#e0d9b8,224,217,184,0.836375,YELLOW,#FDD835,253,216,53,7
ggHqQP1ifsagXw.jpg,ggHqQP1ifsagXw,Sheaves of Wheat,Unknown,Dallas Museum of Art,/asset/sheaves-of-wheat/ggHqQP1ifsagXw,https://lh3.googleusercontent.com/ci/AL18g_QWarKZK96gw0gUEuljQmmS-BiEC7uo4F9ERdmVrq4_O7jGomekx7uXyXhvgGUwPDBljSh7Iw=w128-h128-c,#e0d9b8,224,217,184,2.0342088,YELLOW,#FDD835,253,216,53,7
sQFM1ks6C1Lujg.jpg,sQFM1ks6C1Lujg,"Nine Cartoons for the Execution of a Frieze for the Dining Room of Stoclet House in Brussels: Part 8, Fulfillment (Lovers)",Gustav Klimt,MAK – Museum of Applied Arts,/asset/nine-cartoons-for-the-execution-of-a-frieze-for-the-dining-room-of-stoclet-house-in-brussels-part-8-fulfillment-lovers-gustav-klimt/sQFM1ks6C1Lujg,https://lh3.googleusercontent.com/ci/AL18g_QBofTbVi7ummBTylXrOmKTIoBC4IryLg-88TY7xlKU4IqDKfjJ4urnJH-qpN-07PPRuHzgweM=w128-h128-c,#e0d9b8,224,217,184,0.6131664,YELLOW,#FDD835,253,216,53,7
fQHDt-gVYnWb6g.jpg,fQHDt-gVYnWb6g,Reading the Story of Oenone,Francis Davis Millet,Detroit Institute of Arts,/asset/reading-the-story-of-oenone-francis-davis-millet/fQHDt-gVYnWb6g,https://lh3.googleusercontent.com/ci/AL18g_Srkas3in3Dtccc4ZaOmV3rFlc0v6mCSq3aY624stixe5Y56HPOoR8JPimIZOGATAb048ly9Q=w128-h128-c,#e0d9b8,224,217,184,1.9588639,YELLOW,#FDD835,253,216,53,7
2wGLbzmU4mVCVA.jpg,2wGLbzmU4mVCVA,"Haiti, Dominican Republic, Puerto Rico and French West Indies",Unknown,Palazzo Vecchio Museum,/asset/haiti-dominican-republic-puerto-rico-and-french-west-indies/2wGLbzmU4mVCVA,https://lh3.googleusercontent.com/ci/AL18g_Q_Wle3h-AP2xkiCeNDkKadK1DAbxJEkpKrOLyK8JQEtAsKX-WCUi25FlJ1oLDX4AFW_9kGbQ=w128-h128-c,#e0d8b8,224,216,184,0.6792529,YELLOW,#FDD835,253,216,53,7
8wFb8HxuSzR0iw.jpg,8wFb8HxuSzR0iw,Estudo para cabeça de caipira,Almeida Júnior,Pinacoteca de São Paulo,/asset/estudo-para-cabeça-de-caipira-almeida-júnior/8wFb8HxuSzR0iw,https://lh3.googleusercontent.com/ci/AL18g_S6GnoCWn-UABViYiWTA72jXlyDM2uqTPI_q9jlQ9C-MkMQPx_yGqDUAi9W9laxIfgOXUCgbg=w128-h128-c,#e0d9b8,224,217,184,0.81235874,YELLOW,#FDD835,253,216,53,7
1QE5vVHIx6u3vQ.jpg,1QE5vVHIx6u3vQ,Girl with a Basket of Fish,Auguste Renoir,"National Gallery of Art, Washington DC",/asset/girl-with-a-basket-of-fish-auguste-renoir/1QE5vVHIx6u3vQ,https://lh3.googleusercontent.com/ci/AL18g_S9OvGmKgiqWR7ycBlAVCdgVmzKWVyv7FxFq8l9AKeeuX_y5yVFWH0JhsKdZ-MYPtswz_Nj-w=w128-h128-c,#e0d9b8,224,217,184,0.31518555,YELLOW,#FDD835,253,216,53,7
JgF3dcay6J8rnA.jpg,JgF3dcay6J8rnA,View of Richmond Hill and Bridge,Joseph Mallord William Turner,Tate Britain,/asset/view-of-richmond-hill-and-bridge-joseph-mallord-william-turner/JgF3dcay6J8rnA,https://lh3.googleusercontent.com/ci/AL18g_TK8U57J64nqVTs12gxATdaZKj-uUhKZEb5zr5F1D-7pYfzZzcmjTVuKKPI2GWa7ER4XC3RbBz9=w128-h128-c,#e0d9b8,224,217,184,1.3349085,YELLOW,#FDD835,253,216,53,7
CQHMXfnjgUVWEA.jpg,CQHMXfnjgUVWEA,The Arlesienne,Unknown,"Musée d’Orsay, Paris",/asset/the-arlesienne/CQHMXfnjgUVWEA,https://lh3.googleusercontent.com/ci/AL18g_QnDrmaoMqermo82AkxL1ZXR3jHUaHJRUokg7WjKMfA1XJrNZHTqyi6idosat0TsM38ge499fc=w128-h128-c,#e0d9b8,224,217,184,0.7942602,YELLOW,#FDD835,253,216,53,7
hgGpwOXpWQD1og.jpg,hgGpwOXpWQD1og,Straw and Purple Visage,Terry Frost,Lakeland Arts - Abbot Hall Art Gallery and Museum,/asset/straw-and-purple-visage-terry-frost/hgGpwOXpWQD1og,https://lh3.googleusercontent.com/ci/AL18g_QPnBRG5jJpyE8ij0Bhl1SI5RUfv3_wYFqaGrBrU-ltLkVdfYDcFtWEDzo2XW91B3VvHUwc8g=w128-h128-c,#e0d9b8,224,217,184,1,YELLOW,#FDD835,253,216,53,7
AwHjV1lTTuhsbg.jpg,AwHjV1lTTuhsbg,"Church of Santa Maria della Febbre, Rome",Pieter Jansz Saenredam,"National Gallery of Art, Washington DC",/asset/church-of-santa-maria-della-febbre-rome-pieter-jansz-saenredam/AwHjV1lTTuhsbg,https://lh3.googleusercontent.com/ci/AL18g_SZDcmtvz-1iQRs7jcSEEW4XdbZm-G_vIQ1k44rmlICttA4hEQgFlPUgG5vJqdITOc-ue05ads=w128-h128-c,#e0d9b8,224,217,184,1.8608456,YELLOW,#FDD835,253,216,53,7
RwEH_w3Wno6bCQ.jpg,RwEH_w3Wno6bCQ,Train in the Countryside,Unknown,"Musée d’Orsay, Paris",/asset/train-in-the-countryside/RwEH_w3Wno6bCQ,https://lh3.googleusercontent.com/ci/AL18g_RhHfe8g5SZntgNT67Hd1ls3VA093qc5jF4ViZi-DVzYeXr0XAAigcZIQkwQh-SLzlpYom8nQ24=w128-h128-c,#e0d9b8,224,217,184,1.342614,YELLOW,#FDD835,253,216,53,7
qAEKSJ_6lWdWag.jpg,qAEKSJ_6lWdWag,The Port of Zaandam,Claude Monet,Museum Barberini,/asset/the-port-of-zaandam-claude-monet/qAEKSJ_6lWdWag,https://lh3.googleusercontent.com/ci/AL18g_SYa0hd2RNVoZbO-rzVM7NTg4KUbADDgSFw3E0HKTNsD6tTuUHZzrN4wLquEExs8rT0OKBkcRI=w128-h128-c,#e0d9b8,224,217,184,1.5680555,YELLOW,#FDD835,253,216,53,7
oAEe6g8J189ryg.jpg,oAEe6g8J189ryg,A Seminole Woman,"George Catlin, born Wilkes-Barre, PA 1796-died Jersey City, NJ 1872",Smithsonian American Art Museum,/asset/a-seminole-woman-george-catlin-born-wilkes-barre-pa-1796-died-jersey-city-nj-1872/oAEe6g8J189ryg,https://lh3.googleusercontent.com/ci/AL18g_Q_cWI85auVqblkQZrjTmmgjaaASV8rqkZLnTJ5zQspT-JM198aPjuBPXAyNK51-61r9tRzLjE=w128-h128-c,#e0d9b8,224,217,184,0.82091045,YELLOW,#FDD835,253,216,53,7
cQF0ri-dRUlkwA.jpg,cQF0ri-dRUlkwA,Mahadev Parvati,Ravi Varma Press Karla Lonavala,The Ganesh Shivaswamy Foundation,/asset/mahadev-parvati-ravi-varma-press-karla-lonavala-and-raja-ravi-varma/cQF0ri-dRUlkwA,https://lh3.googleusercontent.com/ci/AL18g_SgCW2qAs5dYcC1deouqZYBt_I2_-H3fySrzcxVUP--JnYpl9dRfPQXUhRg3f2uBNNWgA5XAA=w128-h128-c,#e0d9b8,224,217,184,0.7054598,YELLOW,#FDD835,253,216,53,7
UQFS3ig_p-WL0g.jpg,UQFS3ig_p-WL0g,Tulip Fields,"Dijsselhof, Gerrit Willem",Rijksmuseum,/asset/tulip-fields-dijsselhof-gerrit-willem/UQFS3ig_p-WL0g,https://lh3.googleusercontent.com/ci/AL18g_Qo4Xp6KSnWmShU1qTYsLj-C017wsRCsiq_FB1gwt_FNSIFyxbCN59zA4-TmLcNMcwuXMvElAKE=w128-h128-c,#e0d9b8,224,217,184,1.7671958,YELLOW,#FDD835,253,216,53,7
FAH-7uZIOA-VtA.jpg,FAH-7uZIOA-VtA,Love as Folly,Jean Honoré Fragonard,"National Gallery of Art, Washington DC",/asset/love-as-folly-jean-honoré-fragonard/FAH-7uZIOA-VtA,https://lh3.googleusercontent.com/ci/AL18g_QwHW7GwdWagCY6CxU3qoR2Nuqhe88adeZzK199nKaDq0Af9hs0j18kLvjOZKCGLNb-Ft2mYj0=w128-h128-c,#e0d9b8,224,217,184,0.81884766,YELLOW,#FDD835,253,216,53,7
nAFt4-B1LUosxQ.jpg,nAFt4-B1LUosxQ,By the Seine,Vincent van Gogh,Van Gogh Museum,/asset/by-the-seine-vincent-van-gogh/nAFt4-B1LUosxQ,https://lh3.googleusercontent.com/ci/AL18g_SpUnwbmMLjyRa0cLxRJ5bOdNiE-_tMmK_73lnxdQGveWSF8ogfKDRO-WeKy0LyiSOa7hmgxQ=w128-h128-c,#e0d9b8,224,217,184,1.336,YELLOW,#FDD835,253,216,53,7
2QEw2HAWGtdmEw.jpg,2QEw2HAWGtdmEw,Cows Crossing a Ford,Jules Dupré,The Metropolitan Museum of Art,/asset/cows-crossing-a-ford-jules-dupré/2QEw2HAWGtdmEw,https://lh3.googleusercontent.com/ci/AL18g_S0glOiJIGXQ8TtxLYtcg421LDD0DXtw7-oxdZ3HeMROp9YqIh_Fc1UEb_Axr8z1kwiVUfMo1U=w128-h128-c,#e0d9b8,224,217,184,1.6879586,YELLOW,#FDD835,253,216,53,7
sAG9Th54qmSXNA.jpg,sAG9Th54qmSXNA,Change of Ownership (The Stampede; Horse Thieves),Frederic Remington,"The Museum of Fine Arts, Houston",/asset/change-of-ownership-the-stampede-horse-thieves-frederic-remington/sAG9Th54qmSXNA,https://lh3.googleusercontent.com/ci/AL18g_SvQ6DbXHp7pbqrjgv8T_52zaTDoWWfjoK9OUr1SyIBXcXB7HZbbUhHlL_fmyAJUbzGcPaOYaQ=w128-h128-c,#e0d9b8,224,217,184,1.48423,YELLOW,#FDD835,253,216,53,7
PQFWk9HdEmkFYg.jpg,PQFWk9HdEmkFYg,April : (The Green Gown),Childe Hassam,Gibbes Museum of Art,/asset/april-the-green-gown-childe-hassam/PQFWk9HdEmkFYg,https://lh3.googleusercontent.com/ci/AL18g_TDRDrOZNrusi3I9akSdqhai4yDE--_aTmzyCqsyXRcbcEaoMjadEmCPAsOiRxuD8GjRmPi1o0=w128-h128-c,#e0d9b8,224,217,184,1.4698677,YELLOW,#FDD835,253,216,53,7
fwH6F0jDJy0vfQ.jpg,fwH6F0jDJy0vfQ,"The Port at sunset, Opus 236 (Saint-Tropez)",Paul Signac,Museum Barberini,/asset/the-port-at-sunset-opus-236-saint-tropez-paul-signac/fwH6F0jDJy0vfQ,https://lh3.googleusercontent.com/ci/AL18g_SASnk3CEdlPPqgd4V1Cvq93ZvI6m6RgVHcRYWyoKVQ_XNzOWLNf9Q9qCwgUGvYKi5IVFRz6FxJ=w128-h128-c,#e0d9b8,224,217,184,1.2476852,YELLOW,#FDD835,253,216,53,7
PgHVguXdgiq3Ig.jpg,PgHVguXdgiq3Ig,Houses in Hydra,Unknown,B & M Theocharakis Foundation for the Fine Arts and Music,/asset/houses-in-hydra/PgHVguXdgiq3Ig,https://lh3.googleusercontent.com/ci/AL18g_Qx6cUlzegFK2jwlVOYMUlwd5cPObeXAFCKKk86a_2NriPGK_IYt8RND92Ics2Sas1ZQqpl-A=w128-h128-c,#e0d9b8,224,217,184,0.9654649,YELLOW,#FDD835,253,216,53,7
AAEvcDP2fysu1Q.jpg,AAEvcDP2fysu1Q,Love the Sentinel,Jean Honoré Fragonard,"National Gallery of Art, Washington DC",/asset/love-the-sentinel-jean-honoré-fragonard/AAEvcDP2fysu1Q,https://lh3.googleusercontent.com/ci/AL18g_STQOdzxuT8XmbmNj32ZkLTG1N7Rh4wsvwCQqiKYFuScceMUEuF3LGzvooXLts7FZ_jCUq-Ic8=w128-h128-c,#e0d9b8,224,217,184,0.8413086,YELLOW,#FDD835,253,216,53,7
OQHQfd2Ui-Xg6w.jpg,OQHQfd2Ui-Xg6w,Der Ausgang - Karl,Georg Baselitz,Essl Museum - Contemporary Art,/asset/der-ausgang-karl-georg-baselitz/OQHQfd2Ui-Xg6w,https://lh3.googleusercontent.com/ci/AL18g_RYNSRZorA8HKIGsmhyWyIQCl7-GYoQQcCmcCVpEukwwU3Qj4NOkZz7TaZn8vjl16CKAatZKJI=w128-h128-c,#e0d9b8,224,217,184,0.80770415,YELLOW,#FDD835,253,216,53,7
owECaA67EHWgQA.jpg,owECaA67EHWgQA,Two Girls at the Well,Eduard Bendeman,Kunstpalast,/asset/two-girls-at-the-well-eduard-bendeman/owECaA67EHWgQA,https://lh3.googleusercontent.com/ci/AL18g_Qm6VSz-6O-AGIW1VhRma4CTKd0W2NKG3bJKlWG9OkWdyya1Q1-Hf_jEeLQvcOc5Bjx_4kdiVo=w128-h128-c,#e0d9b8,224,217,184,1.3354344,YELLOW,#FDD835,253,216,53,7
DwEltn8eFR--xQ.jpg,DwEltn8eFR--xQ,"Oó-je-en-á-he-a, Woman Who Lives in a Bear's Den","George Catlin, born Wilkes-Barre, PA 1796-died Jersey City, NJ 1872",Smithsonian American Art Museum,/asset/oó-je-en-á-he-a-woman-who-lives-in-a-bear-s-den-george-catlin-born-wilkes-barre-pa-1796-died-jersey-city-nj-1872/DwEltn8eFR--xQ,https://lh3.googleusercontent.com/ci/AL18g_QfbcoQVIxgAx--zYZky-9vOPvktnq0EnxY-xPrB88vY7vukhLK6bCIE55Io4gpd7Uq_HS9Iw=w128-h128-c,#e0d9b8,224,217,184,0.8128014,YELLOW,#FDD835,253,216,53,7
oAG5UeY3bHW46Q.jpg,oAG5UeY3bHW46Q,The Trappers' Return,George Caleb Bingham,Detroit Institute of Arts,/asset/the-trappers-return-george-caleb-bingham/oAG5UeY3bHW46Q,https://lh3.googleusercontent.com/ci/AL18g_TpMTC5TfoRMwvnkBYX-RwJKheNxtW5WMsUrCJqAgX6ELGXnVENYpXQv1AtiTJHZav0qmT4QstF=w128-h128-c,#e0d8b8,224,216,184,1.4025974,YELLOW,#FDD835,253,216,53,7
uQEIjJel_SVb9w.jpg,uQEIjJel_SVb9w,Blanes Beach,Joan Roig i Soler,"Museu Nacional d'Art de Catalunya - MNAC, Barcelona",/asset/blanes-beach-joan-roig-i-soler/uQEIjJel_SVb9w,https://lh3.googleusercontent.com/ci/AL18g_QxNrXIbHPeJrbChR-TOOhGOFRyD_eLaXgHRkiFng9mzE4cHCW8BX_buRjF4YSt2578c5hXEJc=w128-h128-c,#e0d9b8,224,217,184,1.3512931,YELLOW,#FDD835,253,216,53,7
HQFSu8d7gfSlbg.jpg,HQFSu8d7gfSlbg,The Haymaker,Unknown,MUNCH,/asset/the-haymaker/HQFSu8d7gfSlbg,https://lh3.googleusercontent.com/ci/AL18g_QYBEuJ5XCXzR35ITXd5g5h-23JayfiN1Rc7_u7oPZoRKZe-n3r_2vHrfzqB6F48MQhi3c1P0s=w128-h128-c,#e0d9b8,224,217,184,1.1634461,YELLOW,#FDD835,253,216,53,7
YgGZoU1UbrsxHA.jpg,YgGZoU1UbrsxHA,"Washington Bridge, New York City",Unknown,Delaware Art Museum,/asset/washington-bridge-new-york-city/YgGZoU1UbrsxHA,https://lh3.googleusercontent.com/ci/AL18g_QDU74VMWyB1GgTg7bhCS74e5rQndswo6XpqIXM-n3dkFEShlItgFbtth2W5qJkj3cz-XAEXQ=w128-h128-c,#e0d9b8,224,217,184,1.200341,YELLOW,#FDD835,253,216,53,7
_wEY2hHYxq1sqg.jpg,_wEY2hHYxq1sqg,"View of the River, Vernon",Pierre Bonnard,National Galleries Scotland: Modern,/asset/view-of-the-river-vernon-pierre-bonnard/_wEY2hHYxq1sqg,https://lh3.googleusercontent.com/ci/AL18g_RU1PLrmJ1R0hL5MZZr-vVhE-0TWyxVz--GwxF_FFXS6mS8jRn_A5CZ1zTPUA679UOLyOJvylQ=w128-h128-c,#e0d9b8,224,217,184,0.9616461,YELLOW,#FDD835,253,216,53,7
QgFSTl8GqMrGYQ.jpg,QgFSTl8GqMrGYQ,Woman at the Café,Antonio Donghi,Ca' Pesaro - Galleria Internazionale d'Arte Moderna,/asset/woman-at-the-café-antonio-donghi/QgFSTl8GqMrGYQ,https://lh3.googleusercontent.com/ci/AL18g_Q-lkQQJrcmEZDcMkF2DnYswxIFTn6ae4FIjsZyGOfwDKbV4U8nOCoBtGvltIk0g_AzD3R1wvs=w128-h128-c,#e0d9b8,224,217,184,0.74990135,YELLOW,#FDD835,253,216,53,7
qgEqADqnX55tnQ.jpg,qgEqADqnX55tnQ,900-50-80,Olga Albizu,Museo de Arte de Puerto Rico,/asset/900-50-80-olga-albizu/qgEqADqnX55tnQ,https://lh3.googleusercontent.com/ci/AL18g_TLZoUVe76Ih3kMokqFZTrHRPht2EvzlLr6ipaw34xvT_F4ozzQRUgf8F6-u27gcxLT3o5eBJM=w128-h128-c,#e0d9b8,224,217,184,1.1408234,YELLOW,#FDD835,253,216,53,7
ugFhL6TH2zuk3g.jpg,ugFhL6TH2zuk3g,"View of the Via Sacra, Rome",C.W. Eckersberg,Ny Carlsberg Glyptotek,/asset/view-of-the-via-sacra-rome-c-w-eckersberg/ugFhL6TH2zuk3g,https://lh3.googleusercontent.com/ci/AL18g_SP2GqYkDA8LiJ7WCSRKIJENZ0PwGYqiuHqrJA0LXti7RelYJTSEOz_LcaC6iTpsf9JajXNivB1=w128-h128-c,#e0d9b8,224,217,184,1.1600404,YELLOW,#FDD835,253,216,53,7
pAGQqkp_Ydq_0Q.jpg,pAGQqkp_Ydq_0Q,Jockeys on Horseback before Distant Hills,Edgar Degas,Detroit Institute of Arts,/asset/jockeys-on-horseback-before-distant-hills-edgar-degas/pAGQqkp_Ydq_0Q,https://lh3.googleusercontent.com/ci/AL18g_TzKYwtJEdd7v8stpdewi0rjvGfYGpbKV_lLf-FUeLIvGfdgHBLIbS-SZ0X1JP7kAFSqJFucHIc=w128-h128-c,#e0d9b8,224,217,184,1.1958146,YELLOW,#FDD835,253,216,53,7
HAFL4uk7fnVUzA.jpg,HAFL4uk7fnVUzA,La Plaza Mayor de la ciudad de México,Carlos Paris,Museo Franz Mayer,/asset/la-plaza-mayor-de-la-ciudad-de-méxico-carlos-paris/HAFL4uk7fnVUzA,https://lh3.googleusercontent.com/ci/AL18g_TpDxoEOQD2Svq3X63ClVuJdDI_pYOMaBzoybZISvmpdNJjCYJ5zAa-_SDubaYp2vh0vxdykvM=w128-h128-c,#e0d9b8,224,217,184,1.2405485,YELLOW,#FDD835,253,216,53,7
CgHVNVff1gHClw.jpg,CgHVNVff1gHClw,Approach to Venice,Joseph Mallord William Turner,"National Gallery of Art, Washington DC",/asset/approach-to-venice-joseph-mallord-william-turner/CgHVNVff1gHClw,https://lh3.googleusercontent.com/ci/AL18g_QMZ0VO7s47QSvbkyO_6NIq4Z2GQ9zRajjWyJG1A0r0h79cxX68h-jytLzvaakiPyJXQBLi9Q=w128-h128-c,#e0d9b8,224,217,184,1.5086826,YELLOW,#FDD835,253,216,53,7
NgFB8zIfv9z3jw.jpg,NgFB8zIfv9z3jw,Assassination of President Lincoln,Joseph Edward Baker,Smithsonian's National Portrait Gallery,/asset/assassination-of-president-lincoln-joseph-edward-baker/NgFB8zIfv9z3jw,https://lh3.googleusercontent.com/ci/AL18g_SduQKp--M7s8bQyUK6-67Iq5ZD998elveqXEYHyMKGZIzQr1sbqplTRSTd6c0rcQP9S8w3O1lk=w128-h128-c,#e0d9b8,224,217,184,1.2009444,YELLOW,#FDD835,253,216,53,7
dwHqTm8sg0sYFg.jpg,dwHqTm8sg0sYFg,Apollon recevant la lyre,Unknown,Opéra national de Paris,/asset/apollon-recevant-la-lyre/dwHqTm8sg0sYFg,https://lh3.googleusercontent.com/ci/AL18g_RvuMQ5ptkoIokc-_lfN3vHoqIE_BvNaOEmsGJ-tItL9ZLWdwrNPl11F2S5q2qByry-IsAR2w=w128-h128-c,#e0d8b8,224,216,184,1.4837134,YELLOW,#FDD835,253,216,53,7
AQG7xcf-9biicQ.jpg,AQG7xcf-9biicQ,Zoo; penguins,Charles Paine,London Transport Museum,/asset/zoo-penguins-charles-paine/AQG7xcf-9biicQ,https://lh3.googleusercontent.com/ci/AL18g_RVjzpP2-LdTWD-RZM39OV4P2XYlvfSd6Lxkz401K8kuSpMUuui0lYYpcNvq0JjZWZ1-xj0exk=w128-h128-c,#e0d9b8,224,217,184,0.7199332,YELLOW,#FDD835,253,216,53,7
ggGt7PdHA7z39w.jpg,ggGt7PdHA7z39w,Criminal Being Executed,Peter Saul,Blanton Museum of Art,/asset/criminal-being-executed-peter-saul/ggGt7PdHA7z39w,https://lh3.googleusercontent.com/ci/AL18g_RswX3R3KpJaX1Erevg27lAmW_84P3C9sK-ThgdlIRG_wuS0bc4UBQKU2IG_jSnMdzIG1slSbQ9=w128-h128-c,#e0d9b8,224,217,184,0.84518516,YELLOW,#FDD835,253,216,53,7
_gF2oSS_2kErIA.jpg,_gF2oSS_2kErIA,The breakfast table,John Brack,Art Gallery of New South Wales,/asset/the-breakfast-table-john-brack/_gF2oSS_2kErIA,https://lh3.googleusercontent.com/ci/AL18g_RjBZwsR4rv9k82y4G7CU5aiooIP6GeAzA7NTzxYifTMAyx4fAI3QU7aHw6EO_Gakh2f_pTxGo=w128-h128-c,#e0e0b8,224,224,184,0.55475,YELLOW,#FDD835,253,216,53,7
EgHq81Burd0SXg.jpg,EgHq81Burd0SXg,"(The Point, sunset)",Arthur STREETON,National Gallery of Australia,/asset/the-point-sunset-arthur-streeton/EgHq81Burd0SXg,https://lh3.googleusercontent.com/ci/AL18g_RyumBA_4mclGk93m-eXHNCm3wUwX52uQdWJX_gSokp4SbydPrGw-zIPFysgUsKIoqE61lqNHaf=w128-h128-c,#e0d9b8,224,217,184,1.5771222,YELLOW,#FDD835,253,216,53,7
3AFItk6OFPc6QQ.jpg,3AFItk6OFPc6QQ,"Sem título (cópia da obra original de Almeida Júnior ""Caipira picando fumo"")",João Baptista da Costa,Pinacoteca de São Paulo,/asset/sem-título-cópia-da-obra-original-de-almeida-júnior-caipira-picando-fumo-joão-baptista-da-costa/3AFItk6OFPc6QQ,https://lh3.googleusercontent.com/ci/AL18g_ShYX4oTrcmDZHL8IWzMB9YZi3M2beQFXzyb1THgOLlf1RLstKqXul_gVrQI_29bj1hKuZox3Q=w128-h128-c,#e0d9b8,224,217,184,0.7896356,YELLOW,#FDD835,253,216,53,7
2QHA4S_wHfTf-g.jpg,2QHA4S_wHfTf-g,The Slav Epic - Cicle XX,Alphonse Mucha,Centro Cultural Banco do Brasil Rio de Janeiro,/asset/the-slav-epic-cicle-xx-alphonse-mucha/2QHA4S_wHfTf-g,https://lh3.googleusercontent.com/ci/AL18g_TjYKCQcru537L8mY6U0Mgv9_9dgK1o6Xg_BRYd-61fjbtb9fINlft6x8YCP2a4bN4SPdq8QQ=w128-h128-c,#e0d9b8,224,217,184,0.8682456,YELLOW,#FDD835,253,216,53,7
hgEat5lc5mhmvw.jpg,hgEat5lc5mhmvw,The new house,John Brack,Art Gallery of New South Wales,/asset/the-new-house-john-brack/hgEat5lc5mhmvw,https://lh3.googleusercontent.com/ci/AL18g_RHpjfPhNBqcU9RltKszt18ARPtgp85X5c2DFG9_kXAE4fYa74RrrWJtSSk1Fo0BQ6HAxxOkJ44=w128-h128-c,#e0d9b8,224,217,184,0.42675,YELLOW,#FDD835,253,216,53,7
ZwHHNntVh8XH0A.jpg,ZwHHNntVh8XH0A,"Nathanael Green (1742-1786) by Charles Wilson Peale, from life, 1783","PEALE, CHARLES WILLSON","Independence National Historical Park, National Park Service",/asset/nathanael-green-1742-1786-by-charles-wilson-peale-from-life-1783-peale-charles-willson/ZwHHNntVh8XH0A,https://lh3.googleusercontent.com/ci/AL18g_QJ_arqU51nWmF1DHEK-dj4Wc-W2r22zovKw3TnekfhbR1-jaiBDJL2rrI6mh0plrPC8DyCSqU=w128-h128-c,#e0d9b8,224,217,184,0.8471616,YELLOW,#FDD835,253,216,53,7
RwEP2I8kbX_SWg.jpg,RwEP2I8kbX_SWg,Breton girl spinning,Paul Gauguin,Van Gogh Museum,/asset/breton-girl-spinning-paul-gauguin/RwEP2I8kbX_SWg,https://lh3.googleusercontent.com/ci/AL18g_TG6EnEQ-EV7GNEmouxwxUexgPHrY7CKFno7ege5QnWiKyPZgsK7X9zWXAlto6tBwjXesdX8r4=w128-h128-c,#e0d9b8,224,217,184,0.461363,YELLOW,#FDD835,253,216,53,7
IQE3TvdWxyst6g.jpg,IQE3TvdWxyst6g,Flora de Puerto Rico,Ángel Botello Barros,Museo de Arte de Puerto Rico,/asset/flora-de-puerto-rico-Ángel-botello-barros/IQE3TvdWxyst6g,https://lh3.googleusercontent.com/ci/AL18g_Swhe9r73Ykwc3VatxCeGp9v2NsiLNgSH6dXPxZPWknQqGXwL3-1JZAk8Z9kBXjB0PB8SWAgf8=w128-h128-c,#e0d8b8,224,216,184,1.6414474,YELLOW,#FDD835,253,216,53,7
5AFpuy3rL0ysTQ.jpg,5AFpuy3rL0ysTQ,Farmhouse in Provence,Vincent van Gogh,"National Gallery of Art, Washington DC",/asset/farmhouse-in-provence-vincent-van-gogh/5AFpuy3rL0ysTQ,https://lh3.googleusercontent.com/ci/AL18g_SX7eFBfYzb2UJNDvdK0zIjM5UEna3QKqRWk55HZizkK8AP_1pjzxugJBGzBGnqDyW6w1eoaR_o=w128-h128-c,#e0d9b8,224,217,184,1.3333334,YELLOW,#FDD835,253,216,53,7
sQEcvLBigyrRDg.jpg,sQEcvLBigyrRDg,Coffee Plantation,Unknown,Projeto Portinari,/asset/coffee-plantation/sQEcvLBigyrRDg,https://lh3.googleusercontent.com/ci/AL18g_SoCWDqHbG7DhfDXxlfNSNpEmu7JqRoubU4zqYUuzx5n6czot4-x7-9Q_YvrRxR5VUsEHgab5o=w128-h128-c,#e0d8b8,224,216,184,1.1380769,YELLOW,#FDD835,253,216,53,7
cQFz1T6_VAz7SQ.jpg,cQFz1T6_VAz7SQ,Mediterranean Harbor Scene,Pierre-Jacques Volaire,The J. Paul Getty Museum,/asset/mediterranean-harbor-scene-pierre-jacques-volaire/cQFz1T6_VAz7SQ,https://lh3.googleusercontent.com/ci/AL18g_S8cemUL1yDgj3L56XrGpBY6vPMLceHhGT0ZJaGkI7ASLpgOCyEZ44JmSMKnrfWpyHgOIgj2Q=w128-h128-c,#e0d9b8,224,217,184,1.3806694,YELLOW,#FDD835,253,216,53,7
mQEldc6A3No-sg.jpg,mQEldc6A3No-sg,Portrait of Camille Roulin,Vincent van Gogh,Van Gogh Museum,/asset/portrait-of-camille-roulin-vincent-van-gogh/mQEldc6A3No-sg,https://lh3.googleusercontent.com/ci/AL18g_T2SrRXptIw8VdXKlQh8NQ4mobZCbT2pxhJuiL2mAS_b60IjlhbRDTRe5LPTcNX5MTtiuaYybyu=w128-h128-c,#e0d9b8,224,217,184,0.8235,YELLOW,#FDD835,253,216,53,7
9gG_fULeQa846Q.jpg,9gG_fULeQa846Q,Scalp Dance - Sioux,George Catlin,"National Gallery of Art, Washington DC",/asset/scalp-dance-sioux-george-catlin/9gG_fULeQa846Q,https://lh3.googleusercontent.com/ci/AL18g_QML7RCDC8axm09nanhtQk9rl5aVhIDUnIgi5pia4TtHs2DX9kQx0CJrW1GPrzz64T2YXd61J8g=w128-h128-c,#e0d9b8,224,217,184,1.2804097,YELLOW,#FDD835,253,216,53,7
QgFnhweQifHuJg.jpg,QgFnhweQifHuJg,Boys Playing,Unknown,Projeto Portinari,/asset/boys-playing/QgFnhweQifHuJg,https://lh3.googleusercontent.com/ci/AL18g_SyltwSUPzRHxE21j1dVyXAQdFoNk2eNMwj8toBWSfsZFZjvkBuXxDtti5IBilFFfhkoHkOKH4=w128-h128-c,#e0d9b8,224,217,184,1.2302493,YELLOW,#FDD835,253,216,53,7
kgE0npya1bf49g.jpg,kgE0npya1bf49g,Wheatfield,Vincent van Gogh,Van Gogh Museum,/asset/wheatfield-vincent-van-gogh/kgE0npya1bf49g,https://lh3.googleusercontent.com/ci/AL18g_Srz0vh831v0l7Ij6l43AVy1meIz0ruqoaVyvZtMIASDvprpQuP1C7pHmbkAaEzCcjJ9I_g5uo=w128-h128-c,#e0d9b8,224,217,184,1.2064517,YELLOW,#FDD835,253,216,53,7
1wHqVSZhogkCzQ.jpg,1wHqVSZhogkCzQ,Father Anchieta,Unknown,Projeto Portinari,/asset/father-anchieta/1wHqVSZhogkCzQ,https://lh3.googleusercontent.com/ci/AL18g_Sn2K7sw4a8rN-FK7dys-tTyxGD3fmjbEHRu4BuqzzoSJKJ9SyF49DTr_T03vs3ZNmkyCwT5v_m=w128-h128-c,#e0d9b8,224,217,184,0.828664,YELLOW,#FDD835,253,216,53,7
SQEIh20YFarZFg.jpg,SQEIh20YFarZFg,Two Young Girls among Flowers,Odilon Redon,"The Museum of Fine Arts, Houston",/asset/two-young-girls-among-flowers-odilon-redon/SQEIh20YFarZFg,https://lh3.googleusercontent.com/ci/AL18g_R7vtpH2bCyXc8MUi3d5iBQeFwkhoCa3qiQw8FporwCNR6sIiMYGQyKHnqZIvCo-uUgJBT-b0GX=w128-h128-c,#e0d9b8,224,217,184,0.8175,YELLOW,#FDD835,253,216,53,7
xQE0vnA7_RyFUQ.jpg,xQE0vnA7_RyFUQ,Scarecrow,Unknown,Projeto Portinari,/asset/scarecrow/xQE0vnA7_RyFUQ,https://lh3.googleusercontent.com/ci/AL18g_SHwodN_96BTdmNn3A_CVqBAOqlBBIHegNKsDfJK56ipx1PPaf2sEesd-NHo42D1N82RYLNnfY=w128-h128-c,#e0d9b8,224,217,184,0.6221709,YELLOW,#FDD835,253,216,53,7
qwF8ceNjOfiFgA.jpg,qwF8ceNjOfiFgA,Ely's Bridge,William L. Lathrop,The Phillips Collection,/asset/ely-s-bridge-william-l-lathrop/qwF8ceNjOfiFgA,https://lh3.googleusercontent.com/ci/AL18g_RX2VciDUfArtfxw4VsxiIDHI-auzH2TWiyedvdQFeZIQjeLKeF_9d_LK5Fvi0xcoDHL9M8cFo=w128-h128-c,#e0d9b8,224,217,184,1.1370096,YELLOW,#FDD835,253,216,53,7
agEQ3z1kbx5qrg.jpg,agEQ3z1kbx5qrg,"Daniel Morgan (1736-1802) by Charles Wilson Peale, from life, c. 1794","PEALE, CHARLES WILLSON","Independence National Historical Park, National Park Service",/asset/daniel-morgan-1736-1802-by-charles-wilson-peale-from-life-c-1794-peale-charles-willson/agEQ3z1kbx5qrg,https://lh3.googleusercontent.com/ci/AL18g_TeSYCGyHK3WDwGLSkddRhtZd5cyF-Jk6rlOt11KUX2Z4qVbS7bZvUFR0YIus5sV54GlsAqUyU=w128-h128-c,#e0d9b8,224,217,184,0.8431023,YELLOW,#FDD835,253,216,53,7
VAHBnZMghX81bA.jpg,VAHBnZMghX81bA,An Old-Time Plains Fight,Frederic Remington,Frederic Remington Art Museum,/asset/an-old-time-plains-fight-frederic-remington/VAHBnZMghX81bA,https://lh3.googleusercontent.com/ci/AL18g_To4lIv52_ttsQoRM-5YEbmeFewNWE_C5G7rwDim4OQINZ-kimFoM9m9VWPzicxVqt_0-k46Ac=w128-h128-c,#e0d9b8,224,217,184,1.4826068,YELLOW,#FDD835,253,216,53,7
kQFn_-9Uz8bMaA.jpg,kQFn_-9Uz8bMaA,Mask Series 1996 No. 6,Zeng Fanzhi,UCCA Center for Contemporary Art,/asset/mask-series-1996-no-6-zeng-fanzhi/kQFn_-9Uz8bMaA,https://lh3.googleusercontent.com/ci/AL18g_SYC7ja_9RbLqtcKeUkdyVPNt8pT-U4rF4ZXCUqo20iMrQDFcILGwhu9yMUDnjp-YslByWYqIw=w128-h128-c,#e0d8b8,224,216,184,1.8036072,YELLOW,#FDD835,253,216,53,7
iQEVq1aBHr4iVw.jpg,iQEVq1aBHr4iVw,Scarecrow,Unknown,Projeto Portinari,/asset/scarecrow/iQEVq1aBHr4iVw,https://lh3.googleusercontent.com/ci/AL18g_TGUMlFClQALtpcCQBF7xS9xQiKhq3yEE9uBc0Txe_b0ITOQMCAmyr8NMxK4BKenX11yA3ahm4=w128-h128-c,#e0d9b8,224,217,184,0.767952,YELLOW,#FDD835,253,216,53,7
mgEbFXqO2uy_Iw.jpg,mgEbFXqO2uy_Iw,Ca d'Oro,José Moreno Carbonero,Museo Carmen Thyssen Málaga,/asset/ca-d-oro-josé-moreno-carbonero/mgEbFXqO2uy_Iw,https://lh3.googleusercontent.com/ci/AL18g_RIcYMzcm_N7_6WyaIzEkNCKtfZOapd51z8HnMeEF4YzvbSV0Hrqpdw-suBZCgEaFWYfwm1gH0=w128-h128-c,#e0d9b8,224,217,184,0.85126144,YELLOW,#FDD835,253,216,53,7
XAFFrrzmY0rRmQ.jpg,XAFFrrzmY0rRmQ,Vishwamitra Menaka,Ravi Varma Press,Raja Ravi Varma Heritage Foundation,/asset/vishwamitra-menaka-ravi-varma-press/XAFFrrzmY0rRmQ,https://lh3.googleusercontent.com/ci/AL18g_Rzyiqy5tctRtBWbL9LW3JsmrZH-qwy-ED7H8_bV3Nab0v44cXKOfk3NteDeHZUR1r3mfkya9M=w128-h128-c,#e0d9b8,224,217,184,0.76480603,YELLOW,#FDD835,253,216,53,7
cQGFWbATPVayug.jpg,cQGFWbATPVayug,A Monk Looking in a Mirror,Carl Bloch,The Nivaagaard Collection,/asset/a-monk-looking-in-a-mirror-carl-bloch/cQGFWbATPVayug,https://lh3.googleusercontent.com/ci/AL18g_SYDrLlogXmHE5Ghylx5fvveGaiJLPBtfJ6leACkQ6qUaiT2FZYKpXVy9B6HrqDtMm9LNAkeJs=w128-h128-c,#e0d9b8,224,217,184,0.76469266,YELLOW,#FDD835,253,216,53,7
NgGn-TZE5omwqw.jpg,NgGn-TZE5omwqw,The view of the dome,Correggio,Complesso di San Giovanni Evangelista,/asset/the-view-of-the-dome-correggio/NgGn-TZE5omwqw,https://lh3.googleusercontent.com/ci/AL18g_RFT2ClHL9PUkenxFoqeWo3OPJd9QziyL60pExEpFwAl4GESrcJ9uV6cQTC3IFR1czCxkrpgxVU=w128-h128-c,#e0d9b8,224,217,184,1.5,YELLOW,#FDD835,253,216,53,7
HQENS51_Zzr0HA.jpg,HQENS51_Zzr0HA,Beach Scene,Eugène Boudin,"National Gallery of Art, Washington DC",/asset/beach-scene-eugène-boudin/HQENS51_Zzr0HA,https://lh3.googleusercontent.com/ci/AL18g_QCzNEDMR-uYimROo5EyFzynZSVTWIhKtijaicNW7Ohh6yadhzVskKOZdnbabQc6WXOvm0SFf4=w128-h128-c,#e0d9b8,224,217,184,1.5404288,YELLOW,#FDD835,253,216,53,7
-AH-50z4Z0TqEA.jpg,-AH-50z4Z0TqEA,Man,Unknown,Projeto Portinari,/asset/man/-AH-50z4Z0TqEA,https://lh3.googleusercontent.com/ci/AL18g_QFNshVtd7Ke3ZYovSXEpeUPT22npOtgN7blOk7gc_hdwf4BYcnIzyXrO-fSg706gA_oVZ-HzRI=w128-h128-c,#e0d9b8,224,217,184,0.6536905,YELLOW,#FDD835,253,216,53,7
cAFJrIO7uCfN4A.jpg,cAFJrIO7uCfN4A,Beach at Estepona with a View of the Rock of Gibraltar,Fritz Bamberger,Museo Carmen Thyssen Málaga,/asset/beach-at-estepona-with-a-view-of-the-rock-of-gibraltar-fritz-bamberger/cAFJrIO7uCfN4A,https://lh3.googleusercontent.com/ci/AL18g_SfMtqXkC9a8_PekeTPBlT5vE-OAlQmNITFsu1txIUIuerPZTytuZ4T83m61Of9XK48mka3UDq2=w128-h128-c,#e0d9b8,224,217,184,1.5688155,YELLOW,#FDD835,253,216,53,7
vwGb3MJdCB56GQ.jpg,vwGb3MJdCB56GQ,Horse in a Landscape,Franz Marc,Museum Folkwang,/asset/horse-in-a-landscape-franz-marc/vwGb3MJdCB56GQ,https://lh3.googleusercontent.com/ci/AL18g_T5NpqGFMvGw8bFhfAqFN8Y1vUbylRNE7CurmN4Q65preIzvA-lyJ_RPPYb1i03kOoSRuMgFw=w128-h128-c,#e0d9b8,224,217,184,1.3347571,YELLOW,#FDD835,253,216,53,7
jgHPoRwZ69Iy7g.jpg,jgHPoRwZ69Iy7g,Shoo off Birds,Acácio Lino,Dionísio Pinheiro And Alice Cardoso Pinheiro Foundation,/asset/shoo-off-birds-acácio-lino/jgHPoRwZ69Iy7g,https://lh3.googleusercontent.com/ci/AL18g_S-zH3EPCBWrDibKh1qZrCZKaP9uM3hB0kvyI-dstfiPO-rt_0cEHiZaDYLQTqjo1oq8EVsMj-w=w128-h128-c,#e0d9b8,224,217,184,1.3985507,YELLOW,#FDD835,253,216,53,7
HAHO0hHiVA7qRQ.jpg,HAHO0hHiVA7qRQ,Flowers in a Vase,Odilon Redon,"National Gallery of Art, Washington DC",/asset/flowers-in-a-vase-odilon-redon/HAHO0hHiVA7qRQ,https://lh3.googleusercontent.com/ci/AL18g_T7X3VouydV3MKRv2iekJC9xjOyOIUP-Rz74aC3mS_lSWVT8_BNZoRJ6i-o49y0TAAjKjjyo1Q=w128-h128-c,#e0d9b8,224,217,184,0.70654297,YELLOW,#FDD835,253,216,53,7
tgHguAmF6k2-EA.jpg,tgHguAmF6k2-EA,The Village of Gardanne (Le Village de Gardanne),Unknown,Brooklyn Museum,/asset/the-village-of-gardanne-le-village-de-gardanne/tgHguAmF6k2-EA,https://lh3.googleusercontent.com/ci/AL18g_TN2anQPyPAM4AW1y0F-1ccsxgGBEDBTjQBh9ttiZp81oFcmL3FTbIeC_mtZtB8xw7VpcX8PPI=w128-h128-c,#e0d9b8,224,217,184,0.79945105,YELLOW,#FDD835,253,216,53,7
owHX9S6BaSf_XQ.jpg,owHX9S6BaSf_XQ,Returning from the Haunts of the Seafowl,William Collins,"Walker Art Gallery, Liverpool",/asset/returning-from-the-haunts-of-the-seafowl-william-collins/owHX9S6BaSf_XQ,https://lh3.googleusercontent.com/ci/AL18g_SGq73M1cEnd0VwOC333S-RqUgszK4xDudiystPvokzuYX3Zfo0JqRAlACPCvTi-tN52yN2CD75=w128-h128-c,#e0d9b8,224,217,184,0.7680525,YELLOW,#FDD835,253,216,53,7
nAGIQ8ccydN8Dw.jpg,nAGIQ8ccydN8Dw,On Building Bridges,Colin McCahon,Auckland Art Gallery Toi o Tāmaki,/asset/on-building-bridges-colin-mccahon/nAGIQ8ccydN8Dw,https://lh3.googleusercontent.com/ci/AL18g_SCfFfdr-SQ9hq-K6R9llnNNvN56KVHT4Kdl_jotGSSF1IIorSaR4-txpOpKA8I7Qqv3sXsqLRN=w128-h128-c,#e0d9b8,224,217,184,2.3121576,YELLOW,#FDD835,253,216,53,7
iwF2TYy77DZRVA.jpg,iwF2TYy77DZRVA,"Mt.Fudesute, Sakanoshita, from the series the Fifty-three Stations of the Tokaido (Hoeido edition)",Utagawa Hiroshige,Nakagawa-machi bato hiroshige art of museum,/asset/mt-fudesute-sakanoshita-from-the-series-the-fifty-three-stations-of-the-tokaido-hoeido-edition-utagawa-hiroshige/iwF2TYy77DZRVA,https://lh3.googleusercontent.com/ci/AL18g_TYdBMALtMjuB66y_2UdUJfLQXlNF4oHN9WtPPfWfF-65JF6WlCgCuFM_i4PkBPL1d3e1hW9k0=w128-h128-c,#e0d9b8,224,217,184,1.5497357,YELLOW,#FDD835,253,216,53,7
jwGzFVoOXvQn-w.jpg,jwGzFVoOXvQn-w,"Argenteuil, Late Afternoon",Claude Monet,Museum Barberini,/asset/argenteuil-late-afternoon-claude-monet/jwGzFVoOXvQn-w,https://lh3.googleusercontent.com/ci/AL18g_RyGNaPJF5NqWSBCUMrnYJ6AwujlQN3zhyQ6g2JTL6eqIOM4qopKmU6eF95BySpO_5hGYlg65X5=w128-h128-c,#e0d9b8,224,217,184,1.3638889,YELLOW,#FDD835,253,216,53,7
sAGHXVqYqO53_w.jpg,sAGHXVqYqO53_w,"William Smallwood (1732-1792) by Charles Wilson Peale, from life, 1781-1782","PEALE, CHARLES WILLSON","Independence National Historical Park, National Park Service",/asset/william-smallwood-1732-1792-by-charles-wilson-peale-from-life-1781-1782-peale-charles-willson/sAGHXVqYqO53_w,https://lh3.googleusercontent.com/ci/AL18g_Sc_qnPrEmwyMaO1RBKUEfR89EDCRdBmUgLAKl_MuIdtljw6mlx549Y_UGYthPaCl_UhpwXfXWi=w128-h128-c,#e0d9b8,224,217,184,0.846816,YELLOW,#FDD835,253,216,53,7
ygG-uS1jPVvxLA.jpg,ygG-uS1jPVvxLA,The raising of Lazarus (after Rembrandt),Vincent van Gogh,Van Gogh Museum,/asset/the-raising-of-lazarus-after-rembrandt-vincent-van-gogh/ygG-uS1jPVvxLA,https://lh3.googleusercontent.com/ci/AL18g_SwNJAlO_29rJOzcOIo-YcuNtkjhMGv8PiMmSIoThA49BDkpc-Ew5xgo0JPFH5wCaYjY-m-EEE=w128-h128-c,#e0d9b8,224,217,184,1.307258,YELLOW,#FDD835,253,216,53,7
zwEM1wk13VlC5g.jpg,zwEM1wk13VlC5g,After Them,"Walter Ufer, born Louisville, KY 1876-died Santa Fe, NM 1936",Smithsonian American Art Museum,/asset/after-them-walter-ufer-born-louisville-ky-1876-died-santa-fe-nm-1936/zwEM1wk13VlC5g,https://lh3.googleusercontent.com/ci/AL18g_T8NyHD22921-bIb3huUKLUSe-2bc1Pcelnnqd-rjUgl-D6X5njdzLE_UmVFwK5J0IujYMV4g=w128-h128-c,#e0d9b8,224,217,184,1.1841326,YELLOW,#FDD835,253,216,53,7
KwEgZR9m7hARFQ.jpg,KwEgZR9m7hARFQ,Blas de Lezo’s frigate towing the ship Stanhope,Anónimo. Escuela española.,Naval Museum,/asset/blas-de-lezo’s-frigate-towing-the-ship-stanhope-anónimo-escuela-española/KwEgZR9m7hARFQ,https://lh3.googleusercontent.com/ci/AL18g_Q4cjEZIbLdzUoFBY3nB0F5MQtiDnvzJm-3GcIw5VQnxsOWoVIYw8i8bCeJ_T5iAtAYLMXFKPc=w128-h128-c,#e0d9b8,224,217,184,1.5575057,YELLOW,#FDD835,253,216,53,7
7AGfFs2wIfgilw.jpg,7AGfFs2wIfgilw,Gangavataran (The Descent of Ganga),Ravi Varma Press,Raja Ravi Varma Heritage Foundation,/asset/gangavataran-the-descent-of-ganga-ravi-varma-press/7AGfFs2wIfgilw,https://lh3.googleusercontent.com/ci/AL18g_RM8CFkN-9jNCILbSuN7CEjVuE8A-uPifKIc5vP4h6vzYP79DwNCJLhhExDjiqAy8n1r3iim9c=w128-h128-c,#e0d9b8,224,217,184,0.70214397,YELLOW,#FDD835,253,216,53,7
9gFhtmAFcS9_nA.jpg,9gFhtmAFcS9_nA,Seascape (Gravelines),Georges Seurat,"National Gallery of Art, Washington DC",/asset/seascape-gravelines-georges-seurat/9gFhtmAFcS9_nA,https://lh3.googleusercontent.com/ci/AL18g_T0NierZjDWbFsbXDzHHCPdeag1xL9RtlTl6zTTKnGrs6rdyWyOTA0RBoNo1J2ZyFxYb1KE_pI=w128-h128-c,#e0d9b8,224,217,184,1.4412385,YELLOW,#FDD835,253,216,53,7
OwHFo0Ph_o_Xow.jpg,OwHFo0Ph_o_Xow,What Is About to Come,Unknown,MAC-Lima,/asset/what-is-about-to-come/OwHFo0Ph_o_Xow,https://lh3.googleusercontent.com/ci/AL18g_TheaaDCkd_IRQF9ElGJz98mfzFLrx9RLorKkWOBUuexH92h2z1hlJ2rd3Yg4y_6DmoeJu9VQ=w128-h128-c,#e0d9b8,224,217,184,2.4024918,YELLOW,#FDD835,253,216,53,7
JgF10tRRyP3s6Q.jpg,JgF10tRRyP3s6Q,Popcorn Shells,Chris Ofili,Arts Council Collection,/asset/popcorn-shells-chris-ofili/JgF10tRRyP3s6Q,https://lh3.googleusercontent.com/ci/AL18g_TD9eQNT236HKMnycbTFqIDcDarnCKhQuhE8qVbAevdKl_JMMmbZgit6qj4BUb31UWUsyV_gak=w128-h128-c,#e0d9b8,224,217,184,0.6437294,YELLOW,#FDD835,253,216,53,7
cwFTIo1CP7WIqA.jpg,cwFTIo1CP7WIqA,Malay Fisherman at Changi Beach,Chua Mia Tee,"National Heritage Board, Singapore",/asset/malay-fisherman-at-changi-beach-chua-mia-tee/cwFTIo1CP7WIqA,https://lh3.googleusercontent.com/ci/AL18g_Q-UgBa1ROXnIpygMw_HsskolkX6YDKFIzT822g3yeV8UJYd1hR8dsEq0LzwNo8KcEiiILFRCI=w128-h128-c,#e0d9b8,224,217,184,1.0084034,YELLOW,#FDD835,253,216,53,7
MQGjXFSu9ERDmw.jpg,MQGjXFSu9ERDmw,K Enters the Castle at Last,RB Kitaj,Lakeland Arts - Abbot Hall Art Gallery and Museum,/asset/k-enters-the-castle-at-last-rb-kitaj/MQGjXFSu9ERDmw,https://lh3.googleusercontent.com/ci/AL18g_SzBDzA9yxv0jdJWDJ0hIaxRWxwLp06iFElaBy9uee4WANrd6cybmNNx96ansH2Cb6fK9SHhqQ=w128-h128-c,#e0e0b8,224,224,184,0.9996546,YELLOW,#FDD835,253,216,53,7
owHdW0EagNQRAg.jpg,owHdW0EagNQRAg,The Harvest Dance,"Joseph Henry Sharp (American, b.1859, d.1953)",Cincinnati Art Museum,/asset/the-harvest-dance-joseph-henry-sharp-american-b-1859-d-1953/owHdW0EagNQRAg,https://lh3.googleusercontent.com/ci/AL18g_QkVHPhjeRG2CRmr-Z79WsIp-COKqIWU8Rdrzghkte0PPeVTL6Mtjod_umzLfEuDDdlhgzF3A=w128-h128-c,#e0d9b8,224,217,184,1.7731959,YELLOW,#FDD835,253,216,53,7
PAGQTXrvFraJjw.jpg,PAGQTXrvFraJjw,Rochester Cathedral and Castle,"Frederick Nash, 1782–1856, British",Yale Center for British Art,/asset/rochester-cathedral-and-castle-frederick-nash-1782–1856-british/PAGQTXrvFraJjw,https://lh3.googleusercontent.com/ci/AL18g_Qx5pvo4r87buSfCkkqVwk2_pUlP2zEgZbOf1G-4AqrLTgR3BUP7uOzBTyln-ZyvRXYqkul4znO=w128-h128-c,#e0d9b8,224,217,184,1.5647922,YELLOW,#FDD835,253,216,53,7
MwGPnCQFQ5TNNQ.jpg,MwGPnCQFQ5TNNQ,Herbert Esche in the Library,Edvard Munch,Kunsthaus Zürich,/asset/herbert-esche-in-the-library-edvard-munch/MwGPnCQFQ5TNNQ,https://lh3.googleusercontent.com/ci/AL18g_T0pQ4O-xDLtf3JV8DaDQ69vob9vVfDvrRLE6OqZZuexUHO2abG2HnSUfckgmVrC5qEu14L0y8=w128-h128-c,#e0d9b8,224,217,184,0.5823333,YELLOW,#FDD835,253,216,53,7
DgHlkhWBbhKEsg.jpg,DgHlkhWBbhKEsg,Episode of the Buffalo Gun,Frederic Remington,"The Museum of Fine Arts, Houston",/asset/episode-of-the-buffalo-gun-frederic-remington/DgHlkhWBbhKEsg,https://lh3.googleusercontent.com/ci/AL18g_T4QWDM2TrubzN5uI2dhip4VlC57wiIIotzBvvidKSYZXAJZqenI622o_0nxL5MadcGHNdhYvI=w128-h128-c,#e0d9b8,224,217,184,1.4906832,YELLOW,#FDD835,253,216,53,7
pQGOR0k5Dx14BA.jpg,pQGOR0k5Dx14BA,Still life with Watermelon,"Süleyman Seyyid Bey (Turkish, 1842-1913)",Sakıp Sabancı Museum,/asset/still-life-with-watermelon-süleyman-seyyid-bey-turkish-1842-1913/pQGOR0k5Dx14BA,https://lh3.googleusercontent.com/ci/AL18g_TXJX9Qivp_nB_V-dkAuACRQcS52ehHTQIRzndKWRWIHQHoTZx1zj12rYwTpLtUfg4eLLCgm-oU=w128-h128-c,#e0d9b8,224,217,184,1.4925373,YELLOW,#FDD835,253,216,53,7
6wGc_AoAjXahuQ.jpg,6wGc_AoAjXahuQ,Study for the Annunciation,"Henry Ossawa Tanner, born Pittsburgh, PA 1859-died Paris, France 1937",Smithsonian American Art Museum,/asset/study-for-the-annunciation-henry-ossawa-tanner-born-pittsburgh-pa-1859-died-paris-france-1937/6wGc_AoAjXahuQ,https://lh3.googleusercontent.com/ci/AL18g_Ss2Ers7YCUHM-jkDqeOOh_msfkmBMrKCkqNeoT-ezQeZ1n-N7vXIdC2L60b7pdb0dw4jiHig=w128-h128-c,#e0d9b8,224,217,184,1.2690356,YELLOW,#FDD835,253,216,53,7
KwFFmwRAlcbxBw.jpg,KwFFmwRAlcbxBw,La Danse amoureuse,Gustave Boulanger,Opéra national de Paris,/asset/la-danse-amoureuse-gustave-boulanger/KwFFmwRAlcbxBw,https://lh3.googleusercontent.com/ci/AL18g_Ru6-uXG8Ih-AbvWnGcrCVgeh-iD4zUpylS87VL1tZ7mLOINfE82jn8e7lK1bRV81Dw9ouphKs=w128-h128-c,#e0d9b8,224,217,184,0.67398465,YELLOW,#FDD835,253,216,53,7
JgE-bEc7MBa0fg.jpg,JgE-bEc7MBa0fg,Dasharata Kaikeyi Vilap,"Ravi Varma Press, Karla Lonavala",The Ganesh Shivaswamy Foundation,/asset/dasharata-kaikeyi-vilap-ravi-varma-press-karla-lonavala-and-a-h-muller/JgE-bEc7MBa0fg,https://lh3.googleusercontent.com/ci/AL18g_TsSjEyDM9UEA4_MW0DFfIFIRre1OUCDrVLnoJEv1eaAb348AFKlztwjI8FUl2LcAbTEXbB-Q=w128-h128-c,#e0d9b8,224,217,184,0.70291066,YELLOW,#FDD835,253,216,53,7
cgG2utP8nuDMYw.jpg,cgG2utP8nuDMYw,"Two Women Chatting by the Sea, St. Thomas",Camille Pissarro,"National Gallery of Art, Washington DC",/asset/two-women-chatting-by-the-sea-st-thomas-camille-pissarro/cgG2utP8nuDMYw,https://lh3.googleusercontent.com/ci/AL18g_SgIC0ynj6LuMddOKzVTkVpiH-Bdx6BnslJIOxmcIlGT0uND22kT8zfemm6G5wcwwchSP8kzwA=w128-h128-c,#e0d9b8,224,217,184,1.4872912,YELLOW,#FDD835,253,216,53,7
UgGKbNFkTsoUyg.jpg,UgGKbNFkTsoUyg,My Children,Unknown,Brooklyn Museum,/asset/my-children/UgGKbNFkTsoUyg,https://lh3.googleusercontent.com/ci/AL18g_TBFyON86cRUwcW-eTq2JEMaHFkdsDjpYtPePzte626JV81ep2ENOC9bIOp4KMMU26qA4H_MQ=w128-h128-c,#e0d9b8,224,217,184,1.2500552,YELLOW,#FDD835,253,216,53,7
FAEVJ7gjimp-fg.jpg,FAEVJ7gjimp-fg,The Apotheosis of James I,Peter Paul Rubens,Historic Royal Palaces,/asset/the-apotheosis-of-james-i-peter-paul-rubens/FAEVJ7gjimp-fg,https://lh3.googleusercontent.com/ci/AL18g_Rpsbs6_kCKNKKLDUcdWux_uT79J2W6Stkfq0wd7glPqEQqzmIYl1B5R87lgVmCf5nps1A4nvA=w128-h128-c,#e0d9b8,224,217,184,0.5634106,YELLOW,#FDD835,253,216,53,7
ngHssM9p0awJqg.jpg,ngHssM9p0awJqg,Desert Guide,Fuku Akino,Hamamatsu City Fuku Akino Art Museum,/asset/desert-guide-fuku-akino/ngHssM9p0awJqg,https://lh3.googleusercontent.com/ci/AL18g_TwodmABA1wab_7tR9mZVIg-RE8Z6I8LB3K75Q7LdgtqJ2UBu77fKni1bCu5OM39jh1l5E8394=w128-h128-c,#e0d9b8,224,217,184,1.3756789,YELLOW,#FDD835,253,216,53,7
kgGUsaB8gparfQ.jpg,kgGUsaB8gparfQ,Efecto de luz artificial,Unknown,The Municipal Art Gallery Ignacio Merino,/asset/efecto-de-luz-artificial/kgGUsaB8gparfQ,https://lh3.googleusercontent.com/ci/AL18g_TQ4Bg0WFvS0IWSR-ET7JPoozbe6OMOQOofzjYjFUelmeAtNnliO_sP76jowK9AZZu68FAsTA=w128-h128-c,#e0d9b8,224,217,184,1.2684,YELLOW,#FDD835,253,216,53,7
IgH-DAqr_nlAHw.jpg,IgH-DAqr_nlAHw,Servant,Jules Joseph Lefebvre,Pera Museum,/asset/servant-jules-joseph-lefebvre/IgH-DAqr_nlAHw,https://lh3.googleusercontent.com/ci/AL18g_Sf_uIzHyva4SCgpZBqQ3xRw3TGy0tztacdxwcm35Erw6fnHbATfmzQNCsEfQV_2Jj8FkX2YD0=w128-h128-c,#e0d9b8,224,217,184,0.644158,YELLOW,#FDD835,253,216,53,7
jAF4uxOB1Dw2XQ.jpg,jAF4uxOB1Dw2XQ,Queen Adelaide,Sir Martin Archer Shee (1769-1850),"Royal Collection Trust, UK",/asset/queen-adelaide-sir-martin-archer-shee-1769-1850/jAF4uxOB1Dw2XQ,https://lh3.googleusercontent.com/ci/AL18g_TEUSmHh0iC2hgZ4JOq1c2qLX1__1VnGT-uD-_REtHeMh-pJ_xnawXnQOINFAv-JPpYvFQV7A=w128-h128-c,#e0d9b8,224,217,184,0.64066666,YELLOW,#FDD835,253,216,53,7
nwFBl1g7SHlsww.jpg,nwFBl1g7SHlsww,The sisters,Hugh Ramsay,Art Gallery of New South Wales,/asset/the-sisters-hugh-ramsay/nwFBl1g7SHlsww,https://lh3.googleusercontent.com/ci/AL18g_Q-EChpe7imVVDKIyz-U98etpeTRhHt85tViRcxsZqHtnqjSDibs4fV5a_Xttgfdpdy7bNCp8w=w128-h128-c,#e0d9b8,224,217,184,1.1598237,YELLOW,#FDD835,253,216,53,7
NwF8li99EwcoWQ.jpg,NwF8li99EwcoWQ,Young Girl with an Apron,Berthe Morisot,"National Gallery of Art, Washington DC",/asset/young-girl-with-an-apron-berthe-morisot/NwF8li99EwcoWQ,https://lh3.googleusercontent.com/ci/AL18g_SXV6-Rh7gZc3buWgqgsb4YBsqBR-OmfusQWCrdcmafhdWYyLkrIKlbwZkudYvUS_QwD9qpkUU=w128-h128-c,#e0d9b8,224,217,184,0.84106445,YELLOW,#FDD835,253,216,53,7
eAGKPYi0ZP9Vng.jpg,eAGKPYi0ZP9Vng,Coffee,Unknown,Projeto Portinari,/asset/coffee/eAGKPYi0ZP9Vng,https://lh3.googleusercontent.com/ci/AL18g_Swli2eLBcDuFStSXRXgrABi7corqh1AlBW4kL39wSqf8ywmnC7P7p4KXBqwHuUmmGSBiC_yEA=w128-h128-c,#e0d9b8,224,217,184,0.81689465,YELLOW,#FDD835,253,216,53,7
XwG_3xUNDO6CCQ.jpg,XwG_3xUNDO6CCQ,The Baile de Capellanes,Ricardo Balaca,Bilboa Museoa. Museo de Bellas Artes de Bilbao,/asset/the-baile-de-capellanes-ricardo-balaca/XwG_3xUNDO6CCQ,https://lh3.googleusercontent.com/ci/AL18g_QGL6FIDX9L4TLE3VAQFNkvMyo-KzU0XF0UmEdnH38-A9ANtws7uyE9F9QvyrMxLSsQWGtDL_U=w128-h128-c,#e0d9b8,224,217,184,1.4434848,YELLOW,#FDD835,253,216,53,7
aQFOSZtO9eq-Ow.jpg,aQFOSZtO9eq-Ow,A juggler,Sir Lawrence Alma-Tadema,Art Gallery of New South Wales,/asset/a-juggler-sir-lawrence-alma-tadema/aQFOSZtO9eq-Ow,https://lh3.googleusercontent.com/ci/AL18g_RAsWjiw2IqBX1XFxejpOvXp52BkTJX0NOkXAS1sVcOkmUnIZOEmouzCEysbX42xj7T3pKwRxw7=w128-h128-c,#e0d9b8,224,217,184,0.6478,YELLOW,#FDD835,253,216,53,7
MQGJUyGtHiaNOQ.jpg,MQGJUyGtHiaNOQ,I want you for the Navy Howard Chandler Christy.,"Christy, Howard Chandler, 1873-1952",Library of Virginia,/asset/i-want-you-for-the-navy-howard-chandler-christy-christy-howard-chandler-1873-1952/MQGJUyGtHiaNOQ,https://lh3.googleusercontent.com/ci/AL18g_Si8xXhu6UccUSu3GQQKRIJ4bTuB0b_0ZZQMiWmjYmxgpgZYBnHsiuEfysM0BMvfji0BdL1IRs=w128-h128-c,#e0d9b8,224,217,184,0.64914894,YELLOW,#FDD835,253,216,53,7
_gElYirof8zPag.jpg,_gElYirof8zPag,Self-Portrait Sketch,Eugen Hersch,Ben Uri,/asset/self-portrait-sketch-eugen-hersch/_gElYirof8zPag,https://lh3.googleusercontent.com/ci/AL18g_TeBxGWwbKPRobpuKrNq_WcvZh6I85aWmgU1zY761fLX_-st_9NFNGjsjVFfBTR3di2dlGPVtY=w128-h128-c,#e0d9b8,224,217,184,0.8436799,YELLOW,#FDD835,253,216,53,7
iQEhJTIHv5M9pg.jpg,iQEhJTIHv5M9pg,Kalki Avatar,Ravi Varma Press,The Ganesh Shivaswamy Foundation,/asset/kalki-avatar-ravi-varma-press-and-raja-ravi-varma/iQEhJTIHv5M9pg,https://lh3.googleusercontent.com/ci/AL18g_QF_3KS-Zu7o60NuBkch4oRbd2tccpB1c_AuHuViKWdofMnJfAQwy2f0cQ9Af_iwwJerIK3AUg=w128-h128-c,#e0d9b8,224,217,184,0.72171557,YELLOW,#FDD835,253,216,53,7
WgHMYSjF4JaDpA.jpg,WgHMYSjF4JaDpA,The Arts – Music,Alphonse Mucha,Centro Cultural Banco do Brasil Rio de Janeiro,/asset/the-arts-–-music-alphonse-mucha/WgHMYSjF4JaDpA,https://lh3.googleusercontent.com/ci/AL18g_QvJhDV0ecaFrDg84qCGn__qn3L-uJdGf9PGtNXY7HtrgOTzYjTBXgUg-HzFm_4lG2S5kYBFTw=w128-h128-c,#e0d9b8,224,217,184,0.6377381,YELLOW,#FDD835,253,216,53,7
EgEU1iACNaWaQg.jpg,EgEU1iACNaWaQg,What is About to Come,Unknown,MAC-Lima,/asset/what-is-about-to-come/EgEU1iACNaWaQg,https://lh3.googleusercontent.com/ci/AL18g_TPZ3hv-Tmhrz6OdA0b2m6kIvTzNO19qsKpO15YmLtlNJWw86ohpMviaJdRoCpoGH1OVLznbg=w128-h128-c,#e0d9b8,224,217,184,2.401537,YELLOW,#FDD835,253,216,53,7
AgEhyOGowifV7w.jpg,AgEhyOGowifV7w,A Naval Encounter between Dutch and Spanish Warships,Cornelis Verbeeck,"National Gallery of Art, Washington DC",/asset/a-naval-encounter-between-dutch-and-spanish-warships-cornelis-verbeeck/AgEhyOGowifV7w,https://lh3.googleusercontent.com/ci/AL18g_Q6nVbHlqLGOg7En2vmwG7gNnsv73jDlKOuAwmXwMYE7t_lKaLRmDlzhAOI0-Q6Gg2T6SFSVNc=w128-h128-c,#e0d9b8,224,217,184,2.89412,YELLOW,#FDD835,253,216,53,7
EQFIbTM0iIe9aQ.jpg,EQFIbTM0iIe9aQ,"Ud-je-jock, Pelican, a Boy","George Catlin, born Wilkes-Barre, PA 1796-died Jersey City, NJ 1872",Smithsonian American Art Museum,/asset/ud-je-jock-pelican-a-boy-george-catlin-born-wilkes-barre-pa-1796-died-jersey-city-nj-1872/EQFIbTM0iIe9aQ,https://lh3.googleusercontent.com/ci/AL18g_S_vMLc-C4oD54NiatZEg86lQ-mcB0Zmx5rTVE8A-fd5mgDTm7hnfm3G8lf3n2wDESwxSMlvuU=w128-h128-c,#e0d9b8,224,217,184,0.8214286,YELLOW,#FDD835,253,216,53,7
jgFYIDq11Hd_Bw.jpg,jgFYIDq11Hd_Bw,Old Mesilla Plaza,"Leon Trousset, born France 1838-died Juarez, Mexico 1917",Smithsonian American Art Museum,/asset/old-mesilla-plaza-leon-trousset-born-france-1838-died-juarez-mexico-1917/jgFYIDq11Hd_Bw,https://lh3.googleusercontent.com/ci/AL18g_SF0S_a2nVDDBKcGLcOoCPFAVElW9tNCwiOKRET62Id8nULnyfApgn7hQ0mcd_LuwBPz8je8RU=w128-h128-c,#e0d9b8,224,217,184,1.6295491,YELLOW,#FDD835,253,216,53,7
RwFXstHfFckP_Q.jpg,RwFXstHfFckP_Q,Missing the World,Per Kirkeby,Museum Folkwang,/asset/missing-the-world-per-kirkeby/RwFXstHfFckP_Q,https://lh3.googleusercontent.com/ci/AL18g_QSDP6NwI9qgaAgmvQ2-4MwctJV-0514ZXMNpsgl44Qq7iZ0dTbFZui8dVoNfAcdzN-jFchvGc=w128-h128-c,#e0d9b8,224,217,184,1.6824,YELLOW,#FDD835,253,216,53,7
zgHJ9SLp_7JN_w.jpg,zgHJ9SLp_7JN_w,Île de Bréhat,Samuel John Peploe,National Galleries Scotland: Modern,/asset/Île-de-bréhat-samuel-john-peploe/zgHJ9SLp_7JN_w,https://lh3.googleusercontent.com/ci/AL18g_TnN3COZvqllOHvq4tPM2w0lKoJw4NFleVfOVN-gRGQkkcRbHZUMajGDzdyq-__6rXQmawZTw=w128-h128-c,#e0d9b8,224,217,184,1.2580016,YELLOW,#FDD835,253,216,53,7
VgG6lpXrc0ufHQ.jpg,VgG6lpXrc0ufHQ,Portrait of Melissa Thompson,Kehinde Wiley,William Morris Gallery,/asset/portrait-of-melissa-thompson-kehinde-wiley/VgG6lpXrc0ufHQ,https://lh3.googleusercontent.com/ci/AL18g_QqfNdELZ05DNtnDyYzn1DpsMs_3Dgu_y555pnx0wAukowb01x1lRyulQmLIcdwqUuvpHawzZo=w128-h128-c,#e0d9b8,224,217,184,0.6666667,YELLOW,#FDD835,253,216,53,7
mAGTl_vDDgdXkg.jpg,mAGTl_vDDgdXkg,La lavandera,Unknown,Museo Nacional de Bellas Artes de Argentina,/asset/la-lavandera/mAGTl_vDDgdXkg,https://lh3.googleusercontent.com/ci/AL18g_ScewP0yOoRFE8WtFtBfh2GBc738XTTSHByYBmXGoDB380Usv0-gDRx43rrEfNkSRTB2S6kSg=w128-h128-c,#e0d9b8,224,217,184,1.814978,YELLOW,#FDD835,253,216,53,7
CAFl7sF8eKizcQ.jpg,CAFl7sF8eKizcQ,"The Little Posse Started Out on its Journey, the Wiry Marshal First",NEWELL CONVERS WYETH,Panhandle-Plains Historical Museum,/asset/the-little-posse-started-out-on-its-journey-the-wiry-marshal-first-newell-convers-wyeth/CAFl7sF8eKizcQ,https://lh3.googleusercontent.com/ci/AL18g_ToJa9wHI1rYfAzZjkPq9knpF-pcPoCIfhcwplhuxNeB4086St_6jp4RnMPWs63ymATtN2lnSE=w128-h128-c,#e0d9b8,224,217,184,0.6579091,YELLOW,#FDD835,253,216,53,7
9gHQO9FSE047AQ.jpg,9gHQO9FSE047AQ,A City of Fantasy,American 19th Century,"National Gallery of Art, Washington DC",/asset/a-city-of-fantasy-american-19th-century/9gHQO9FSE047AQ,https://lh3.googleusercontent.com/ci/AL18g_QiSyEqsh6RdknfqTkW6ltcZBV2YLT7Nyve1xJEfHzlwpI1NxwXSu12hTvvn-vew8uYNP9xZq0d=w128-h128-c,#e0d9b8,224,217,184,1.4447972,YELLOW,#FDD835,253,216,53,7
gwGTPJigvnMPhA.jpg,gwGTPJigvnMPhA,Landscape with River Valley,Richard Wilson,"Gemäldegalerie, Staatliche Museen zu Berlin",/asset/landscape-with-river-valley-richard-wilson/gwGTPJigvnMPhA,https://lh3.googleusercontent.com/ci/AL18g_QCL8pW6v3zoX1p0ScHOR_Ky-c11zdjIUV1arcWCEhmWwWdDLNEgLkkXWoLQiYyYfR9cKoUIXk0=w128-h128-c,#e0d9b8,224,217,184,1.5551085,YELLOW,#FDD835,253,216,53,7
MQEGIURZvSsGtw.jpg,MQEGIURZvSsGtw,"Seascape at Port-en-Bessin, Normandy",Georges Seurat,"National Gallery of Art, Washington DC",/asset/seascape-at-port-en-bessin-normandy-georges-seurat/MQEGIURZvSsGtw,https://lh3.googleusercontent.com/ci/AL18g_THHZ8cg5R8WjeBLeXLxznxRRdAFyqlJiUJj_HskH-GNYzV5N0n2U1UhXKq5ASxsIzWNGyS-Fk=w128-h128-c,#e0d9b8,224,217,184,1.2419401,YELLOW,#FDD835,253,216,53,7
lQG2idWj2dzaQw.jpg,lQG2idWj2dzaQw,Distant View of Mt.Fuji at Sunshu Sattayama,SHIBA Kokan,Shizuoka Prefectural Museum of Art,/asset/distant-view-of-mt-fuji-at-sunshu-sattayama-shiba-kokan/lQG2idWj2dzaQw,https://lh3.googleusercontent.com/ci/AL18g_Se_6--NrlttIx0DEIfrJG9g32w7x-MjXjX5LP-rvV-bZAOoqIaOWr_l0oKVIFGUbpoWSebuQ=w128-h128-c,#e0d9b8,224,217,184,1.8487468,YELLOW,#FDD835,253,216,53,7
bwG2nuNbd9xhig.jpg,bwG2nuNbd9xhig,The Seine at Rouen,"MONET,Claude",Shizuoka Prefectural Museum of Art,/asset/the-seine-at-rouen-monet-claude/bwG2nuNbd9xhig,https://lh3.googleusercontent.com/ci/AL18g_RI4yXSB4FMV4TOpE-V3_sa9X7XYRZdFR1Ddas48MrnNIGAQ9fc8AEqjb5WBepcXM1QTRYP-uE=w128-h128-c,#e0d9b8,224,217,184,1.5543377,YELLOW,#FDD835,253,216,53,7
GwEYHMgFsybL6g.jpg,GwEYHMgFsybL6g,The Judgment of Paris,Harald Giersing,SMK - Statens Museum for Kunst,/asset/the-judgment-of-paris-harald-giersing/GwEYHMgFsybL6g,https://lh3.googleusercontent.com/ci/AL18g_Qjdd7tnZLqTCrffGJNaPe27YxNnYruLZ8gv86XdljZzm_IdO4WY-P6bEFO_-MqUpLVbF3ErECK=w128-h128-c,#e0d9b8,224,217,184,1.2243798,YELLOW,#FDD835,253,216,53,7
HwGben-ymoCfnw.jpg,HwGben-ymoCfnw,Athanor 07,Florida State University Museum of Fine Arts Publishing,Florida State University Museum of Fine Arts,/asset/athanor-07-florida-state-university-museum-of-fine-arts-publishing/HwGben-ymoCfnw,https://lh3.googleusercontent.com/ci/AL18g_QG8TioF0zQGBbJFh_AMvs7wa0PzuVN7-L3Fu6gfbvY4lfE03oZcyigjSmJMPifghJfZJLgw1w=w128-h128-c,#e0d9b8,224,217,184,0.7761671,YELLOW,#FDD835,253,216,53,7
uwFMemZ7zTMXCg.jpg,uwFMemZ7zTMXCg,Pandora,Odilon Redon,"National Gallery of Art, Washington DC",/asset/pandora-odilon-redon/uwFMemZ7zTMXCg,https://lh3.googleusercontent.com/ci/AL18g_RjMaxpBVVDP8Vpw3wPeAA8n8XxVpzoILfAoFktxUWMlk0bJ5eu1aRJCJfO5vU42nc6BBmK7WRr=w128-h128-c,#e0d9b8,224,217,184,0.43652344,YELLOW,#FDD835,253,216,53,7
eQF_3kkGAUGVXA.jpg,eQF_3kkGAUGVXA,Sister Anna,Carl Fredrik Hill,Nationalmuseum Sweden,/asset/sister-anna-carl-fredrik-hill/eQF_3kkGAUGVXA,https://lh3.googleusercontent.com/ci/AL18g_QHEY8-a_c7ebdj-q-jHAsp0lj7NgqCiJBZt2VoXtDcSh6UF9kHTeB3jxPQtDvh0m7dJvrtwkO6=w128-h128-c,#e0d9b8,224,217,184,0.6153633,YELLOW,#FDD835,253,216,53,7
wAE3HNQrd1Q_Qg.jpg,wAE3HNQrd1Q_Qg,La moisson (The Wheatfield behind Saint Paul's Hospital with a Reaper),Vincent van Gogh,Museum Folkwang,/asset/la-moisson-the-wheatfield-behind-saint-paul-s-hospital-with-a-reaper-vincent-van-gogh/wAE3HNQrd1Q_Qg,https://lh3.googleusercontent.com/ci/AL18g_Q7nb58F6ZStY1_o-OtE2TC9g1OFR6AVRbx6PP84bqhwJAfRrfNaMEUKu9hhs_zbxWXm38XQg=w128-h128-c,#e0d8b8,224,216,184,1.2212994,YELLOW,#FDD835,253,216,53,7
NAGCV0l1eJoL7A.jpg,NAGCV0l1eJoL7A,Self-Portrait with Straw Hat,Vincent van Gogh,Van Gogh Museum,/asset/self-portrait-with-straw-hat-vincent-van-gogh/NAGCV0l1eJoL7A,https://lh3.googleusercontent.com/ci/AL18g_Q8xGVd0FlRaJ0ofe-j4vA9YMBCbybqYH7RFSIXnRrPUND9Eg6hhw0VbM9BPWLgptN_oKL5Wvc=w128-h128-c,#e0d9b8,224,217,184,0.80938894,YELLOW,#FDD835,253,216,53,7
GQGkf9EsegSBSg.jpg,GQGkf9EsegSBSg,Entrance to the Park of the Moulin de la Galette,Santiago Rusiñol,"Museu Nacional d'Art de Catalunya - MNAC, Barcelona",/asset/entrance-to-the-park-of-the-moulin-de-la-galette-santiago-rusiñol/GQGkf9EsegSBSg,https://lh3.googleusercontent.com/ci/AL18g_TQLXaoe5UY8C_MR_zmVUmTxDLq3qjSn-jAnepB86gW7gz4hfFAClaWgJvK-M5AZYjD-RmSKQ=w128-h128-c,#e0d9b8,224,217,184,1.2316562,YELLOW,#FDD835,253,216,53,7
BwHtkktbqllb7A.jpg,BwHtkktbqllb7A,The Long-Horn Cattle Sign,Frederic Remington,Amon Carter Museum of American Art,/asset/the-long-horn-cattle-sign-frederic-remington/BwHtkktbqllb7A,https://lh3.googleusercontent.com/ci/AL18g_ROW7RdN_R6fKPhHItJDd900Za4WRLSEADLLvZJ41ODNMnvfteDGgpKo_vIaTstq6MpUl5AvZp9=w128-h128-c,#e0d9b8,224,217,184,1.4814932,YELLOW,#FDD835,253,216,53,7
FwEyGeovkhnEbQ.jpg,FwEyGeovkhnEbQ,Woman by a Fence,Auguste Renoir,"National Gallery of Art, Washington DC",/asset/woman-by-a-fence-auguste-renoir/FwEyGeovkhnEbQ,https://lh3.googleusercontent.com/ci/AL18g_R8PbKHmgBpggkAFwQnDKqcMAv2BQx4fc8qs-VOvnPU2fLlBsMvoIoxPybe3WKxUaPjQlH0mfY=w128-h128-c,#e0d9b8,224,217,184,0.6296387,YELLOW,#FDD835,253,216,53,7
cAHDOMnP_G1vJw.jpg,cAHDOMnP_G1vJw,"Mornington Crescent, Summer Morning II",Frank Auerbach,Ben Uri,/asset/mornington-crescent-summer-morning-ii-frank-auerbach/cAHDOMnP_G1vJw,https://lh3.googleusercontent.com/ci/AL18g_Q8uKJ55R0B4XJ06xtOEM2FBAAeXTuAkJSw7XSPJCut7yVlIcxrqZTpDN-Ho4LyCjCEf0y22sQv=w128-h128-c,#e0d9b8,224,217,184,1.0148538,YELLOW,#FDD835,253,216,53,7
YwEpVf99kraYDw.jpg,YwEpVf99kraYDw,Queen Victoria,Studio of Franz Xaver Winterhalter,"National Gallery of Art, Washington DC",/asset/queen-victoria-studio-of-franz-xaver-winterhalter/YwEpVf99kraYDw,https://lh3.googleusercontent.com/ci/AL18g_TEDLcbHaQ-KyDUGsljkJVSBgfmbIyYKLLBmb_BLe0j_qW2pwfdQfo6kFUBj_GGXHKAhQNgtXQ=w128-h128-c,#e0d9b8,224,217,184,0.7442088,YELLOW,#FDD835,253,216,53,7
6AH8ryOo8UEjPQ.jpg,6AH8ryOo8UEjPQ,Portrait of Tam Purves,John Brack,National Portrait Gallery,/asset/portrait-of-tam-purves-john-brack/6AH8ryOo8UEjPQ,https://lh3.googleusercontent.com/ci/AL18g_QDVVgFUQbIGdSggzxYS8pzfFZBpUd0AEYOb2KPMV5QtCzIzCP1pL0lEzI2YzgtNOipBmD-CQ=w128-h128-c,#e0d9b8,224,217,184,0.7402014,YELLOW,#FDD835,253,216,53,7
hgGL9FqF7hsxPw.jpg,hgGL9FqF7hsxPw,Farmhouse at Le Pouldu,Paul Sérusier,"National Gallery of Art, Washington DC",/asset/farmhouse-at-le-pouldu-paul-sérusier/hgGL9FqF7hsxPw,https://lh3.googleusercontent.com/ci/AL18g_QvB-JSVI3gDNdbtEiOekI-72lW4XEmilSP1LAxNdKYHe1igFyq3lvI3f67y53orZ4OXHakoQ=w128-h128-c,#e0d8b8,224,216,184,0.81274414,YELLOW,#FDD835,253,216,53,7
-AHDvDPFW6BP_g.jpg,-AHDvDPFW6BP_g,California,Unknown,Palazzo Vecchio Museum,/asset/california/-AHDvDPFW6BP_g,https://lh3.googleusercontent.com/ci/AL18g_Ts0UwRIQvd82H6E2XB6yB2VvC2gesKsJvowJ7uu3LUWJgaRdnhC4ZBnC3fJolTkUkMuq9iBg=w128-h128-c,#e0d9b8,224,217,184,0.8430464,YELLOW,#FDD835,253,216,53,7
8QFGyBJbq_-hEQ.jpg,8QFGyBJbq_-hEQ,A merry jest,Joseph Soulacroix,Art Gallery of New South Wales,/asset/a-merry-jest-joseph-soulacroix/8QFGyBJbq_-hEQ,https://lh3.googleusercontent.com/ci/AL18g_Rd269hEPxSEt-e3Ia_VFJ08-4jcNbXFJiRgciWEWJyJsvdIXe_Hdx39s1QAGvF6n2mkXT4gC55=w128-h128-c,#e0d9b8,224,217,184,0.7484,YELLOW,#FDD835,253,216,53,7
hwE3tylTpgKfWw.jpg,hwE3tylTpgKfWw,The Judgment Day,Aaron Douglas,"National Gallery of Art, Washington DC",/asset/the-judgment-day-aaron-douglas/hwE3tylTpgKfWw,https://lh3.googleusercontent.com/ci/AL18g_TOIGbhLOQF5EV8XMxDkSL0E1Ho7rA9_X-yoR_fKZuM5r68lUeUZUfQGVw17Stg6DLrOFf-AhM=w128-h128-c,#e0d9b8,224,217,184,0.7475586,YELLOW,#FDD835,253,216,53,7
EQHaPZHsyyjt-Q.jpg,EQHaPZHsyyjt-Q,La Musique dramatique,Felix Barrias,Opéra national de Paris,/asset/la-musique-dramatique-felix-barrias/EQHaPZHsyyjt-Q,https://lh3.googleusercontent.com/ci/AL18g_RiVSEEZ_1GYQGlyonauptml-FjN3kchKzcEI38O2w15E_KmMCHfGKGSmY_x5AlS8adixFFhw=w128-h128-c,#e0d9b8,224,217,184,1.4837134,YELLOW,#FDD835,253,216,53,7
dAGVBL7fqzed7w.jpg,dAGVBL7fqzed7w,At Templestowe,Arthur STREETON,Art Gallery of South Australia,/asset/at-templestowe-arthur-streeton/dAGVBL7fqzed7w,https://lh3.googleusercontent.com/ci/AL18g_R7yh_PAuh2-6p6xuItHz_o91hJjqkCWjxHFjo_HgmDhLMUMV0t-zumo1x_Hicoe0CNpzqtaw=w128-h128-c,#e0d9b8,224,217,184,1.6315311,YELLOW,#FDD835,253,216,53,7
qQEEQB30-CjkOw.jpg,qQEEQB30-CjkOw,Crossing at Schreckenstein,Unknown,"New Masters Gallery, Dresden State Art Collections",/asset/crossing-at-schreckenstein/qQEEQB30-CjkOw,https://lh3.googleusercontent.com/ci/AL18g_Qo8qdAnq18qAxmMzdbK14vFesExQEwujqKV1EfwFuvou8PA6o1U8e1H5B6-T29QqM8cePcgF0=w128-h128-c,#e0d9b8,224,217,184,1.3371795,YELLOW,#FDD835,253,216,53,7
wgF8H3gB-SFawQ.jpg,wgF8H3gB-SFawQ,The Cowboy,Frederic Remington,Amon Carter Museum of American Art,/asset/the-cowboy-frederic-remington/wgF8H3gB-SFawQ,https://lh3.googleusercontent.com/ci/AL18g_RMk7i41jw4jekgEW9A40rocltYeBjl9e-7x258Es2tSgWTp0qsFJKxDWplp6aPwpiXqJWPSA=w128-h128-c,#e0d9b8,224,217,184,0.67275,YELLOW,#FDD835,253,216,53,7
bwHeKpeeR6gIJQ.jpg,bwHeKpeeR6gIJQ,Imaginary Regatta of America's Cup Winners,American 19th Century,"National Gallery of Art, Washington DC",/asset/imaginary-regatta-of-america-s-cup-winners-american-19th-century/bwHeKpeeR6gIJQ,https://lh3.googleusercontent.com/ci/AL18g_TgG9dRseS9cCbx54Xk9YgiCz21uBfjQakA6wIy0ZpM4RN5eB0J42cu_B69eskUjA-M7kxcD6Q=w128-h128-c,#e0d9b8,224,217,184,1.7943262,YELLOW,#FDD835,253,216,53,7
YgGviPNkr14jRQ.jpg,YgGviPNkr14jRQ,Architectural folly with Roman ruins and the lagoon,Francesco Guardi,Sforzesco Castle,/asset/architectural-folly-with-roman-ruins-and-the-lagoon-francesco-guardi/YgGviPNkr14jRQ,https://lh3.googleusercontent.com/ci/AL18g_RVLa4gxR-q56ja3VaaBTFFJ7cW9ZEjSYIYp9qgRaQbYjIcSLIhozVQ1olzXC-C23PKcVMLsfU3=w128-h128-c,#e0d9b8,224,217,184,0.7716654,YELLOW,#FDD835,253,216,53,7
2QFGjZ1ggcfgnA.jpg,2QFGjZ1ggcfgnA,Study A,Amadeo de Souza-Cardoso,Centro de Arte Moderna Gulbenkian,/asset/study-a-amadeo-de-souza-cardoso/2QFGjZ1ggcfgnA,https://lh3.googleusercontent.com/ci/AL18g_R18_w6SkrbrDuZYPFKkNDZ79S-JlXyCZihtCuM5uuCDImyNDHvYv17xar3-AuFyfm3toEN9Lyz=w128-h128-c,#e0d9b8,224,217,184,1.3277187,YELLOW,#FDD835,253,216,53,7
6gFYCT5h41yvbQ.jpg,6gFYCT5h41yvbQ,Stage Fort across Gloucester Harbor,Fitz Henry Lane (formerly Fitz Hugh Lane),The Metropolitan Museum of Art,/asset/stage-fort-across-gloucester-harbor-fitz-henry-lane-formerly-fitz-hugh-lane/6gFYCT5h41yvbQ,https://lh3.googleusercontent.com/ci/AL18g_SdtqfCQzHGKR48bvadOZCBbDXTaXA4daiSuKNvPGBuDshk11NPsuGq9e8v82atBiPAT9TWS4f6=w128-h128-c,#e0d9b8,224,217,184,1.6707585,YELLOW,#FDD835,253,216,53,7
KgEDn-csTlfvXA.jpg,KgEDn-csTlfvXA,Yellow Mud,Fuku Akino,Hamamatsu City Fuku Akino Art Museum,/asset/yellow-mud-fuku-akino/KgEDn-csTlfvXA,https://lh3.googleusercontent.com/ci/AL18g_SlaxJu-35vzvjt5Fnpo9S_XcFNm_aDPqeIsf2l8dLbpa6EcOn1H8o5E-GELbNgcHg9J1_HiP0=w128-h128-c,#e0d8b8,224,216,184,0.5974806,YELLOW,#FDD835,253,216,53,7
oQHVzVKCuhFk5w.jpg,oQHVzVKCuhFk5w,"Lake Albano, Sunset",George Inness,"National Gallery of Art, Washington DC",/asset/lake-albano-sunset-george-inness/oQHVzVKCuhFk5w,https://lh3.googleusercontent.com/ci/AL18g_Qlq6E99udYZ6UaA6vdPJXm0Iwge0VHP1BiSKMea5HjqUlFzMVkAsYCVUfD_OVRHKNxgdQeyP4=w128-h128-c,#e0d9b8,224,217,184,1.4927114,YELLOW,#FDD835,253,216,53,7
1gFJ1al37T3t1A.jpg,1gFJ1al37T3t1A,Mud House(Tree of Life),Fuku Akino,Hamamatsu City Fuku Akino Art Museum,/asset/mud-house-tree-of-life-fuku-akino/1gFJ1al37T3t1A,https://lh3.googleusercontent.com/ci/AL18g_TGMegEY4w33_OAds_qMB6sdsIe8giNF1fxkkIW4SSyEExZA6t0N3YPrADdiimq7Xd_eUmT2pYf=w128-h128-c,#e0d9b8,224,217,184,1.9481188,YELLOW,#FDD835,253,216,53,7
PQEP0NPC4glisQ.jpg,PQEP0NPC4glisQ,The Eve of St Agnes,Arthur Hughes,Tate Britain,/asset/the-eve-of-st-agnes-arthur-hughes/PQEP0NPC4glisQ,https://lh3.googleusercontent.com/ci/AL18g_Q6X_x7yVXhS4A_m9mVsLAg--jTqjY9SUHKMMwpU7WSHjSd76eXE_fDjUZuVdLCtD5HP6Sunzl9=w128-h128-c,#e0d9b8,224,217,184,1.536728,YELLOW,#FDD835,253,216,53,7
mAGsqSSZPl-ehw.jpg,mAGsqSSZPl-ehw,View of the Valkhof in Nijmegen,"Hulst, Frans de",Rijksmuseum,/asset/view-of-the-valkhof-in-nijmegen-hulst-frans-de/mAGsqSSZPl-ehw,https://lh3.googleusercontent.com/ci/AL18g_RS17DKSPrRNWJ7N8-5vx0XvxS8G6ZtJyml4jIu-FVDng9FBwdqHaWBZx7egbmOJ2kUlRd6bg=w128-h128-c,#e0d9b8,224,217,184,1.632287,YELLOW,#FDD835,253,216,53,7
lAEJDj0Uowxp0Q.jpg,lAEJDj0Uowxp0Q,Geneva Lake,Ferdinand Hodler,National Gallery of Bosnia and Herzegovina,/asset/geneva-lake-ferdinand-hodler/lAEJDj0Uowxp0Q,https://lh3.googleusercontent.com/ci/AL18g_S-vEGU4fLofWpG1dSPBXvefxoma37yLfroJvcSryyxjPmFsl1NyWnRUC-TB8I0hjsFRO6xiaE=w128-h128-c,#e0d9b8,224,217,184,1.0579231,YELLOW,#FDD835,253,216,53,7
ngG7zhNJOzuXew.jpg,ngG7zhNJOzuXew,Melbourne,"Laurence William Wilson, 1815-1912",State Library Victoria,/asset/melbourne-laurence-william-wilson-1815-1912/ngG7zhNJOzuXew,https://lh3.googleusercontent.com/ci/AL18g_QcT-R5PhE8r2w4qd5zFpClJegULQ6EhZgpEQ5Mh3czGw8ZY9kdOm4u4hp3vtzYqHRIcek-wkU=w128-h128-c,#e0d9b8,224,217,184,3.099508,YELLOW,#FDD835,253,216,53,7
-gGIILC-SZ3xYw.jpg,-gGIILC-SZ3xYw,View of the De Drie Leliën Brewery at Haarlem and Velserend Manor,Jacob Adriaensz Matham,Frans Hals Museum,/asset/view-of-the-de-drie-leliën-brewery-at-haarlem-and-velserend-manor-jacob-adriaensz-matham/-gGIILC-SZ3xYw,https://lh3.googleusercontent.com/ci/AL18g_TWCQrk2p3x_QOsZYjm3WiUNihsGwRhm_cNAtv_eq1UKhSNPi8zorvVnm5QI3YKAFU0_JUapyM_=w128-h128-c,#e0d9b8,224,217,184,1.6073023,YELLOW,#FDD835,253,216,53,7
9AEw0ZP8-jFQ1g.jpg,9AEw0ZP8-jFQ1g,Girl with Braids,Unknown,Projeto Portinari,/asset/girl-with-braids/9AEw0ZP8-jFQ1g,https://lh3.googleusercontent.com/ci/AL18g_T8oqYJZFGNMCQNKzAyk2Q6JKX9dAtMH3IfjAB1Fstxf_G-8Tvb6I9J9CjedfCxTY5SC0Uv4so=w128-h128-c,#e0d9b8,224,217,184,0.82523537,YELLOW,#FDD835,253,216,53,7
RwEPeJKM6zwRgg.jpg,RwEPeJKM6zwRgg,Gelb-Rot-Blau (Yellow-Red-Blue),Vassily Kandinsky,Centre Pompidou,/asset/gelb-rot-blau-yellow-red-blue-vassily-kandinsky/RwEPeJKM6zwRgg,https://lh3.googleusercontent.com/ci/AL18g_TI9H7F18fFiNmgeUPnMfwT0tupf5YTZvSOMqCUIzTFn8XEWB9ivkfxVx8Bzgj26uew7KeHEjff=w128-h128-c,#e0d9b8,224,217,184,1.5533926,YELLOW,#FDD835,253,216,53,7
TAFa8vtoyKagYg.jpg,TAFa8vtoyKagYg,A Child Bomb-Victim Receiving Penicillin Treatment,"Gabain, Ethel Leontine",Imperial War Museums,/asset/a-child-bomb-victim-receiving-penicillin-treatment-gabain-ethel-leontine/TAFa8vtoyKagYg,https://lh3.googleusercontent.com/ci/AL18g_QzvZD-yatWKskXIG_Buo0uma2VGgHMMMVuN0ncbtkRz6UzfMyw9kzdt3bDjZUGJLVpmxTN0Q97=w128-h128-c,#e0d9b8,224,217,184,0.8379798,YELLOW,#FDD835,253,216,53,7
kgG4p8VdiOJf5g.jpg,kgG4p8VdiOJf5g,PH-71,Clyfford Still,Clyfford Still Museum,/asset/ph-71-clyfford-still/kgG4p8VdiOJf5g,https://lh3.googleusercontent.com/ci/AL18g_QQb9NgG1_TASPnWbOcwQjr-naQfS39nO9Qym7YSjIR9H8l0qxEpGX3Iv8lBCwTetPesZR0LzBW=w128-h128-c,#e0d8b8,224,216,184,0.84131736,YELLOW,#FDD835,253,216,53,7
GgFKjB6-mBLFzQ.jpg,GgFKjB6-mBLFzQ,Study for Homage to the Square: Still Remembered,Josef Albers,"Mart, Museum of modern and contemporary art of Trento and Rovereto",/asset/study-for-homage-to-the-square-still-remembered-josef-albers/GgFKjB6-mBLFzQ,https://lh3.googleusercontent.com/ci/AL18g_TeFAFBfcOmczfZN_zrUBlE4TqNmEO4dv6OidVMzNSH3BA53uK3dxlKI1EW2P3SM4tumumLhQ=w128-h128-c,#e0dbb8,224,219,184,1.008316,YELLOW,#FDD835,253,216,53,7
0gFns7JwNi_z2Q.jpg,0gFns7JwNi_z2Q,The Slav Epic - Cicle XVIII,Alphonse Mucha,Centro Cultural Banco do Brasil Rio de Janeiro,/asset/the-slav-epic-cicle-xviii-alphonse-mucha/0gFns7JwNi_z2Q,https://lh3.googleusercontent.com/ci/AL18g_TbZb_yTnltZsunB585eL41XoHwy4QuZ9QtGeix8yu_qrRcOKo-8CuGhr9LZP6bzeiTXDGcSf0=w128-h128-c,#e0d9b8,224,217,184,1.596401,YELLOW,#FDD835,253,216,53,7
NQE8RO0bl4aMfw.jpg,NQE8RO0bl4aMfw,Fields of Grain as Seen from Train,Arthur Garfield Dove,Buffalo AKG Art Museum,/asset/fields-of-grain-as-seen-from-train-arthur-garfield-dove/NQE8RO0bl4aMfw,https://lh3.googleusercontent.com/ci/AL18g_SBnZKiGgDjrznmNSkzj7dzGUral8Qmtyd43BCA2kCRnS2cGYwBT3lEqglyHyR3A6Q_eJLQb-4=w128-h128-c,#e0d9b8,224,217,184,1.4106325,YELLOW,#FDD835,253,216,53,7
VQH2KEuSnUMLEw.jpg,VQH2KEuSnUMLEw,Émilie,Henri de Toulouse-Lautrec,The Metropolitan Museum of Art,/asset/Émilie-henri-de-toulouse-lautrec/VQH2KEuSnUMLEw,https://lh3.googleusercontent.com/ci/AL18g_QbaBdqHI7s_h1O3c7OQxlI1pdS-5VPOIYBvPVQ8DfoP5kCyaroP6ZIwquVQQz0hgIbEG-w0SQ=w128-h128-c,#e0d9b8,224,217,184,0.7948099,YELLOW,#FDD835,253,216,53,7
owGYb4GmoxjfXw.jpg,owGYb4GmoxjfXw,"Buddha, the Conqueror. From the «Banners of the East» Series",Unknown,International Centre of the Roerichs,/asset/buddha-the-conqueror-from-the-«banners-of-the-east»-series/owGYb4GmoxjfXw,https://lh3.googleusercontent.com/ci/AL18g_RaAh0-SKGBJWaA-gn9mbN89ClewyjdPuNkHz7uvDaQwr8BR3AmgfjDaSowAU1F7wADgqXgf58=w128-h128-c,#e0d8b8,224,216,184,1.5703795,YELLOW,#FDD835,253,216,53,7
_QG4vDQiuBpoYg.jpg,_QG4vDQiuBpoYg,Alte Stadt II (Old Town II),Vassily Kandinsky,Centre Pompidou,/asset/alte-stadt-ii-old-town-ii-vassily-kandinsky/_QG4vDQiuBpoYg,https://lh3.googleusercontent.com/ci/AL18g_TZkrKz5jYT-lm5BA-wbWrTmJCS-9Ea1jE52GTaqNxpIV017jmWCRNtkpFFg7K6sNfhM3kN0XE=w128-h128-c,#e0d9b8,224,217,184,1.5084438,YELLOW,#FDD835,253,216,53,7
AwE57ncqrnZ5mA.jpg,AwE57ncqrnZ5mA,Gabbar on Gamboge,Atul Dodiya,Fukuoka Asian Art Museum,/asset/gabbar-on-gamboge-atul-dodiya/AwE57ncqrnZ5mA,https://lh3.googleusercontent.com/ci/AL18g_SZvF7nt1KR46vFUQU7zIHHOTPExUp9cVn39yB-Rm4AEz3FbfIx3dTIlt2JzL_mNJdX8FEEI79j=w128-h128-c,#e0d9b8,224,217,184,0.80267465,YELLOW,#FDD835,253,216,53,7
awFBflLbQtr1lw.jpg,awFBflLbQtr1lw,Woman in a Park,Auguste Renoir,"National Gallery of Art, Washington DC",/asset/woman-in-a-park-auguste-renoir/awFBflLbQtr1lw,https://lh3.googleusercontent.com/ci/AL18g_S7yYMBjpfZbWJgi20nvbe3JTC1KzFK6n_VOh4hAcASoqghh9mulDt7tmVxbJeWwqB2IvcVCYM=w128-h128-c,#e0d9b8,224,217,184,0.5852051,YELLOW,#FDD835,253,216,53,7
YQGWo-yS0xnB9w.jpg,YQGWo-yS0xnB9w,Exclusion,Pablo Suárez,MALBA – Museo de Arte Latinoamericano de Buenos Aires,/asset/exclusion-pablo-suárez/YQGWo-yS0xnB9w,https://lh3.googleusercontent.com/ci/AL18g_SB6AKQ9nuHB_oS2EAT2BQyDBvHfvo_aUiPSZIZou_PtIImHie-BD35hV6E40c6DvpXvZatxaur=w128-h128-c,#e0d9b8,224,217,184,1.0547246,YELLOW,#FDD835,253,216,53,7
YwHxhKcsqJJrIg.jpg,YwHxhKcsqJJrIg,Popcorn Shells,Chris Ofili,Arts Council Collection,/asset/popcorn-shells-chris-ofili/YwHxhKcsqJJrIg,https://lh3.googleusercontent.com/ci/AL18g_SgcfyOTc66ud6v_JzvDB0TTW1BiRMvgnBc5MadtvuNv5oQ7sQs53I7Xu1ogCKLAU6Z91AwWQ=w128-h128-c,#e0d9b8,224,217,184,0.636,YELLOW,#FDD835,253,216,53,7
UgFiE4PwnSncGA.jpg,UgFiE4PwnSncGA,Tables IV,Tetsis Panayiotis,National Gallery of Greece - Alexandros Soutsos Museum,/asset/tables-iv-tetsis-panayiotis/UgFiE4PwnSncGA,https://lh3.googleusercontent.com/ci/AL18g_SeBEMBQJsLTn9MwFqq-dutarCO3ye3uhL1BGqcradojFGpDTmQ_dP3m5w2yTnvTLJaLN--BaA=w128-h128-c,#e0d9b8,224,217,184,1.0253054,YELLOW,#FDD835,253,216,53,7
ZgGYBP1Qf74NMA.jpg,ZgGYBP1Qf74NMA,"John Paul Jones (1741-1792) by Charles Wilson Peale, from life, c. 1781-1784","PEALE, CHARLES WILLSON","Independence National Historical Park, National Park Service",/asset/john-paul-jones-1741-1792-by-charles-wilson-peale-from-life-c-1781-1784-peale-charles-willson/ZgGYBP1Qf74NMA,https://lh3.googleusercontent.com/ci/AL18g_Q_RLyHHL4KA5N7RzqNRkYgrlo0SbYjoSL7KOpiF9n-Wz-cNcJo-ewHkTZO6d2LDEAqX6mIsRE=w128-h128-c,#e0d9b8,224,217,184,0.8510818,YELLOW,#FDD835,253,216,53,7
iAF5jZaGZS5yyw.jpg,iAF5jZaGZS5yyw,Wool Making,"Molijn, Pieter de",Rijksmuseum,/asset/wool-making-molijn-pieter-de/iAF5jZaGZS5yyw,https://lh3.googleusercontent.com/ci/AL18g_Spsy69EF0VN1wmbBtwvIIYgIqwlXgtDWUW2wEuKJFFazw3rOpk4hY1p3s79zDspHZsGdQbkA=w128-h128-c,#e0d9b8,224,217,184,1.7261184,YELLOW,#FDD835,253,216,53,7
mwHal2Bt2N5f8g.jpg,mwHal2Bt2N5f8g,Powley: Young Man Hoeing Corn,Grace Hudson,Los Angeles County Museum of Art,/asset/powley-young-man-hoeing-corn-grace-hudson/mwHal2Bt2N5f8g,https://lh3.googleusercontent.com/ci/AL18g_T6a2umTyTkreKdWNtKiLViF4obfXQEK6TYJ12eBDWiZtYG9UR7IiyhjbMncml3QI4aqK4nj1Y=w128-h128-c,#e0d9b8,224,217,184,0.57243246,YELLOW,#FDD835,253,216,53,7
FgE4x5YdBkSrNA.jpg,FgE4x5YdBkSrNA,"Grand Canal, Venice",Thomas Moran,Oklahoma City Museum of Art,/asset/grand-canal-venice-thomas-moran/FgE4x5YdBkSrNA,https://lh3.googleusercontent.com/ci/AL18g_TWCW6nKlX-7BFwYbEo6ceoRgMZ99jI8R28K76GVHkDRHjLxZoCrjX-0aK113MfRraOBSottxs=w128-h128-c,#e0d9b8,224,217,184,1.4278556,YELLOW,#FDD835,253,216,53,7
ZQGVhJQK078b_g.jpg,ZQGVhJQK078b_g,Mamie Doud Eisenhower,Thomas E. Stephens,"Eisenhower National Historic Site, National Park Service",/asset/mamie-doud-eisenhower-thomas-e-stephens/ZQGVhJQK078b_g,https://lh3.googleusercontent.com/ci/AL18g_Ql78Q4TCfg8umPYVFvaZgy_8pakJ2FKWQ8EdXhW6SNK0nriK_9gL_DGEDInLbw2_m2SJhB3Q=w128-h128-c,#e0d9b8,224,217,184,0.8208579,YELLOW,#FDD835,253,216,53,7
WQF2SkcSbpS7rw.jpg,WQF2SkcSbpS7rw,Amphion,Elie Delaunay,Opéra national de Paris,/asset/amphion-elie-delaunay/WQF2SkcSbpS7rw,https://lh3.googleusercontent.com/ci/AL18g_T0FXlTzF9CVOpRh5tIw-aJ91zwVd-fK4XU91ODCpJOGz6Cq6RE-UlY98GCYnboAPyBZj1yyOI=w128-h128-c,#e0d9b8,224,217,184,1.4837905,YELLOW,#FDD835,253,216,53,7
2wFljrKhtQRUuw.jpg,2wFljrKhtQRUuw,La Ville de Paris recevant le plan du nouvel opéra,Unknown,Opéra national de Paris,/asset/la-ville-de-paris-recevant-le-plan-du-nouvel-opéra/2wFljrKhtQRUuw,https://lh3.googleusercontent.com/ci/AL18g_TsSZg2VjhSPagmenqQirATcPQwu5htyBfwV7_JR_MTQ2PVuFtxg3Km7umYW1flWrQbZcW6--8=w128-h128-c,#e0d9b8,224,217,184,1.4837134,YELLOW,#FDD835,253,216,53,7
TQG7Gcmvg3JKjw.jpg,TQG7Gcmvg3JKjw,Eva Holding a Miniature Amulet of Michael,Julian Schnabel,UCCA Center for Contemporary Art,/asset/eva-holding-a-miniature-amulet-of-michael-julian-schnabel/TQG7Gcmvg3JKjw,https://lh3.googleusercontent.com/ci/AL18g_ROZKOJwQF5Jw9agc6HmnSU6QNq1qHgArwn7o6YZeuo1Lo8PvsSBhffHcFbv5Jkuas4VTpDmrxa=w128-h128-c,#e0d9b8,224,217,184,0.8,YELLOW,#FDD835,253,216,53,7
dQHXFAOQ-YvkwA.jpg,dQHXFAOQ-YvkwA,Snow is falling,Ivan Generalic,"Koprivnica Town Museum - Gallery of Naive Art, Hlebine",/asset/snow-is-falling-ivan-generalic/dQHXFAOQ-YvkwA,https://lh3.googleusercontent.com/ci/AL18g_QMyHYMG57j2k2_9fIEd1Ez1wQvC-Q_0OmIjbN7QQpBK9GtzLNFb7ovw6Qr-u4V4YcuAwz77Ffj=w128-h128-c,#e0d9b8,224,217,184,1.8417367,YELLOW,#FDD835,253,216,53,7
QQGXekFO1ygKdw.jpg,QQGXekFO1ygKdw,Mahananda,Ravi Varma Press,Raja Ravi Varma Heritage Foundation,/asset/mahananda-ravi-varma-press/QQGXekFO1ygKdw,https://lh3.googleusercontent.com/ci/AL18g_RETUqiQsDzbHko27lG2jLXDFxuYtsWsQIIkVLJgzQixF7CnehsrdxBoN3Td8noEIFKH4mMfw=w128-h128-c,#e0d9b8,224,217,184,0.7123769,YELLOW,#FDD835,253,216,53,7
